Fecha de Entrega,Considera,Vehicle Key/Placa,Customer Account # / Cliente,Customer Name/Solic,Customer Name2,RUTA VENTA,#Pedido/Doc comer,Item ID,Item Description,Kilos/Pedido,Quantity/Valorizaci??n,Asignacion,Telefono,City,Address,Latitude,Longitude
07/02/2026,0752-CHORRILLOS,AAR-934,6247257,SUPERMERCADOS PERUANOS S.A.,SPSA MAKRO CALLAO,725,3025062905,58936,FUNDIDO SABOR CHEDDAR 2.27KG MILKUNZ,2.27,64.54,MAMANI ESPETIA JAVIER DANIEL,,CALLAO,AV ELMER FAUCETT 365 URB COLONIAL,-12.05057,-77.09901
07/02/2026,0752-CHORRILLOS,AAR-934,6247257,SUPERMERCADOS PERUANOS S.A.,SPSA MAKRO CALLAO,725,3025062906,58938,PACK CHORIZOS COCKTAIL GOURMET 370G OK,2.96,92.96,MAMANI ESPETIA JAVIER DANIEL,,CALLAO,AV ELMER FAUCETT 365 URB COLONIAL,-12.05057,-77.09901
07/02/2026,0752-CHORRILLOS,AAR-934,6247257,SUPERMERCADOS PERUANOS S.A.,SPSA MAKRO CALLAO,725,3025065953,59060,VIENESA 12CM PQ 5UN 175GR OK,1.05,20.67,MAMANI ESPETIA JAVIER DANIEL,,CALLAO,AV ELMER FAUCETT 365 URB COLONIAL,-12.05057,-77.09901
07/02/2026,0752-CHORRILLOS,AAR-934,6247257,SUPERMERCADOS PERUANOS S.A.,SPSA MAKRO CALLAO,725,3025074217,60214,SALCHICHA DEL NORTE 150G OK,2.25,65.25,MAMANI ESPETIA JAVIER DANIEL,,CALLAO,AV ELMER FAUCETT 365 URB COLONIAL,-12.05057,-77.09901
07/02/2026,0752-CHORRILLOS,AAR-934,6247257,SUPERMERCADOS PERUANOS S.A.,SPSA MAKRO CALLAO,725,3025074217,60216,SUPER TOCINO AHUMADO SEGO 500GR,15,354,MAMANI ESPETIA JAVIER DANIEL,,CALLAO,AV ELMER FAUCETT 365 URB COLONIAL,-12.05057,-77.09901
07/02/2026,0752-CHORRILLOS,AAR-934,6247257,SUPERMERCADOS PERUANOS S.A.,SPSA MAKRO CALLAO,725,3025074217,60218,JAMON PIZZA PQ 500GR 25LJ OK,6,120.6,MAMANI ESPETIA JAVIER DANIEL,,CALLAO,AV ELMER FAUCETT 365 URB COLONIAL,-12.05057,-77.09901
07/02/2026,0752-CHORRILLOS,AAR-934,6247257,SUPERMERCADOS PERUANOS S.A.,SPSA MAKRO CALLAO,725,3025074217,60220,CHULETA AHUM PQ 3UN 0.30KG SEGO,3,87,MAMANI ESPETIA JAVIER DANIEL,,CALLAO,AV ELMER FAUCETT 365 URB COLONIAL,-12.05057,-77.09901
07/02/2026,0752-CHORRILLOS,AAR-934,6247257,SUPERMERCADOS PERUANOS S.A.,SPSA MAKRO CALLAO,725,3025074217,60222,JAMON AMERICANO PQ 0.5KG SEGO,5,81.24,MAMANI ESPETIA JAVIER DANIEL,,CALLAO,AV ELMER FAUCETT 365 URB COLONIAL,-12.05057,-77.09901
07/02/2026,0752-CHORRILLOS,AAR-934,6247257,SUPERMERCADOS PERUANOS S.A.,SPSA MAKRO CALLAO,725,3025074217,60224,JAMON REDONDO AHUMADO PQ 0.5KG SEGO,8,175.52,MAMANI ESPETIA JAVIER DANIEL,,CALLAO,AV ELMER FAUCETT 365 URB COLONIAL,-12.05057,-77.09901
07/02/2026,0752-CHORRILLOS,AAR-934,6247257,SUPERMERCADOS PERUANOS S.A.,SPSA MAKRO CALLAO,725,3025074217,60226,HOT DOG SALCHIP ROSA PQ 24U SEGO,9.2,78.2,MAMANI ESPETIA JAVIER DANIEL,,CALLAO,AV ELMER FAUCETT 365 URB COLONIAL,-12.05057,-77.09901
07/02/2026,0752-CHORRILLOS,AAR-934,6247257,SUPERMERCADOS PERUANOS S.A.,SPSA MAKRO CALLAO,725,3025074217,60228,SALCH HUACHO UN 0.25KG SEGO,6,99.46,MAMANI ESPETIA JAVIER DANIEL,,CALLAO,AV ELMER FAUCETT 365 URB COLONIAL,-12.05057,-77.09901
07/02/2026,0752-CHORRILLOS,AAR-934,6247257,SUPERMERCADOS PERUANOS S.A.,SPSA MAKRO CALLAO,725,3025074224,60246,CHORIZO PRECOCIDO 1.5KG SEGO,3,54.1,MAMANI ESPETIA JAVIER DANIEL,,CALLAO,AV ELMER FAUCETT 365 URB COLONIAL,-12.05057,-77.09901
07/02/2026,0752-CHORRILLOS,AAR-934,6247257,SUPERMERCADOS PERUANOS S.A.,SPSA MAKRO CALLAO,725,3025074229,60252,MTO CHORIZO FINAS HIERBAS PQ 400GR OK,3.2,100.64,MAMANI ESPETIA JAVIER DANIEL,,CALLAO,AV ELMER FAUCETT 365 URB COLONIAL,-12.05057,-77.09901
07/02/2026,0752-CHORRILLOS,AAR-934,6247257,SUPERMERCADOS PERUANOS S.A.,SPSA MAKRO CALLAO,725,3025074229,60254,CHORIZO CAMPESTRE PQ 4UN 400GR OK,6.4,214.75,MAMANI ESPETIA JAVIER DANIEL,,CALLAO,AV ELMER FAUCETT 365 URB COLONIAL,-12.05057,-77.09901
07/02/2026,0752-CHORRILLOS,AAR-934,6247652,SUPERMERCADOS PERUANOS S.A.,SPSA MAKRO VENEZUELA,725,3025062904,58932,CHORIZO PARRILLERO PQ 4UN 400GR OK,4.8,138.72,MAMANI ESPETIA JAVIER DANIEL,,LIMA,JR. DEL MAR Y BERNEDO S/N LT A.,-12.06194,-77.05983
07/02/2026,0752-CHORRILLOS,AAR-934,6247652,SUPERMERCADOS PERUANOS S.A.,SPSA MAKRO VENEZUELA,725,3025062904,58934,RELLENO UN 0.5KG SEGO,4,79.76,MAMANI ESPETIA JAVIER DANIEL,,LIMA,JR. DEL MAR Y BERNEDO S/N LT A.,-12.06194,-77.05983
07/02/2026,0752-CHORRILLOS,AAR-934,6247652,SUPERMERCADOS PERUANOS S.A.,SPSA MAKRO VENEZUELA,725,3025062907,58940,CHORIZO PRECOCIDO 1.5KG SEGO,30,541,MAMANI ESPETIA JAVIER DANIEL,,LIMA,JR. DEL MAR Y BERNEDO S/N LT A.,-12.06194,-77.05983
07/02/2026,0752-CHORRILLOS,AAR-934,6247652,SUPERMERCADOS PERUANOS S.A.,SPSA MAKRO VENEZUELA,725,3025074212,60184,JAMONADA DE POLLO 500G SEGO,4,54.96,MAMANI ESPETIA JAVIER DANIEL,,LIMA,JR. DEL MAR Y BERNEDO S/N LT A.,-12.06194,-77.05983
07/02/2026,0752-CHORRILLOS,AAR-934,6247652,SUPERMERCADOS PERUANOS S.A.,SPSA MAKRO VENEZUELA,725,3025074212,60186,TOCINO AHUMADO 150GR OK,2.25,125.25,MAMANI ESPETIA JAVIER DANIEL,,LIMA,JR. DEL MAR Y BERNEDO S/N LT A.,-12.06194,-77.05983
07/02/2026,0752-CHORRILLOS,AAR-934,6247652,SUPERMERCADOS PERUANOS S.A.,SPSA MAKRO VENEZUELA,725,3025074212,60188,SALCHICHA DEL NORTE 150G OK,4.5,130.5,MAMANI ESPETIA JAVIER DANIEL,,LIMA,JR. DEL MAR Y BERNEDO S/N LT A.,-12.06194,-77.05983
07/02/2026,0752-CHORRILLOS,AAR-934,6247652,SUPERMERCADOS PERUANOS S.A.,SPSA MAKRO VENEZUELA,725,3025074212,60190,SUPER TOCINO AHUMADO SEGO 500GR,15,354,MAMANI ESPETIA JAVIER DANIEL,,LIMA,JR. DEL MAR Y BERNEDO S/N LT A.,-12.06194,-77.05983
07/02/2026,0752-CHORRILLOS,AAR-934,6247652,SUPERMERCADOS PERUANOS S.A.,SPSA MAKRO VENEZUELA,725,3025074212,60192,JAMON INGLES PQ 200GR 8LJ OK,2,92.6,MAMANI ESPETIA JAVIER DANIEL,,LIMA,JR. DEL MAR Y BERNEDO S/N LT A.,-12.06194,-77.05983
07/02/2026,0752-CHORRILLOS,AAR-934,6247652,SUPERMERCADOS PERUANOS S.A.,SPSA MAKRO VENEZUELA,725,3025074212,60194,JAMON PIZZA PQ 500GR 25LJ OK,6,120.6,MAMANI ESPETIA JAVIER DANIEL,,LIMA,JR. DEL MAR Y BERNEDO S/N LT A.,-12.06194,-77.05983
07/02/2026,0752-CHORRILLOS,AAR-934,6247652,SUPERMERCADOS PERUANOS S.A.,SPSA MAKRO VENEZUELA,725,3025074212,60196,SALCH VIENESA ESP PQ 10UN 500GR OK,6,106.32,MAMANI ESPETIA JAVIER DANIEL,,LIMA,JR. DEL MAR Y BERNEDO S/N LT A.,-12.06194,-77.05983
07/02/2026,0752-CHORRILLOS,AAR-934,6247652,SUPERMERCADOS PERUANOS S.A.,SPSA MAKRO VENEZUELA,725,3025074212,60198,SALCH VIENESA GOUR PQ 6UN 500GR OK,4,91.36,MAMANI ESPETIA JAVIER DANIEL,,LIMA,JR. DEL MAR Y BERNEDO S/N LT A.,-12.06194,-77.05983
07/02/2026,0752-CHORRILLOS,AAR-934,6247652,SUPERMERCADOS PERUANOS S.A.,SPSA MAKRO VENEZUELA,725,3025074212,60200,PACK VIENESA ESP 500G Y 250G 750GR OK,24,372.48,MAMANI ESPETIA JAVIER DANIEL,,LIMA,JR. DEL MAR Y BERNEDO S/N LT A.,-12.06194,-77.05983
07/02/2026,0752-CHORRILLOS,AAR-934,6247652,SUPERMERCADOS PERUANOS S.A.,SPSA MAKRO VENEZUELA,725,3025074212,60202,TOCINO CUL PQ 500GR 20GR 25LJ OK,15,555.9,MAMANI ESPETIA JAVIER DANIEL,,LIMA,JR. DEL MAR Y BERNEDO S/N LT A.,-12.06194,-77.05983
07/02/2026,0752-CHORRILLOS,AAR-934,6247652,SUPERMERCADOS PERUANOS S.A.,SPSA MAKRO VENEZUELA,725,3025074212,60204,JAMON AMERICANO PQ 0.5KG SEGO,5,81.24,MAMANI ESPETIA JAVIER DANIEL,,LIMA,JR. DEL MAR Y BERNEDO S/N LT A.,-12.06194,-77.05983
07/02/2026,0752-CHORRILLOS,AAR-934,6247652,SUPERMERCADOS PERUANOS S.A.,SPSA MAKRO VENEZUELA,725,3025074212,60206,SALCH HUACHO UN 0.25KG SEGO,3,49.73,MAMANI ESPETIA JAVIER DANIEL,,LIMA,JR. DEL MAR Y BERNEDO S/N LT A.,-12.06194,-77.05983
07/02/2026,0752-CHORRILLOS,AAR-934,6247652,SUPERMERCADOS PERUANOS S.A.,SPSA MAKRO VENEZUELA,725,3025074213,60208,HAMBURG DE RES PQ 8UN 85GR OK,21.76,523.2,MAMANI ESPETIA JAVIER DANIEL,,LIMA,JR. DEL MAR Y BERNEDO S/N LT A.,-12.06194,-77.05983
07/02/2026,0752-CHORRILLOS,AAR-934,6247652,SUPERMERCADOS PERUANOS S.A.,SPSA MAKRO VENEZUELA,725,3025074214,60210,PACK CHORIZOS COCKTAIL GOURMET 370G OK,5.92,185.92,MAMANI ESPETIA JAVIER DANIEL,,LIMA,JR. DEL MAR Y BERNEDO S/N LT A.,-12.06194,-77.05983
07/02/2026,0752-CHORRILLOS,ABM-858,11599556,NEWREST PERU SAC,NRINCAK E,714,3024883803,57212,PCH POL SH SP BR 2U CG CJ 15KG AP PERDIX,45,587.25,YATACO VALENZUELA ROBERT,,SAN JUAN DE LURIGANCHO,AV CAJAMARQUILLA 1241 URB ZARATE (INCA KOLA),-12.02191,-76.99281
07/02/2026,0752-CHORRILLOS,ABM-858,11599556,NEWREST PERU SAC,NRINCAK E,714,3024883803,57214,HOT DOG 2001 CONG PQT 20U 1KG BF,5,46.37,YATACO VALENZUELA ROBERT,,SAN JUAN DE LURIGANCHO,AV CAJAMARQUILLA 1241 URB ZARATE (INCA KOLA),-12.02191,-76.99281
07/02/2026,0752-CHORRILLOS,ABM-858,11599556,NEWREST PERU SAC,NRINCAK E,714,3024883803,57216,JAMON LONCHERA CG PQ 0.5KG SEGO,4,46.31,YATACO VALENZUELA ROBERT,,SAN JUAN DE LURIGANCHO,AV CAJAMARQUILLA 1241 URB ZARATE (INCA KOLA),-12.02191,-76.99281
07/02/2026,0752-CHORRILLOS,ABM-858,11741372,APUDEX SAC,APUDEX,720,3025055617,58380,CARNE MOLIDA ESTANDAR 1.0 KG SEGO,32,469.12,YATACO VALENZUELA ROBERT,,EL AGUSTINO,AV NICOLAS AYLLON 2625,-12.0604,-76.9788
07/02/2026,0752-CHORRILLOS,ABM-858,11685223,WHITE ROLLING PIN SRL,,719,3025066279,59388,TOCINO AHUMADO 100GR OK,4.9,267.05,YATACO VALENZUELA ROBERT,,SAN LUIS,AV MARISCAL ELOY URETA 106,-12.06688,-76.99289
07/02/2026,0752-CHORRILLOS,ABM-858,11746042,MANQA INVERSIONES SAC,PICKADELI,71A,3025091651,62090,PECH POLLO SH SP LP BR CG 15KG AP AURORA,300,3629.98,YATACO VALENZUELA ROBERT,,SAN LUIS,AV CIRCUNVALACION MZA M LT 12 INT 1,-12.07172,-76.99309
07/02/2026,0752-CHORRILLOS,ABM-858,11746042,MANQA INVERSIONES SAC,PICKADELI,71A,3025091651,62092,PIERNA SH SP BR CG CJ 18 A 28KG AP MT,50,710,YATACO VALENZUELA ROBERT,,SAN LUIS,AV CIRCUNVALACION MZA M LT 12 INT 1,-12.07172,-76.99309
07/02/2026,0752-CHORRILLOS,ADT-907,11734903,FRIGORIFICO SANTA ESPERANZA SA,,711,3025026269,57788,ENTRANA FIN HIG CHO AG USA CG PZA4KG BC,100,7999.95,ZAMBRANO CASTRO NICOLAS,,LOS OLIVOS,MZ D LT 7 ASC VIRGEN DEL SOL,-11.98493,-77.07675
07/02/2026,0752-CHORRILLOS,ADT-907,11734903,FRIGORIFICO SANTA ESPERANZA SA,,711,3025026269,57790,ASADO TIRA CHO USA 1.3KG AP OK,150.8,4901.01,ZAMBRANO CASTRO NICOLAS,,LOS OLIVOS,MZ D LT 7 ASC VIRGEN DEL SOL,-11.98493,-77.07675
07/02/2026,0752-CHORRILLOS,ADT-907,11734903,FRIGORIFICO SANTA ESPERANZA SA,,711,3025026269,57792,BIFE ANGOS CONG 2U BLS 500G AP SEGO,50,2050,ZAMBRANO CASTRO NICOLAS,,LOS OLIVOS,MZ D LT 7 ASC VIRGEN DEL SOL,-11.98493,-77.07675
07/02/2026,0752-CHORRILLOS,ADT-907,11759244,TKH CORP EIRL,#N/A,,3025064385,59012,MANTEQUILLA CON SAL 1KG AP SIGMA FS,1,31.84,ZAMBRANO CASTRO NICOLAS,,#N/A,#N/A,-11.97725,-77.08146
07/02/2026,0752-CHORRILLOS,ADT-907,11759244,TKH CORP EIRL,#N/A,,3025064385,59014,FRANKFURTER COCT 250GR BDT,0.25,7.69,ZAMBRANO CASTRO NICOLAS,,#N/A,#N/A,-11.97725,-77.08146
07/02/2026,0752-CHORRILLOS,ADT-907,11759244,TKH CORP EIRL,#N/A,,3025064385,59016,FRANK AHUM CUL 15CM PQ 20UN 1KG OK,3,59.16,ZAMBRANO CASTRO NICOLAS,,#N/A,#N/A,-11.97725,-77.08146
07/02/2026,0752-CHORRILLOS,ADT-907,11759244,TKH CORP EIRL,#N/A,,3025064385,59018,PANCETA SH SP CG PZA 4.0 A 6KG OK,5,153.25,ZAMBRANO CASTRO NICOLAS,,#N/A,#N/A,-11.97725,-77.08146
07/02/2026,0752-CHORRILLOS,ADT-907,11759244,TKH CORP EIRL,#N/A,,3025064385,59020,TOCINO AHUMADO 100GR SEGO,0.3,11.73,ZAMBRANO CASTRO NICOLAS,,#N/A,#N/A,-11.97725,-77.08146
07/02/2026,0752-CHORRILLOS,ADT-907,11673588,INVERSIONES SATRI EIRL,EL GRAN MOLINO,719,3025065418,59044,QUESO EDAM GAST 0.5KG BRAEDT A,0.5,19.8,ZAMBRANO CASTRO NICOLAS,,LOS OLIVOS,AV VENUS 7204 URB EL TREBOL ET DOS,-12.0025,-77.06634
07/02/2026,0752-CHORRILLOS,ADT-907,11712763,INVERSIONES PALCARI EIRL,DJULIA,719,3025085584,61748,PACK JAMON Y QUESO 370GR BDT,1.85,58.05,ZAMBRANO CASTRO NICOLAS,,LOS OLIVOS,AV. CARLOS ALBERTO IZAGUIRRE  948,-11.99113,-77.0728
07/02/2026,0752-CHORRILLOS,ADT-907,11712763,INVERSIONES PALCARI EIRL,DJULIA,719,3025085584,61750,JAMON YORK PZ 3.5KG OK,3.5,180.1,ZAMBRANO CASTRO NICOLAS,,LOS OLIVOS,AV. CARLOS ALBERTO IZAGUIRRE  948,-11.99113,-77.0728
07/02/2026,0752-CHORRILLOS,ADT-907,11712763,INVERSIONES PALCARI EIRL,DJULIA,719,3025085584,61752,JAMONADA ESPECIAL PZ 3KG OK,6,154.82,ZAMBRANO CASTRO NICOLAS,,LOS OLIVOS,AV. CARLOS ALBERTO IZAGUIRRE  948,-11.99113,-77.0728
07/02/2026,0752-CHORRILLOS,ADT-907,11712763,INVERSIONES PALCARI EIRL,DJULIA,719,3025085584,61754,JAMONADA DE POLLO PZ 3KG OK,3,79.39,ZAMBRANO CASTRO NICOLAS,,LOS OLIVOS,AV. CARLOS ALBERTO IZAGUIRRE  948,-11.99113,-77.0728
07/02/2026,0752-CHORRILLOS,ADT-907,11712763,INVERSIONES PALCARI EIRL,DJULIA,719,3025085584,61756,MORTADELA ESPECIAL PZ 2.9KG OK,2.9,54.59,ZAMBRANO CASTRO NICOLAS,,LOS OLIVOS,AV. CARLOS ALBERTO IZAGUIRRE  948,-11.99113,-77.0728
07/02/2026,0752-CHORRILLOS,ADT-907,11712763,INVERSIONES PALCARI EIRL,DJULIA,719,3025085584,61758,VIENESA 12CM PQ 5UN 175GR OK,1.05,23.04,ZAMBRANO CASTRO NICOLAS,,LOS OLIVOS,AV. CARLOS ALBERTO IZAGUIRRE  948,-11.99113,-77.0728
07/02/2026,0752-CHORRILLOS,ADT-907,11712763,INVERSIONES PALCARI EIRL,DJULIA,719,3025085584,61760,SALCHICHA DEL NORTE BLS 2KG 100GR OK,4,123.2,ZAMBRANO CASTRO NICOLAS,,LOS OLIVOS,AV. CARLOS ALBERTO IZAGUIRRE  948,-11.99113,-77.0728
07/02/2026,0752-CHORRILLOS,ADT-907,11712763,INVERSIONES PALCARI EIRL,DJULIA,719,3025085584,61762,CHICHARRON DE PRENSA PZ 2.2 A 2.6KG OK,2.6,67.81,ZAMBRANO CASTRO NICOLAS,,LOS OLIVOS,AV. CARLOS ALBERTO IZAGUIRRE  948,-11.99113,-77.0728
07/02/2026,0752-CHORRILLOS,ADT-907,11673589,INVERSIONES D JULIA EIRL,DJULIA,719,3025089396,62050,QUESO CREMA  1.9KG PHILADELPHIA,1.9,0,ZAMBRANO CASTRO NICOLAS,,LOS OLIVOS,AV SANTIAGO ANTUNEZ DE MAYOLO 1227,-11.9953,-77.0777
07/02/2026,0752-CHORRILLOS,ADT-907,11673589,INVERSIONES D JULIA EIRL,DJULIA,719,3025097356,62544,TOCINO CUL CG PQ 500GR 25LJ OK,10,446.6,ZAMBRANO CASTRO NICOLAS,,LOS OLIVOS,AV SANTIAGO ANTUNEZ DE MAYOLO 1227,-11.9953,-77.0777
07/02/2026,0752-CHORRILLOS,ADT-907,11673589,INVERSIONES D JULIA EIRL,DJULIA,719,3025104010,62930,JAMON PIZZA 3.4 - 3.5 KG OK,3.45,82.11,ZAMBRANO CASTRO NICOLAS,,LOS OLIVOS,AV SANTIAGO ANTUNEZ DE MAYOLO 1227,-11.9953,-77.0777
07/02/2026,0752-CHORRILLOS,ADT-907,11673589,INVERSIONES D JULIA EIRL,DJULIA,719,3025104010,62932,JAMON DE PAVO PZ 5KG OK,5,246.22,ZAMBRANO CASTRO NICOLAS,,LOS OLIVOS,AV SANTIAGO ANTUNEZ DE MAYOLO 1227,-11.9953,-77.0777
07/02/2026,0752-CHORRILLOS,ADT-907,11673589,INVERSIONES D JULIA EIRL,DJULIA,719,3025104010,62934,SALCH VIENESA ESP PQ 10UN 500GR OK,1,21.08,ZAMBRANO CASTRO NICOLAS,,LOS OLIVOS,AV SANTIAGO ANTUNEZ DE MAYOLO 1227,-11.9953,-77.0777
07/02/2026,0752-CHORRILLOS,ADT-907,11673589,INVERSIONES D JULIA EIRL,DJULIA,719,3025104010,62936,SALCHICHA DEL NORTE BLS 2KG 100GR OK,2,61.6,ZAMBRANO CASTRO NICOLAS,,LOS OLIVOS,AV SANTIAGO ANTUNEZ DE MAYOLO 1227,-11.9953,-77.0777
07/02/2026,0752-CHORRILLOS,ADT-907,11627037,UMAMI SAC,UMAMI E,720,3025092961,62112,PANCETA CH CP CG PZA 5.5 A 7KG OK,25.2,573.8,ZAMBRANO CASTRO NICOLAS,,LOS OLIVOS,EL NARANJAL 1447,-11.9771,-77.0823
07/02/2026,0752-CHORRILLOS,ADT-907,11743327,CUEVA FERNANDEZ F RANKLIN ELIS,,708,3024855284,57172,COLITA CUAD CHO AG USA CG 6.5KG AP MT,52,2643.68,ZAMBRANO CASTRO NICOLAS,,PUENTE PIEDRA,CA 9 DE JUNIO 167,-11.86723,-77.07761
07/02/2026,0752-CHORRILLOS,ADT-907,11597047,CINEPLEX SA,PRO,714,3025001701,57628,VIENESA 1001 20CM CONG PQT 18U 1.8KG BF,36,457.92,ZAMBRANO CASTRO NICOLAS,,COMAS,AV ALFREDO MENDIOLA 7026-7038-7042,-11.94088,-77.07081
07/02/2026,0752-CHORRILLOS,ADT-907,11604331,INVERSIONES HOUSE CHICKEN SAC,RKY UNIPLAZA E,713,3025096156,62428,MANTEQUILLA CON SAL 1KG AP SIGMA FS,1,31.84,ZAMBRANO CASTRO NICOLAS,,INDEPENDENCIA,AV ALFREDO MENDIOLA 7042 INT R-01 (FNDO SNTA LUZMILA),-11.93977,-77.07095
07/02/2026,0752-CHORRILLOS,ADT-907,11604331,INVERSIONES HOUSE CHICKEN SAC,RKY UNIPLAZA E,713,3025096156,62430,FRANKFURTER COCT 250GR BDT,0.75,23.07,ZAMBRANO CASTRO NICOLAS,,INDEPENDENCIA,AV ALFREDO MENDIOLA 7042 INT R-01 (FNDO SNTA LUZMILA),-11.93977,-77.07095
07/02/2026,0752-CHORRILLOS,ADT-907,11604331,INVERSIONES HOUSE CHICKEN SAC,RKY UNIPLAZA E,713,3025096156,62432,FUNDIDO SABOR CHEDDAR 2.27KG MILKUNZ,2.27,69.79,ZAMBRANO CASTRO NICOLAS,,INDEPENDENCIA,AV ALFREDO MENDIOLA 7042 INT R-01 (FNDO SNTA LUZMILA),-11.93977,-77.07095
07/02/2026,0752-CHORRILLOS,ADT-907,11604331,INVERSIONES HOUSE CHICKEN SAC,RKY UNIPLAZA E,713,3025096156,62434,FRANK AHUM CUL 15CM PQ 20UN 1KG OK,5,98.6,ZAMBRANO CASTRO NICOLAS,,INDEPENDENCIA,AV ALFREDO MENDIOLA 7042 INT R-01 (FNDO SNTA LUZMILA),-11.93977,-77.07095
07/02/2026,0752-CHORRILLOS,ADT-907,11759598,ARISTOGALLUS SRL,#N/A,,3025096619,62508,COSTILLA BB BACK CG CJ 10 KG AP MT,10,360.5,ZAMBRANO CASTRO NICOLAS,,#N/A,#N/A,-11.88544,-77.03469
07/02/2026,0752-CHORRILLOS,ADT-907,11759598,ARISTOGALLUS SRL,#N/A,,3025096619,62510,CORAZON CUADR CHO AG USA CG 3.5 KG AP MT,10,495,ZAMBRANO CASTRO NICOLAS,,#N/A,#N/A,-11.88544,-77.03469
07/02/2026,0752-CHORRILLOS,ADT-907,11759598,ARISTOGALLUS SRL,#N/A,,3025096619,62512,CHULETA BARCA 300G CG BL 10UNX3KG OK,6,125.76,ZAMBRANO CASTRO NICOLAS,,#N/A,#N/A,-11.88544,-77.03469
07/02/2026,0752-CHORRILLOS,AHW-945,11729993,COESTI SA,LISTO ICPNA SURCO,714,3025068493,59622,CHORIZO AHUMADO 400GR BDT,2,53.6,VASQUEZ CANEVARO MARLON,,SANTIAGO DE SURCO,CA DOMINGO TRISTAN Y MOSCOSO MZ A2-,-12.15251,-76.9881
07/02/2026,0752-CHORRILLOS,AHW-945,11729993,COESTI SA,LISTO ICPNA SURCO,714,3025068493,59624,FRANKFURTER BRASA 1KG BDT,2,36,VASQUEZ CANEVARO MARLON,,SANTIAGO DE SURCO,CA DOMINGO TRISTAN Y MOSCOSO MZ A2-,-12.15251,-76.9881
07/02/2026,0752-CHORRILLOS,AHW-945,11729993,COESTI SA,LISTO ICPNA SURCO,714,3025068493,59626,CHORIZO SABOR CHIMICHURRI 400G BRAEDT,1.2,29.16,VASQUEZ CANEVARO MARLON,,SANTIAGO DE SURCO,CA DOMINGO TRISTAN Y MOSCOSO MZ A2-,-12.15251,-76.9881
07/02/2026,0752-CHORRILLOS,AHW-945,11729993,COESTI SA,LISTO ICPNA SURCO,714,3025097324,62536,FRANKFURTER GASTRONOMIA 2KG BDT,16,316.88,VASQUEZ CANEVARO MARLON,,SANTIAGO DE SURCO,CA DOMINGO TRISTAN Y MOSCOSO MZ A2-,-12.15251,-76.9881
07/02/2026,0752-CHORRILLOS,AHW-945,11729993,COESTI SA,LISTO ICPNA SURCO,714,3025097324,62538,CHORIZO PARRI PREC 1KG BDT,9,199.17,VASQUEZ CANEVARO MARLON,,SANTIAGO DE SURCO,CA DOMINGO TRISTAN Y MOSCOSO MZ A2-,-12.15251,-76.9881
07/02/2026,0752-CHORRILLOS,AHW-945,11729993,COESTI SA,LISTO ICPNA SURCO,714,3025097324,62540,JAMON PIZZERO 500GR BDT,3,67.94,VASQUEZ CANEVARO MARLON,,SANTIAGO DE SURCO,CA DOMINGO TRISTAN Y MOSCOSO MZ A2-,-12.15251,-76.9881
07/02/2026,0752-CHORRILLOS,AHW-945,11729993,COESTI SA,LISTO ICPNA SURCO,714,3025097324,62542,QUESO EDAM 440GR BDT,2.64,92.51,VASQUEZ CANEVARO MARLON,,SANTIAGO DE SURCO,CA DOMINGO TRISTAN Y MOSCOSO MZ A2-,-12.15251,-76.9881
07/02/2026,0752-CHORRILLOS,AHW-945,11698843,INVERSIONES ENRIQUEZ FLORES SA,,638,3025073639,60136,PACK JAMON Y QUESO 370GR BDT,2.96,80.17,VASQUEZ CANEVARO MARLON,,SANTIAGO DE SURCO,CA GENERAL FAP JORGE CHAMOY BIGGS M,-12.15191,-76.99214
07/02/2026,0752-CHORRILLOS,AHW-945,11698843,INVERSIONES ENRIQUEZ FLORES SA,,638,3025073639,60138,QUESO CREMA PHILADELP BRICK 180GR KRAFT,1.08,55.14,VASQUEZ CANEVARO MARLON,,SANTIAGO DE SURCO,CA GENERAL FAP JORGE CHAMOY BIGGS M,-12.15191,-76.99214
07/02/2026,0752-CHORRILLOS,AHW-945,11698843,INVERSIONES ENRIQUEZ FLORES SA,,638,3025073639,60140,PACK J PIZZA Y EDAM 340GR OK,2.72,80.48,VASQUEZ CANEVARO MARLON,,SANTIAGO DE SURCO,CA GENERAL FAP JORGE CHAMOY BIGGS M,-12.15191,-76.99214
07/02/2026,0752-CHORRILLOS,AHW-945,11698843,INVERSIONES ENRIQUEZ FLORES SA,,638,3025073639,60142,JAMON PIZZA PQ 100GR 6LJ OK,0.8,23.09,VASQUEZ CANEVARO MARLON,,SANTIAGO DE SURCO,CA GENERAL FAP JORGE CHAMOY BIGGS M,-12.15191,-76.99214
07/02/2026,0752-CHORRILLOS,AHW-945,11698843,INVERSIONES ENRIQUEZ FLORES SA,,638,3025073639,60144,TOCINO AHUMADO 100GR OK,0.7,42.12,VASQUEZ CANEVARO MARLON,,SANTIAGO DE SURCO,CA GENERAL FAP JORGE CHAMOY BIGGS M,-12.15191,-76.99214
07/02/2026,0752-CHORRILLOS,AHW-945,11698843,INVERSIONES ENRIQUEZ FLORES SA,,638,3025073639,60146,CHORIZO PARRI PREC 2U 140GR BDT,2.24,41.85,VASQUEZ CANEVARO MARLON,,SANTIAGO DE SURCO,CA GENERAL FAP JORGE CHAMOY BIGGS M,-12.15191,-76.99214
07/02/2026,0752-CHORRILLOS,AHW-945,11698843,INVERSIONES ENRIQUEZ FLORES SA,,638,3025073639,60148,PACK JAMON Y QUESO 157 GR SEGO,1.1,36.98,VASQUEZ CANEVARO MARLON,,SANTIAGO DE SURCO,CA GENERAL FAP JORGE CHAMOY BIGGS M,-12.15191,-76.99214
07/02/2026,0752-CHORRILLOS,AHW-945,11676616,AUQUI HUAYPALLA CHRISTIAN,,638,3025077254,60728,SALCHICHA DE POLLO 200G SEGO,1.2,10.89,VASQUEZ CANEVARO MARLON,,SANTIAGO DE SURCO,CA C2 243 SAN ROQUE,-12.15545,-76.98917
07/02/2026,0752-CHORRILLOS,AHW-945,11676616,AUQUI HUAYPALLA CHRISTIAN,,638,3025077254,60730,JAMONADA BOLOGNA PQ 100GR 8LJ OK,1,16.33,VASQUEZ CANEVARO MARLON,,SANTIAGO DE SURCO,CA C2 243 SAN ROQUE,-12.15545,-76.98917
07/02/2026,0752-CHORRILLOS,AHW-945,11676616,AUQUI HUAYPALLA CHRISTIAN,,638,3025077254,60732,CARNE MOLIDA ESTANDAR 1.0 KG SEGO,2,28.8,VASQUEZ CANEVARO MARLON,,SANTIAGO DE SURCO,CA C2 243 SAN ROQUE,-12.15545,-76.98917
07/02/2026,0752-CHORRILLOS,AHW-945,11676616,AUQUI HUAYPALLA CHRISTIAN,,638,3025077254,60734,CHORIZO FINAS HIERBAS 0.5 KG SEGO,0.5,9.4,VASQUEZ CANEVARO MARLON,,SANTIAGO DE SURCO,CA C2 243 SAN ROQUE,-12.15545,-76.98917
07/02/2026,0752-CHORRILLOS,AHW-945,11606472,INDUSTRIAS ALIMENTARIAS MERCA,,638,3025079332,61032,JAMONADA ESPECIAL PZ 3KG OK,3,74.17,VASQUEZ CANEVARO MARLON,,SANTIAGO DE SURCO,AV GUARDIA CIVIL SUR MZ F LT 12 URB,-12.16373,-76.99061
07/02/2026,0752-CHORRILLOS,AHW-945,11606472,INDUSTRIAS ALIMENTARIAS MERCA,,638,3025079332,61034,MOZZARELLA 4KG AP MILKUNZ,4,151.08,VASQUEZ CANEVARO MARLON,,SANTIAGO DE SURCO,AV GUARDIA CIVIL SUR MZ F LT 12 URB,-12.16373,-76.99061
07/02/2026,0752-CHORRILLOS,AHW-945,11606149,CHAVEZ FLORES VENCILAO,,638,3025069668,59786,SALCHICHA HUACHO 150GR BDT,1.2,28.67,VASQUEZ CANEVARO MARLON,,SANTIAGO DE SURCO,JR VITTORE CARPACCIO 340 URB LAS PR,-12.16132,-76.99233
07/02/2026,0752-CHORRILLOS,AHW-945,11606149,CHAVEZ FLORES VENCILAO,,638,3025069668,59788,QUESO CREMA PHILADELP BRICK 180GR KRAFT,0.54,28.79,VASQUEZ CANEVARO MARLON,,SANTIAGO DE SURCO,JR VITTORE CARPACCIO 340 URB LAS PR,-12.16132,-76.99233
07/02/2026,0752-CHORRILLOS,AHW-945,11606149,CHAVEZ FLORES VENCILAO,,638,3025069668,59790,PACK J PIZZA Y EDAM 340GR OK,2.04,62.13,VASQUEZ CANEVARO MARLON,,SANTIAGO DE SURCO,JR VITTORE CARPACCIO 340 URB LAS PR,-12.16132,-76.99233
07/02/2026,0752-CHORRILLOS,AHW-945,11606149,CHAVEZ FLORES VENCILAO,,638,3025069668,59792,QUESO FUNDIDO SABOR CHEDDAR 170GR BDT,0.34,0,VASQUEZ CANEVARO MARLON,,SANTIAGO DE SURCO,JR VITTORE CARPACCIO 340 URB LAS PR,-12.16132,-76.99233
07/02/2026,0752-CHORRILLOS,AHW-945,11606149,CHAVEZ FLORES VENCILAO,,638,3025069668,59794,VIENESA 12CM PQ 5UN 175GR OK,2.1,45.25,VASQUEZ CANEVARO MARLON,,SANTIAGO DE SURCO,JR VITTORE CARPACCIO 340 URB LAS PR,-12.16132,-76.99233
07/02/2026,0752-CHORRILLOS,AHW-945,11606149,CHAVEZ FLORES VENCILAO,,638,3025069668,59796,JAMON DEL PAIS 3.3KG SEGO,3.3,69.98,VASQUEZ CANEVARO MARLON,,SANTIAGO DE SURCO,JR VITTORE CARPACCIO 340 URB LAS PR,-12.16132,-76.99233
07/02/2026,0752-CHORRILLOS,AHW-945,11606149,CHAVEZ FLORES VENCILAO,,638,3025069668,59798,JAMONADA POLLO PZ 2KG SEGO,2,19.91,VASQUEZ CANEVARO MARLON,,SANTIAGO DE SURCO,JR VITTORE CARPACCIO 340 URB LAS PR,-12.16132,-76.99233
07/02/2026,0752-CHORRILLOS,AHW-945,11606149,CHAVEZ FLORES VENCILAO,,638,3025069668,59800,SALCH HUACHO UN 0.25KG SEGO,2,34.49,VASQUEZ CANEVARO MARLON,,SANTIAGO DE SURCO,JR VITTORE CARPACCIO 340 URB LAS PR,-12.16132,-76.99233
07/02/2026,0752-CHORRILLOS,AHW-945,11606149,CHAVEZ FLORES VENCILAO,,638,3025069668,59802,CHORIZO PARRI PREC 2U 140GR BDT,1.12,21.83,VASQUEZ CANEVARO MARLON,,SANTIAGO DE SURCO,JR VITTORE CARPACCIO 340 URB LAS PR,-12.16132,-76.99233
07/02/2026,0752-CHORRILLOS,AHW-945,11551607,PEREZ ALFARO YOLANDA,,638,3025072265,60016,SALCHICHA HUACHO 150GR BDT,1.2,28.67,VASQUEZ CANEVARO MARLON,,SANTIAGO DE SURCO,MAXIMILIANO VELARDE MZ B LT 2,-12.16015,-76.99219
07/02/2026,0752-CHORRILLOS,AHW-945,11551607,PEREZ ALFARO YOLANDA,,638,3025072265,60018,QUESO CREMA PHILADELP BRICK 180GR KRAFT,0.54,28.79,VASQUEZ CANEVARO MARLON,,SANTIAGO DE SURCO,MAXIMILIANO VELARDE MZ B LT 2,-12.16015,-76.99219
07/02/2026,0752-CHORRILLOS,AHW-945,11551607,PEREZ ALFARO YOLANDA,,638,3025072265,60020,QUESO FUNDIDO SABOR CHEDDAR 170GR BDT,0.17,0,VASQUEZ CANEVARO MARLON,,SANTIAGO DE SURCO,MAXIMILIANO VELARDE MZ B LT 2,-12.16015,-76.99219
07/02/2026,0752-CHORRILLOS,AHW-945,11551607,PEREZ ALFARO YOLANDA,,638,3025072265,60022,PHILADELPHIA ORIGINAL TUB 150GR KRAFT,0.45,23.54,VASQUEZ CANEVARO MARLON,,SANTIAGO DE SURCO,MAXIMILIANO VELARDE MZ B LT 2,-12.16015,-76.99219
07/02/2026,0752-CHORRILLOS,AHW-945,11551607,PEREZ ALFARO YOLANDA,,638,3025072265,60024,JAMONADA ESPECIAL PQ 100GR 8LJ OK,0.6,17.42,VASQUEZ CANEVARO MARLON,,SANTIAGO DE SURCO,MAXIMILIANO VELARDE MZ B LT 2,-12.16015,-76.99219
07/02/2026,0752-CHORRILLOS,AHW-945,11551607,PEREZ ALFARO YOLANDA,,638,3025072265,60026,VIENESA 12CM PQ 5UN 175GR OK,1.05,22.63,VASQUEZ CANEVARO MARLON,,SANTIAGO DE SURCO,MAXIMILIANO VELARDE MZ B LT 2,-12.16015,-76.99219
07/02/2026,0752-CHORRILLOS,AHW-945,11551607,PEREZ ALFARO YOLANDA,,638,3025072265,60028,CHICHARRON DE PRENSA PQ 100GR 7LJ OK,0.4,12.39,VASQUEZ CANEVARO MARLON,,SANTIAGO DE SURCO,MAXIMILIANO VELARDE MZ B LT 2,-12.16015,-76.99219
07/02/2026,0752-CHORRILLOS,AHW-945,11551607,PEREZ ALFARO YOLANDA,,638,3025072265,60030,JAMONADA POLLO PZ 2KG SEGO,12,113.51,VASQUEZ CANEVARO MARLON,,SANTIAGO DE SURCO,MAXIMILIANO VELARDE MZ B LT 2,-12.16015,-76.99219
07/02/2026,0752-CHORRILLOS,AHW-945,11551607,PEREZ ALFARO YOLANDA,,638,3025072265,60032,SALCH HUACHO UN 0.25KG SEGO,1.5,25.87,VASQUEZ CANEVARO MARLON,,SANTIAGO DE SURCO,MAXIMILIANO VELARDE MZ B LT 2,-12.16015,-76.99219
07/02/2026,0752-CHORRILLOS,AHW-945,11688661,INVERSIONES FOOD SHOP EIRL,,716,3025100321,62752,CHORIZO PARRI PREC 1KG BDT,8,176,VASQUEZ CANEVARO MARLON,,SANTIAGO DE SURCO,CA SAN GONZALO MZ A LT 5 DPTO 102,-12.15187,-76.99155
07/02/2026,0752-CHORRILLOS,AHW-945,11688661,INVERSIONES FOOD SHOP EIRL,,716,3025100321,62754,CHORIZO PICANTE 400GR BDT,2,70,VASQUEZ CANEVARO MARLON,,SANTIAGO DE SURCO,CA SAN GONZALO MZ A LT 5 DPTO 102,-12.15187,-76.99155
07/02/2026,0752-CHORRILLOS,AHW-945,11688661,INVERSIONES FOOD SHOP EIRL,,716,3025100321,62756,CHORIZO CAMPESTRE PQ 4UN 400GR OK,0.8,26.18,VASQUEZ CANEVARO MARLON,,SANTIAGO DE SURCO,CA SAN GONZALO MZ A LT 5 DPTO 102,-12.15187,-76.99155
07/02/2026,0752-CHORRILLOS,AHW-945,11600477,EL SANGUCHON SURCANO EIRL,SANGUCHON E,71A,3025096422,62480,HAMBURG POLLO PQ 14U SEGO,15.68,215.84,VASQUEZ CANEVARO MARLON,,SANTIAGO DE SURCO,JR EL SOL 420 URB SAN ROQUE (ALT DE,-12.14627,-76.98874
07/02/2026,0752-CHORRILLOS,AHW-945,11605680,ROSAS BALTAZAR JHONATTAN ANDRE,,577,3025060378,58614,QUESO CREMA PHILADELP BRICK 180GR KRAFT,1.08,55.14,VASQUEZ CANEVARO MARLON,,SANTIAGO DE SURCO,JR EL SOL 145 URB SAN ROQUE,-12.14738,-76.99108
07/02/2026,0752-CHORRILLOS,AHW-945,11605680,ROSAS BALTAZAR JHONATTAN ANDRE,,577,3025060378,58616,JAMON PIZZA 3.4 - 3.5 KG OK,6.9,147.9,VASQUEZ CANEVARO MARLON,,SANTIAGO DE SURCO,JR EL SOL 145 URB SAN ROQUE,-12.14738,-76.99108
07/02/2026,0752-CHORRILLOS,AHW-945,11605680,ROSAS BALTAZAR JHONATTAN ANDRE,,577,3025060378,58618,QUESO FUNDIDO SABOR CHEDDAR 170GR BDT,0.17,0,VASQUEZ CANEVARO MARLON,,SANTIAGO DE SURCO,JR EL SOL 145 URB SAN ROQUE,-12.14738,-76.99108
07/02/2026,0752-CHORRILLOS,AHW-945,11605680,ROSAS BALTAZAR JHONATTAN ANDRE,,577,3025060378,58620,JAMONADA POLACA PZ 3KG OK,3,73.37,VASQUEZ CANEVARO MARLON,,SANTIAGO DE SURCO,JR EL SOL 145 URB SAN ROQUE,-12.14738,-76.99108
07/02/2026,0752-CHORRILLOS,AHW-945,11605680,ROSAS BALTAZAR JHONATTAN ANDRE,,577,3025060378,58622,VIENESA 12CM PQ 5UN 175GR OK,1.75,37.71,VASQUEZ CANEVARO MARLON,,SANTIAGO DE SURCO,JR EL SOL 145 URB SAN ROQUE,-12.14738,-76.99108
07/02/2026,0752-CHORRILLOS,AHW-945,11605680,ROSAS BALTAZAR JHONATTAN ANDRE,,577,3025060378,58624,SALCHICHA DEL NORTE BLS 2KG 100GR OK,2,61.59,VASQUEZ CANEVARO MARLON,,SANTIAGO DE SURCO,JR EL SOL 145 URB SAN ROQUE,-12.14738,-76.99108
07/02/2026,0752-CHORRILLOS,AHW-945,11631257,BALLARTA SANTOS RAFAEL,,577,3025076716,60640,PATE 100GR BDT,0.4,9.65,VASQUEZ CANEVARO MARLON,,SANTIAGO DE SURCO,AV EL SOL 200 URB SAN ROQUE,-12.14678,-76.99002
07/02/2026,0752-CHORRILLOS,AHW-945,11631257,BALLARTA SANTOS RAFAEL,,577,3025076716,60642,PASTEL DE JAMON PZ 3KG OK,3,80.72,VASQUEZ CANEVARO MARLON,,SANTIAGO DE SURCO,AV EL SOL 200 URB SAN ROQUE,-12.14678,-76.99002
07/02/2026,0752-CHORRILLOS,AHW-945,11674493,POLICARPO TABOADA ANA TEREZA,,577,3025079369,61044,JAMON PIZZERO 3.8KG AP BDT,3.8,72.51,VASQUEZ CANEVARO MARLON,,SANTIAGO DE SURCO,AV ESTEBAN CAMERE 203 URB. SAN ROQU,-12.14672,-76.98988
07/02/2026,0752-CHORRILLOS,AHW-945,11674493,POLICARPO TABOADA ANA TEREZA,,577,3025079369,61046,JAMONADA POLACA PZ 3KG OK,3,73.37,VASQUEZ CANEVARO MARLON,,SANTIAGO DE SURCO,AV ESTEBAN CAMERE 203 URB. SAN ROQU,-12.14672,-76.98988
07/02/2026,0752-CHORRILLOS,AHW-945,11674493,POLICARPO TABOADA ANA TEREZA,,577,3025079369,61048,CHORIZO PARRI PREC 2U 140GR BDT,0.84,17.06,VASQUEZ CANEVARO MARLON,,SANTIAGO DE SURCO,AV ESTEBAN CAMERE 203 URB. SAN ROQU,-12.14672,-76.98988
07/02/2026,0752-CHORRILLOS,AHW-945,11659006,SUNI SANTOYO MARISOL,,638,3025061185,58682,SALCHICHA HUACHO 150GR BDT,0.9,22.1,VASQUEZ CANEVARO MARLON,,SANTIAGO DE SURCO,AV GUARDIA CIVIL NORTE MZ D LOTE 10,-12.16609,-76.9923
07/02/2026,0752-CHORRILLOS,AHW-945,11659006,SUNI SANTOYO MARISOL,,638,3025061185,58684,JAMON DEL PAIS 3.3KG SEGO,3.3,69.98,VASQUEZ CANEVARO MARLON,,SANTIAGO DE SURCO,AV GUARDIA CIVIL NORTE MZ D LOTE 10,-12.16609,-76.9923
07/02/2026,0752-CHORRILLOS,AHW-945,11659006,SUNI SANTOYO MARISOL,,638,3025061185,58686,CHORIZO PARRI PREC 2U 140GR BDT,0.84,17.06,VASQUEZ CANEVARO MARLON,,SANTIAGO DE SURCO,AV GUARDIA CIVIL NORTE MZ D LOTE 10,-12.16609,-76.9923
07/02/2026,0752-CHORRILLOS,AHW-945,11742580,NUÑEZ MATEO VIRGILIO,,703,3025093032,62118,BOLA TIPO MOZZARELLA X 200G BDT,0.6,20.39,VASQUEZ CANEVARO MARLON,,SANTIAGO DE SURCO,AV GUARDIA CIVIL 573,-12.16697,-76.99053
07/02/2026,0752-CHORRILLOS,AHW-945,11742580,NUÑEZ MATEO VIRGILIO,,703,3025093032,62120,SALCHICHA DEL NORTE PQ 3UN 250GR OK,0.5,15.81,VASQUEZ CANEVARO MARLON,,SANTIAGO DE SURCO,AV GUARDIA CIVIL 573,-12.16697,-76.99053
07/02/2026,0752-CHORRILLOS,AHW-945,11661924,SANTI DE LA CRUZ JHONY ROLY,,703,3025093034,62122,SALCHICHA DEL NORTE PQ 3UN 250GR OK,0.5,15.81,VASQUEZ CANEVARO MARLON,,SANTIAGO DE SURCO,AV GUARDIA CIVIL MZ LT 8,-12.1669,-76.9905
07/02/2026,0752-CHORRILLOS,AHW-945,11661924,SANTI DE LA CRUZ JHONY ROLY,,703,3025093034,62124,TOCINO AHUMADO 100GR OK,0.4,24.07,VASQUEZ CANEVARO MARLON,,SANTIAGO DE SURCO,AV GUARDIA CIVIL MZ LT 8,-12.1669,-76.9905
07/02/2026,0752-CHORRILLOS,AHW-945,11657093,CUCHO HUAMANI MAURO,,703,3025079100,60986,PACK J PIZZA Y EDAM 340GR OK,0.68,22.11,VASQUEZ CANEVARO MARLON,,SANTIAGO DE SURCO,CA NELSON GUIA MZ D LT 4,-12.16639,-76.98891
07/02/2026,0752-CHORRILLOS,AHW-945,11657093,CUCHO HUAMANI MAURO,,703,3025079100,60988,JAMON PIZZA PQ 100GR 6LJ OK,0.3,8.66,VASQUEZ CANEVARO MARLON,,SANTIAGO DE SURCO,CA NELSON GUIA MZ D LT 4,-12.16639,-76.98891
07/02/2026,0752-CHORRILLOS,AHW-945,11657093,CUCHO HUAMANI MAURO,,703,3025079100,60990,JAMONADA ESPECIAL PQ 100GR 8LJ OK,0.4,11.61,VASQUEZ CANEVARO MARLON,,SANTIAGO DE SURCO,CA NELSON GUIA MZ D LT 4,-12.16639,-76.98891
07/02/2026,0752-CHORRILLOS,AHW-945,11657093,CUCHO HUAMANI MAURO,,703,3025079100,60992,VIENESA 12CM PQ 5UN 175GR OK,0.7,15.08,VASQUEZ CANEVARO MARLON,,SANTIAGO DE SURCO,CA NELSON GUIA MZ D LT 4,-12.16639,-76.98891
07/02/2026,0752-CHORRILLOS,AHW-945,11744250,COMERCIAL SHIO 'S  EIRL,,703,3025085460,61712,CABANOSSI 25G BDT,0.3,19.21,VASQUEZ CANEVARO MARLON,,SANTIAGO DE SURCO,JR LUIS DEXTRE MZ X LT 1,-12.16485,-76.98838
07/02/2026,0752-CHORRILLOS,AHW-945,11744250,COMERCIAL SHIO 'S  EIRL,,703,3025085460,61714,TOCINO AHUMADO 80GR BDT,0.24,12.39,VASQUEZ CANEVARO MARLON,,SANTIAGO DE SURCO,JR LUIS DEXTRE MZ X LT 1,-12.16485,-76.98838
07/02/2026,0752-CHORRILLOS,AHW-945,11744250,COMERCIAL SHIO 'S  EIRL,,703,3025085460,61716,PACK J PIZZA Y EDAM 340GR OK,1.02,33.17,VASQUEZ CANEVARO MARLON,,SANTIAGO DE SURCO,JR LUIS DEXTRE MZ X LT 1,-12.16485,-76.98838
07/02/2026,0752-CHORRILLOS,AHW-945,11744250,COMERCIAL SHIO 'S  EIRL,,703,3025085460,61718,CHORIZO PARRI PREC 2U 140GR BDT,0.56,11.37,VASQUEZ CANEVARO MARLON,,SANTIAGO DE SURCO,JR LUIS DEXTRE MZ X LT 1,-12.16485,-76.98838
07/02/2026,0752-CHORRILLOS,AHW-945,11604672,CABEZAS COTAQUISPE RICHARD,,703,3025098617,62590,CABANOSSI 25G BDT,0.3,19.21,VASQUEZ CANEVARO MARLON,,SANTIAGO DE SURCO,CAL NELSON GUIA MZ F LT 01 URB LOS,-12.16593,-76.98878
07/02/2026,0752-CHORRILLOS,AHW-945,11604672,CABEZAS COTAQUISPE RICHARD,,703,3025098617,62592,SALCHICHA HUACHO 150GR BDT,0.3,7.96,VASQUEZ CANEVARO MARLON,,SANTIAGO DE SURCO,CAL NELSON GUIA MZ F LT 01 URB LOS,-12.16593,-76.98878
07/02/2026,0752-CHORRILLOS,AHW-945,11604672,CABEZAS COTAQUISPE RICHARD,,703,3025098617,62594,QUESO CREMA PHILADELP BRICK 180GR KRAFT,0.36,20.2,VASQUEZ CANEVARO MARLON,,SANTIAGO DE SURCO,CAL NELSON GUIA MZ F LT 01 URB LOS,-12.16593,-76.98878
07/02/2026,0752-CHORRILLOS,AHW-945,11604672,CABEZAS COTAQUISPE RICHARD,,703,3025098617,62596,QUESO FUNDIDO SABOR CHEDDAR 170GR BDT,0.34,0,VASQUEZ CANEVARO MARLON,,SANTIAGO DE SURCO,CAL NELSON GUIA MZ F LT 01 URB LOS,-12.16593,-76.98878
07/02/2026,0752-CHORRILLOS,AHW-945,11604672,CABEZAS COTAQUISPE RICHARD,,703,3025098617,62598,JAMONADA ESPECIAL PQ 100GR 8LJ OK,0.6,17.42,VASQUEZ CANEVARO MARLON,,SANTIAGO DE SURCO,CAL NELSON GUIA MZ F LT 01 URB LOS,-12.16593,-76.98878
07/02/2026,0752-CHORRILLOS,AHW-945,11604672,CABEZAS COTAQUISPE RICHARD,,703,3025098617,62600,VIENESA 12CM PQ 5UN 175GR OK,2.1,45.25,VASQUEZ CANEVARO MARLON,,SANTIAGO DE SURCO,CAL NELSON GUIA MZ F LT 01 URB LOS,-12.16593,-76.98878
07/02/2026,0752-CHORRILLOS,AHW-945,11604672,CABEZAS COTAQUISPE RICHARD,,703,3025098617,62602,SALCH HUACHO UN 0.25KG SEGO,0.75,12.93,VASQUEZ CANEVARO MARLON,,SANTIAGO DE SURCO,CAL NELSON GUIA MZ F LT 01 URB LOS,-12.16593,-76.98878
07/02/2026,0752-CHORRILLOS,AHW-945,11604672,CABEZAS COTAQUISPE RICHARD,,703,3025098617,62604,CHORIZO PARRI PREC 2U 140GR BDT,0.84,17.06,VASQUEZ CANEVARO MARLON,,SANTIAGO DE SURCO,CAL NELSON GUIA MZ F LT 01 URB LOS,-12.16593,-76.98878
07/02/2026,0752-CHORRILLOS,AHW-945,11604672,CABEZAS COTAQUISPE RICHARD,,703,3025098617,62606,QUESO PARMESANO CU?A 0.15KG AP QKALAS,0.3,10.18,VASQUEZ CANEVARO MARLON,,SANTIAGO DE SURCO,CAL NELSON GUIA MZ F LT 01 URB LOS,-12.16593,-76.98878
07/02/2026,0752-CHORRILLOS,AHW-945,11683740,PANIRICOS SAC,,638,3025050917,58042,PACK J PIZZA Y EDAM 340GR OK,2.72,80.48,VASQUEZ CANEVARO MARLON,,SANTIAGO DE SURCO,AV GUARDIA CIVIL 515 URB LAS VIÑAS,-12.16668,-76.99053
07/02/2026,0752-CHORRILLOS,AHW-945,11683740,PANIRICOS SAC,,638,3025050917,58044,QUESO FUNDIDO SABOR CHEDDAR 170GR BDT,0.17,0,VASQUEZ CANEVARO MARLON,,SANTIAGO DE SURCO,AV GUARDIA CIVIL 515 URB LAS VIÑAS,-12.16668,-76.99053
07/02/2026,0752-CHORRILLOS,AHW-945,11683740,PANIRICOS SAC,,638,3025050917,58046,JAMONADA ESPECIAL PZ 3KG OK,9,222.51,VASQUEZ CANEVARO MARLON,,SANTIAGO DE SURCO,AV GUARDIA CIVIL 515 URB LAS VIÑAS,-12.16668,-76.99053
07/02/2026,0752-CHORRILLOS,AHW-945,11683740,PANIRICOS SAC,,638,3025050917,58048,VIENESA 12CM PQ 5UN 175GR OK,1.4,30.17,VASQUEZ CANEVARO MARLON,,SANTIAGO DE SURCO,AV GUARDIA CIVIL 515 URB LAS VIÑAS,-12.16668,-76.99053
07/02/2026,0752-CHORRILLOS,AHW-945,11683740,PANIRICOS SAC,,638,3025050917,58050,CHORIZO PARRI PREC 2U 140GR BDT,1.12,21.83,VASQUEZ CANEVARO MARLON,,SANTIAGO DE SURCO,AV GUARDIA CIVIL 515 URB LAS VIÑAS,-12.16668,-76.99053
07/02/2026,0752-CHORRILLOS,AHW-945,11744002,CORPORACION LA CHALUPA SAC,,703,3024864384,57196,JAMON PIZZERO 500GR BDT,2,49.52,VASQUEZ CANEVARO MARLON,,SANTIAGO DE SURCO,AV GUARDIA CIVIL SUR MZ I LT 4,-12.16777,-76.99112
07/02/2026,0752-CHORRILLOS,AHW-945,11744002,CORPORACION LA CHALUPA SAC,,703,3024864384,57198,QUESO EDAM GAST 0.5KG BRAEDT A,2,81.07,VASQUEZ CANEVARO MARLON,,SANTIAGO DE SURCO,AV GUARDIA CIVIL SUR MZ I LT 4,-12.16777,-76.99112
07/02/2026,0752-CHORRILLOS,AHW-945,11744002,CORPORACION LA CHALUPA SAC,,703,3024864384,57200,QUESO PARMESANO 6KG AP SIGMA FS,6,317.87,VASQUEZ CANEVARO MARLON,,SANTIAGO DE SURCO,AV GUARDIA CIVIL SUR MZ I LT 4,-12.16777,-76.99112
07/02/2026,0752-CHORRILLOS,AHW-945,11744002,CORPORACION LA CHALUPA SAC,,703,3024864384,57202,MOZZARELLA 4KG AP MILKUNZ,16,604.32,VASQUEZ CANEVARO MARLON,,SANTIAGO DE SURCO,AV GUARDIA CIVIL SUR MZ I LT 4,-12.16777,-76.99112
07/02/2026,0752-CHORRILLOS,AHW-945,11744002,CORPORACION LA CHALUPA SAC,,703,3024864384,57204,CHORIZO PREC PQ 0.5KG SEGO,2.5,44.59,VASQUEZ CANEVARO MARLON,,SANTIAGO DE SURCO,AV GUARDIA CIVIL SUR MZ I LT 4,-12.16777,-76.99112
07/02/2026,0752-CHORRILLOS,AHW-945,11718510,MAZZITA GROUP SAC,,638,3025100420,62838,SUPER JAMONADA 2KG SEGO,4,32.82,VASQUEZ CANEVARO MARLON,,SANTIAGO DE SURCO,AV GUARDIA CIVIL MZ B1 LT 1,-12.1685,-76.99127
07/02/2026,0752-CHORRILLOS,AHW-945,11718510,MAZZITA GROUP SAC,,638,3025100420,62840,CARNE MOLIDA ESTANDAR 1.0 KG SEGO,2,28.8,VASQUEZ CANEVARO MARLON,,SANTIAGO DE SURCO,AV GUARDIA CIVIL MZ B1 LT 1,-12.1685,-76.99127
07/02/2026,0752-CHORRILLOS,AHW-945,11597363,PAUCAR INCA DONACIANO,,638,3025056173,58400,SALCHICHA HUACHO 150GR BDT,0.6,15.13,VASQUEZ CANEVARO MARLON,,SANTIAGO DE SURCO,AV GUARDIA CIVIL MZ B1 LT 6 SURCO,-12.16821,-76.99107
07/02/2026,0752-CHORRILLOS,AHW-945,11597363,PAUCAR INCA DONACIANO,,638,3025056173,58402,QUESO CREMA PHILADELP BRICK 180GR KRAFT,1.08,55.14,VASQUEZ CANEVARO MARLON,,SANTIAGO DE SURCO,AV GUARDIA CIVIL MZ B1 LT 6 SURCO,-12.16821,-76.99107
07/02/2026,0752-CHORRILLOS,AHW-945,11597363,PAUCAR INCA DONACIANO,,638,3025056173,58404,SALCHICHA DEL NORTE 150G OK,0.9,25.92,VASQUEZ CANEVARO MARLON,,SANTIAGO DE SURCO,AV GUARDIA CIVIL MZ B1 LT 6 SURCO,-12.16821,-76.99107
07/02/2026,0752-CHORRILLOS,AHW-945,11597363,PAUCAR INCA DONACIANO,,638,3025056173,58406,JAMON PIZZA PQ 100GR 6LJ OK,0.6,17.32,VASQUEZ CANEVARO MARLON,,SANTIAGO DE SURCO,AV GUARDIA CIVIL MZ B1 LT 6 SURCO,-12.16821,-76.99107
07/02/2026,0752-CHORRILLOS,AHW-945,11597363,PAUCAR INCA DONACIANO,,638,3025056173,58408,POLACA PQ 100GR 8LJ OK,0.7,27.06,VASQUEZ CANEVARO MARLON,,SANTIAGO DE SURCO,AV GUARDIA CIVIL MZ B1 LT 6 SURCO,-12.16821,-76.99107
07/02/2026,0752-CHORRILLOS,AHW-945,11597363,PAUCAR INCA DONACIANO,,638,3025056173,58410,HAMBURG DE RES PQ 4UN 85GR OK,1.36,38.49,VASQUEZ CANEVARO MARLON,,SANTIAGO DE SURCO,AV GUARDIA CIVIL MZ B1 LT 6 SURCO,-12.16821,-76.99107
07/02/2026,0752-CHORRILLOS,AHW-945,11597363,PAUCAR INCA DONACIANO,,638,3025056173,58412,TOCINO AHUMADO 100GR OK,0.6,36.1,VASQUEZ CANEVARO MARLON,,SANTIAGO DE SURCO,AV GUARDIA CIVIL MZ B1 LT 6 SURCO,-12.16821,-76.99107
07/02/2026,0752-CHORRILLOS,AHW-945,11597363,PAUCAR INCA DONACIANO,,638,3025056173,58414,CHORIZO PREC PQ 0.5KG SEGO,2.5,44.59,VASQUEZ CANEVARO MARLON,,SANTIAGO DE SURCO,AV GUARDIA CIVIL MZ B1 LT 6 SURCO,-12.16821,-76.99107
07/02/2026,0752-CHORRILLOS,AHW-945,11597363,PAUCAR INCA DONACIANO,,638,3025056173,58416,COSTILLA AHUM BLS 2KG SEGO,2,45.39,VASQUEZ CANEVARO MARLON,,SANTIAGO DE SURCO,AV GUARDIA CIVIL MZ B1 LT 6 SURCO,-12.16821,-76.99107
07/02/2026,0752-CHORRILLOS,AHW-945,11597363,PAUCAR INCA DONACIANO,,638,3025056173,58418,TOCINO AHUM CP MED PZ 2KG AP SEGO,2,68.72,VASQUEZ CANEVARO MARLON,,SANTIAGO DE SURCO,AV GUARDIA CIVIL MZ B1 LT 6 SURCO,-12.16821,-76.99107
07/02/2026,0752-CHORRILLOS,AHW-945,11599471,IDA GARAY GARCIA,,638,3025079809,61090,PACK SUPER CHORIZO PREC80GX6PZA SEGO,0.96,13.26,VASQUEZ CANEVARO MARLON,,SANTIAGO DE SURCO,MCDO SAN ANTONIO PTO B-2,-12.16882,-76.99162
07/02/2026,0752-CHORRILLOS,AHW-945,11599471,IDA GARAY GARCIA,,638,3025079809,61092,CHORIZO PARRI PREC 2U 140GR BDT,1.12,22.29,VASQUEZ CANEVARO MARLON,,SANTIAGO DE SURCO,MCDO SAN ANTONIO PTO B-2,-12.16882,-76.99162
07/02/2026,0752-CHORRILLOS,AHW-945,11740560,PONCE AQUINO JOSEPH ALFONSO,,703,3025098613,62584,BOLA TIPO MOZZARELLA X 200G BDT,1,33.98,VASQUEZ CANEVARO MARLON,,SANTIAGO DE SURCO,MCDO SAN ANTONIO PTO C3,-12.16903,-76.99198
07/02/2026,0752-CHORRILLOS,AHW-945,11740560,PONCE AQUINO JOSEPH ALFONSO,,703,3025098613,62586,SALCHICHA DEL NORTE PQ 3UN 250GR OK,0.25,7.9,VASQUEZ CANEVARO MARLON,,SANTIAGO DE SURCO,MCDO SAN ANTONIO PTO C3,-12.16903,-76.99198
07/02/2026,0752-CHORRILLOS,AHW-945,11700434,PEREZ PEREZ JEANETTE PATRICIA,,703,3025098609,62576,QUESO CREMA PHILADELP BRICK 180GR KRAFT,0.36,20.2,VASQUEZ CANEVARO MARLON,,SANTIAGO DE SURCO,MCDO SAN ANTONIO PTO B 5,-12.16916,-76.99189
07/02/2026,0752-CHORRILLOS,AHW-945,11700434,PEREZ PEREZ JEANETTE PATRICIA,,703,3025098609,62578,PACK SUPER CHORIZO PREC80GX6PZA SEGO,0.48,6.76,VASQUEZ CANEVARO MARLON,,SANTIAGO DE SURCO,MCDO SAN ANTONIO PTO B 5,-12.16916,-76.99189
07/02/2026,0752-CHORRILLOS,AHW-945,11700434,PEREZ PEREZ JEANETTE PATRICIA,,703,3025098609,62580,CHORIZO PARRI PREC 2U 140GR BDT,0.56,11.37,VASQUEZ CANEVARO MARLON,,SANTIAGO DE SURCO,MCDO SAN ANTONIO PTO B 5,-12.16916,-76.99189
07/02/2026,0752-CHORRILLOS,AHW-945,11700434,PEREZ PEREZ JEANETTE PATRICIA,,703,3025098609,62582,QUESO PARMESANO CU?A 0.15KG AP QKALAS,0.45,15.26,VASQUEZ CANEVARO MARLON,,SANTIAGO DE SURCO,MCDO SAN ANTONIO PTO B 5,-12.16916,-76.99189
07/02/2026,0752-CHORRILLOS,AHW-945,11604669,FLORES ABANTO ELIZABETH SHAROL,,703,3025021998,57758,JAMONADA ESPECIAL PQ 100GR 8LJ OK,0.4,11.61,VASQUEZ CANEVARO MARLON,,SANTIAGO DE SURCO,MZ CMZ.C LTE.2 URBANIZACION SANTA,-12.17075,-76.99041
07/02/2026,0752-CHORRILLOS,AHW-945,11604669,FLORES ABANTO ELIZABETH SHAROL,,703,3025021998,57760,VIENESA 12CM PQ 5UN 175GR OK,0.7,15.08,VASQUEZ CANEVARO MARLON,,SANTIAGO DE SURCO,MZ CMZ.C LTE.2 URBANIZACION SANTA,-12.17075,-76.99041
07/02/2026,0752-CHORRILLOS,AHW-945,11604669,FLORES ABANTO ELIZABETH SHAROL,,703,3025021998,57762,SALCHICHA DEL NORTE PQ 3UN 250GR OK,0.5,15.81,VASQUEZ CANEVARO MARLON,,SANTIAGO DE SURCO,MZ CMZ.C LTE.2 URBANIZACION SANTA,-12.17075,-76.99041
07/02/2026,0752-CHORRILLOS,AHW-945,11660062,CUCHO HUAMANI NELYDA DAIRE,,703,3025084503,61626,CABANOSSI 25G BDT,0.3,19.21,VASQUEZ CANEVARO MARLON,,SANTIAGO DE SURCO,CA LAS FLORES MZ C6 LT 3 SANTA ROSA,-12.17074,-76.99019
07/02/2026,0752-CHORRILLOS,AHW-945,11660062,CUCHO HUAMANI NELYDA DAIRE,,703,3025084503,61628,TOCINO AHUMADO 80GR BDT,0.16,8.26,VASQUEZ CANEVARO MARLON,,SANTIAGO DE SURCO,CA LAS FLORES MZ C6 LT 3 SANTA ROSA,-12.17074,-76.99019
07/02/2026,0752-CHORRILLOS,AHW-945,11660062,CUCHO HUAMANI NELYDA DAIRE,,703,3025084503,61630,TOCINO AHUMADO 100GR OK,0.2,12.03,VASQUEZ CANEVARO MARLON,,SANTIAGO DE SURCO,CA LAS FLORES MZ C6 LT 3 SANTA ROSA,-12.17074,-76.99019
07/02/2026,0752-CHORRILLOS,AHW-945,11660062,CUCHO HUAMANI NELYDA DAIRE,,703,3025084503,61632,CHORIZO PARRI PREC 2U 140GR BDT,0.84,17.06,VASQUEZ CANEVARO MARLON,,SANTIAGO DE SURCO,CA LAS FLORES MZ C6 LT 3 SANTA ROSA,-12.17074,-76.99019
07/02/2026,0752-CHORRILLOS,AHW-945,11712204,GODOS GARCIA LUZ MARIA,,703,3025082802,61390,PACK J PIZZA Y EDAM 340GR OK,0.68,22.11,VASQUEZ CANEVARO MARLON,,SANTIAGO DE SURCO,JR VULCANO MZ A LT 3 LA LIBERTAD,-12.16814,-76.99314
07/02/2026,0752-CHORRILLOS,AHW-945,11712204,GODOS GARCIA LUZ MARIA,,703,3025082802,61392,POLACA PQ 100GR 8LJ OK,0.3,11.6,VASQUEZ CANEVARO MARLON,,SANTIAGO DE SURCO,JR VULCANO MZ A LT 3 LA LIBERTAD,-12.16814,-76.99314
07/02/2026,0752-CHORRILLOS,AHW-945,11712204,GODOS GARCIA LUZ MARIA,,703,3025082802,61394,CHICHARRON DE PRENSA PQ 100GR 7LJ OK,0.2,6.19,VASQUEZ CANEVARO MARLON,,SANTIAGO DE SURCO,JR VULCANO MZ A LT 3 LA LIBERTAD,-12.16814,-76.99314
07/02/2026,0752-CHORRILLOS,AHW-945,11712204,GODOS GARCIA LUZ MARIA,,703,3025082802,61396,QUESO PARMESANO CU?A 0.15KG AP QKALAS,0.3,10.18,VASQUEZ CANEVARO MARLON,,SANTIAGO DE SURCO,JR VULCANO MZ A LT 3 LA LIBERTAD,-12.16814,-76.99314
07/02/2026,0752-CHORRILLOS,AHW-945,11742652,ALDUNATE BARZOLA DENNESSY MEDA,,703,3025061974,58736,SUP CHORIZO PREC 12U 960GR SEGO,1.92,18.24,VASQUEZ CANEVARO MARLON,,SANTIAGO DE SURCO,MCDO SAN ANTONIO PTO G1,-12.16898,-76.99201
07/02/2026,0752-CHORRILLOS,AHW-945,11742652,ALDUNATE BARZOLA DENNESSY MEDA,,703,3025061974,58738,SALCH HUACHO UN 0.25KG SEGO,0.5,8.62,VASQUEZ CANEVARO MARLON,,SANTIAGO DE SURCO,MCDO SAN ANTONIO PTO G1,-12.16898,-76.99201
07/02/2026,0752-CHORRILLOS,AHW-945,11742652,ALDUNATE BARZOLA DENNESSY MEDA,,703,3025061974,58740,SUPER HAMBURG RES PQ 1.008KG SEGO,1.01,9.6,VASQUEZ CANEVARO MARLON,,SANTIAGO DE SURCO,MCDO SAN ANTONIO PTO G1,-12.16898,-76.99201
07/02/2026,0752-CHORRILLOS,AHW-945,11598297,MINIMARKET TINNO EIRL,,703,3025068485,59612,CABANOSSI 25G BDT,0.38,24.02,VASQUEZ CANEVARO MARLON,,SANTIAGO DE SURCO,AV LIBERTAD 1 MZ L LOTE 1 URB LA LI,-12.16825,-76.99256
07/02/2026,0752-CHORRILLOS,AHW-945,11598297,MINIMARKET TINNO EIRL,,703,3025068485,59614,QUESO CREMA PHILADELP BRICK 180GR KRAFT,0.36,20.2,VASQUEZ CANEVARO MARLON,,SANTIAGO DE SURCO,AV LIBERTAD 1 MZ L LOTE 1 URB LA LI,-12.16825,-76.99256
07/02/2026,0752-CHORRILLOS,AHW-945,11598297,MINIMARKET TINNO EIRL,,703,3025068485,59616,CHORIZO PREC PQ 0.5KG SEGO,1,18.72,VASQUEZ CANEVARO MARLON,,SANTIAGO DE SURCO,AV LIBERTAD 1 MZ L LOTE 1 URB LA LI,-12.16825,-76.99256
07/02/2026,0752-CHORRILLOS,AHW-945,11598297,MINIMARKET TINNO EIRL,,703,3025068485,59618,CHORIZO FINAS HIERBAS 0.5 KG SEGO,1.5,26.79,VASQUEZ CANEVARO MARLON,,SANTIAGO DE SURCO,AV LIBERTAD 1 MZ L LOTE 1 URB LA LI,-12.16825,-76.99256
07/02/2026,0752-CHORRILLOS,AHW-945,11598297,MINIMARKET TINNO EIRL,,703,3025068485,59620,QUESO PARMESANO CU?A 0.15KG AP QKALAS,0.3,10.18,VASQUEZ CANEVARO MARLON,,SANTIAGO DE SURCO,AV LIBERTAD 1 MZ L LOTE 1 URB LA LI,-12.16825,-76.99256
07/02/2026,0752-CHORRILLOS,AHW-945,11753328,CHAVEZ FLORES ELICEO,,638,3025069646,59780,PHILADELPHIA ORIGINAL TUB 150GR KRAFT,0.6,30.54,VASQUEZ CANEVARO MARLON,,SANTIAGO DE SURCO,AV GUARDIA CIVIL NORTE 585 LOS PARR,-12.16745,-76.99198
07/02/2026,0752-CHORRILLOS,AHW-945,11753328,CHAVEZ FLORES ELICEO,,638,3025069646,59782,JAMON SANDWICH PZ 3.2KG SEGO,3.2,41.87,VASQUEZ CANEVARO MARLON,,SANTIAGO DE SURCO,AV GUARDIA CIVIL NORTE 585 LOS PARR,-12.16745,-76.99198
07/02/2026,0752-CHORRILLOS,AHW-945,11704380,BREMILDA CHUNQUE VILLENA,,703,3025066900,59396,HOT DOG TRADICIONAL 200GR BDT,0.6,9.34,VASQUEZ CANEVARO MARLON,,SANTIAGO DE SURCO,AV GUARDIA CIVIL NORTE MZ D LT 16 U,-12.16616,-76.99235
07/02/2026,0752-CHORRILLOS,AHW-945,11704380,BREMILDA CHUNQUE VILLENA,,703,3025066900,59398,BOLA TIPO MOZZARELLA X 200G BDT,0.6,20.39,VASQUEZ CANEVARO MARLON,,SANTIAGO DE SURCO,AV GUARDIA CIVIL NORTE MZ D LT 16 U,-12.16616,-76.99235
07/02/2026,0752-CHORRILLOS,AHW-945,11704380,BREMILDA CHUNQUE VILLENA,,703,3025066900,59400,CHORIZO PARRI PREC 2U 140GR BDT,0.56,11.37,VASQUEZ CANEVARO MARLON,,SANTIAGO DE SURCO,AV GUARDIA CIVIL NORTE MZ D LT 16 U,-12.16616,-76.99235
07/02/2026,0752-CHORRILLOS,AHW-945,11704380,BREMILDA CHUNQUE VILLENA,,703,3025066900,59402,QUESO PARMESANO CU?A 0.15KG AP QKALAS,0.3,10.18,VASQUEZ CANEVARO MARLON,,SANTIAGO DE SURCO,AV GUARDIA CIVIL NORTE MZ D LT 16 U,-12.16616,-76.99235
07/02/2026,0752-CHORRILLOS,AHW-945,11710942,INVERSIONES MARI & NICOL EIRL,,703,3025072087,60008,QUESO CREMA PHILADELP BRICK 180GR KRAFT,0.54,28.79,VASQUEZ CANEVARO MARLON,,SANTIAGO DE SURCO,AV GUARDIA CIVIL NORTE MZ J LT 4 LO,-12.16672,-76.99225
07/02/2026,0752-CHORRILLOS,AHW-945,11710942,INVERSIONES MARI & NICOL EIRL,,703,3025072087,60010,QUESO FUNDIDO SABOR CHEDDAR 170GR BDT,0.17,0,VASQUEZ CANEVARO MARLON,,SANTIAGO DE SURCO,AV GUARDIA CIVIL NORTE MZ J LT 4 LO,-12.16672,-76.99225
07/02/2026,0752-CHORRILLOS,AHW-945,11710942,INVERSIONES MARI & NICOL EIRL,,703,3025072087,60012,JAMONADA ESPECIAL PQ 100GR 8LJ OK,0.6,17.42,VASQUEZ CANEVARO MARLON,,SANTIAGO DE SURCO,AV GUARDIA CIVIL NORTE MZ J LT 4 LO,-12.16672,-76.99225
07/02/2026,0752-CHORRILLOS,AHW-945,11710942,INVERSIONES MARI & NICOL EIRL,,703,3025072087,60014,VIENESA 12CM PQ 5UN 175GR OK,1.05,22.63,VASQUEZ CANEVARO MARLON,,SANTIAGO DE SURCO,AV GUARDIA CIVIL NORTE MZ J LT 4 LO,-12.16672,-76.99225
07/02/2026,0752-CHORRILLOS,AHW-945,11744120,PEREZ AYQUIPA JOHAN,,703,3025095822,62376,VIENESA 12CM PQ 5UN 175GR OK,0.53,11.31,VASQUEZ CANEVARO MARLON,,SANTIAGO DE SURCO,AV GUARDIA CIVIL NORTE MZ L LT 10,-12.16696,-76.9922
07/02/2026,0752-CHORRILLOS,AHW-945,11744120,PEREZ AYQUIPA JOHAN,,703,3025095822,62378,SALCHICHA DEL NORTE PQ 3UN 250GR OK,0.5,15.81,VASQUEZ CANEVARO MARLON,,SANTIAGO DE SURCO,AV GUARDIA CIVIL NORTE MZ L LT 10,-12.16696,-76.9922
07/02/2026,0752-CHORRILLOS,AHW-945,11744120,PEREZ AYQUIPA JOHAN,,703,3025095822,62380,TOCINO AHUMADO 100GR SEGO,0.3,14.28,VASQUEZ CANEVARO MARLON,,SANTIAGO DE SURCO,AV GUARDIA CIVIL NORTE MZ L LT 10,-12.16696,-76.9922
07/02/2026,0752-CHORRILLOS,AJE-841,11603102,CARTIR PERU S R L,CARTIR URB MIRAFLORES E,739,3025095662,62370,QUESO DE VACA FRESCO 1KG AP DUMAN,12,252,CARRASCO TAPIA JESUS EUGENIO,,MIRAFLORES,CA BELLAVISTA 133 URB MIRAFLORES,-12.11973,-77.03193
07/02/2026,0752-CHORRILLOS,AJE-841,11596986,ANTICUCHOS DEL PERU SAC,PANCHITA MRF E,716,3025050784,58040,TOCINO AHUMADO 200GR BDT,1,55.75,CARRASCO TAPIA JESUS EUGENIO,,MIRAFLORES,CA DOS DE MAYO 298,-12.11808,-77.03134
07/02/2026,0752-CHORRILLOS,AJE-841,11740009,PANDA RESTAURANTES SAC,PANDILLA,71A,3025082985,61420,PECH POLLO SH SP LP BR CG 15KG AP AURORA,15,190.51,CARRASCO TAPIA JESUS EUGENIO,,MIRAFLORES,CA ELIAS AGUIRRE 277,-12.11713,-77.03487
07/02/2026,0752-CHORRILLOS,AJE-841,11603351,SW FRANQUICIAS ANDINAS SAC,SUBWAY PARDO E,713,3025017184,57692,PECHUGA POLLO MACERADA COCIDA 2KG SEGO,18,522.9,CARRASCO TAPIA JESUS EUGENIO,,MIRAFLORES,AV JOSE PARDO NRO 635 URB SURQUILLO,-12.11922,-77.03515
07/02/2026,0752-CHORRILLOS,AJE-841,11603351,SW FRANQUICIAS ANDINAS SAC,SUBWAY PARDO E,713,3025017184,57694,FUNDIDO SABOR EMMENTAL 2.27KG MILKUNZ,4.54,121.94,CARRASCO TAPIA JESUS EUGENIO,,MIRAFLORES,AV JOSE PARDO NRO 635 URB SURQUILLO,-12.11922,-77.03515
07/02/2026,0752-CHORRILLOS,AJE-841,11603351,SW FRANQUICIAS ANDINAS SAC,SUBWAY PARDO E,713,3025017184,57696,FUNDIDO SABOR CHEDDAR 2.27KG MILKUNZ,4.54,121.94,CARRASCO TAPIA JESUS EUGENIO,,MIRAFLORES,AV JOSE PARDO NRO 635 URB SURQUILLO,-12.11922,-77.03515
07/02/2026,0752-CHORRILLOS,AJE-841,11603351,SW FRANQUICIAS ANDINAS SAC,SUBWAY PARDO E,713,3025017184,57698,JAMON 2001 OVAL CONG PQT 0.5KG BF,7,173.53,CARRASCO TAPIA JESUS EUGENIO,,MIRAFLORES,AV JOSE PARDO NRO 635 URB SURQUILLO,-12.11922,-77.03515
07/02/2026,0752-CHORRILLOS,AJE-841,11603351,SW FRANQUICIAS ANDINAS SAC,SUBWAY PARDO E,713,3025059353,58566,PECHUGA POLLO MACERADA COCIDA 2KG SEGO,24,697.2,CARRASCO TAPIA JESUS EUGENIO,,MIRAFLORES,AV JOSE PARDO NRO 635 URB SURQUILLO,-12.11922,-77.03515
07/02/2026,0752-CHORRILLOS,AJE-841,11603351,SW FRANQUICIAS ANDINAS SAC,SUBWAY PARDO E,713,3025059353,58568,PULLED PORK ESPECIAL 1KG CG BF,1,34.68,CARRASCO TAPIA JESUS EUGENIO,,MIRAFLORES,AV JOSE PARDO NRO 635 URB SURQUILLO,-12.11922,-77.03515
07/02/2026,0752-CHORRILLOS,AJE-841,11603351,SW FRANQUICIAS ANDINAS SAC,SUBWAY PARDO E,713,3025059353,58570,FUNDIDO SABOR EMMENTAL 2.27KG MILKUNZ,4.54,121.94,CARRASCO TAPIA JESUS EUGENIO,,MIRAFLORES,AV JOSE PARDO NRO 635 URB SURQUILLO,-12.11922,-77.03515
07/02/2026,0752-CHORRILLOS,AJE-841,11603351,SW FRANQUICIAS ANDINAS SAC,SUBWAY PARDO E,713,3025059353,58572,FUNDIDO SABOR CHEDDAR 2.27KG MILKUNZ,4.54,121.94,CARRASCO TAPIA JESUS EUGENIO,,MIRAFLORES,AV JOSE PARDO NRO 635 URB SURQUILLO,-12.11922,-77.03515
07/02/2026,0752-CHORRILLOS,AJE-841,11603351,SW FRANQUICIAS ANDINAS SAC,SUBWAY PARDO E,713,3025059353,58574,JAMON 2001 OVAL CONG PQT 0.5KG BF,7.5,185.92,CARRASCO TAPIA JESUS EUGENIO,,MIRAFLORES,AV JOSE PARDO NRO 635 URB SURQUILLO,-12.11922,-77.03515
07/02/2026,0752-CHORRILLOS,AJE-841,11752263,EVS SAC,,716,3025025978,57768,TOCINO AHUMADO TRADICION 1KG BDT,1,47.82,CARRASCO TAPIA JESUS EUGENIO,,MIRAFLORES,AV  COMANDANTE ESPINAR 266,-12.11726,-77.03678
07/02/2026,0752-CHORRILLOS,AJE-841,11752263,EVS SAC,,716,3025025978,57770,JAMON PIZZERO 500GR BDT,6,145.2,CARRASCO TAPIA JESUS EUGENIO,,MIRAFLORES,AV  COMANDANTE ESPINAR 266,-12.11726,-77.03678
07/02/2026,0752-CHORRILLOS,AJE-841,11752263,EVS SAC,,716,3025025978,57772,PEPPERONI 500GR AP BDT,1.5,137.22,CARRASCO TAPIA JESUS EUGENIO,,MIRAFLORES,AV  COMANDANTE ESPINAR 266,-12.11726,-77.03678
07/02/2026,0752-CHORRILLOS,AJE-841,11752263,EVS SAC,,716,3025025978,57774,SALAME HUNGARO 150GR BDT,0.3,32.84,CARRASCO TAPIA JESUS EUGENIO,,MIRAFLORES,AV  COMANDANTE ESPINAR 266,-12.11726,-77.03678
07/02/2026,0752-CHORRILLOS,AJE-841,11752263,EVS SAC,,716,3025025978,57776,CHORIZO AHUMADO 400GR BDT,0.8,34.12,CARRASCO TAPIA JESUS EUGENIO,,MIRAFLORES,AV  COMANDANTE ESPINAR 266,-12.11726,-77.03678
07/02/2026,0752-CHORRILLOS,AJE-841,11670228,MOUSTACHE BEAMS SAC,RAPPI SANTA CRUZ,722,3025058222,58514,PACK CHORIZOS COCKTAIL GOURMET 370G OK,0.74,23.24,CARRASCO TAPIA JESUS EUGENIO,,MIRAFLORES,AV ANGAMOS OESTE 725,-12.11415,-77.03607
07/02/2026,0752-CHORRILLOS,AJE-841,11670228,MOUSTACHE BEAMS SAC,RAPPI SANTA CRUZ,722,3025058222,58516,JAM?N GLAS? A LA MIEL 200G OK,0.2,11.18,CARRASCO TAPIA JESUS EUGENIO,,MIRAFLORES,AV ANGAMOS OESTE 725,-12.11415,-77.03607
07/02/2026,0752-CHORRILLOS,AJE-841,11670228,MOUSTACHE BEAMS SAC,RAPPI SANTA CRUZ,722,3025058222,58518,HAMBURGUESA PARRI MINI  600G OK,0.6,17.89,CARRASCO TAPIA JESUS EUGENIO,,MIRAFLORES,AV ANGAMOS OESTE 725,-12.11415,-77.03607
07/02/2026,0752-CHORRILLOS,AJE-841,11670228,MOUSTACHE BEAMS SAC,RAPPI SANTA CRUZ,722,3025058222,58520,SALCHICHA DEL NORTE 150G OK,0.15,4.4,CARRASCO TAPIA JESUS EUGENIO,,MIRAFLORES,AV ANGAMOS OESTE 725,-12.11415,-77.03607
07/02/2026,0752-CHORRILLOS,AJE-841,11670228,MOUSTACHE BEAMS SAC,RAPPI SANTA CRUZ,722,3025058222,58522,HAMBURG DE RES PQ 8UN 85GR OK,2.04,52.98,CARRASCO TAPIA JESUS EUGENIO,,MIRAFLORES,AV ANGAMOS OESTE 725,-12.11415,-77.03607
07/02/2026,0752-CHORRILLOS,AJE-841,11670228,MOUSTACHE BEAMS SAC,RAPPI SANTA CRUZ,722,3025058222,58524,JAMON DE PAVITA PQ 200GR 8LJ OK,1,45.15,CARRASCO TAPIA JESUS EUGENIO,,MIRAFLORES,AV ANGAMOS OESTE 725,-12.11415,-77.03607
07/02/2026,0752-CHORRILLOS,AJE-841,11670228,MOUSTACHE BEAMS SAC,RAPPI SANTA CRUZ,722,3025058222,58526,JAMON INGLES PQ 200GR 8LJ OK,2.8,138.32,CARRASCO TAPIA JESUS EUGENIO,,MIRAFLORES,AV ANGAMOS OESTE 725,-12.11415,-77.03607
07/02/2026,0752-CHORRILLOS,AJE-841,11670228,MOUSTACHE BEAMS SAC,RAPPI SANTA CRUZ,722,3025058222,58528,JAMON DEL PAIS PQ 150GR 8LJ OK,0.15,7.51,CARRASCO TAPIA JESUS EUGENIO,,MIRAFLORES,AV ANGAMOS OESTE 725,-12.11415,-77.03607
07/02/2026,0752-CHORRILLOS,AJE-841,11670228,MOUSTACHE BEAMS SAC,RAPPI SANTA CRUZ,722,3025058222,58530,LOMO AHUMADO PQ 150GR 6LJ OK,0.15,8.37,CARRASCO TAPIA JESUS EUGENIO,,MIRAFLORES,AV ANGAMOS OESTE 725,-12.11415,-77.03607
07/02/2026,0752-CHORRILLOS,AJE-841,11670228,MOUSTACHE BEAMS SAC,RAPPI SANTA CRUZ,722,3025058222,58532,JAMONADA ESPECIAL PQ 100GR 8LJ OK,0.1,5.07,CARRASCO TAPIA JESUS EUGENIO,,MIRAFLORES,AV ANGAMOS OESTE 725,-12.11415,-77.03607
07/02/2026,0752-CHORRILLOS,AJE-841,11670228,MOUSTACHE BEAMS SAC,RAPPI SANTA CRUZ,722,3025058222,58534,POLACA PQ 100GR 8LJ OK,0.2,6.58,CARRASCO TAPIA JESUS EUGENIO,,MIRAFLORES,AV ANGAMOS OESTE 725,-12.11415,-77.03607
07/02/2026,0752-CHORRILLOS,AJE-841,11670228,MOUSTACHE BEAMS SAC,RAPPI SANTA CRUZ,722,3025058222,58536,SALCH VIENESA ESP PQ 5UN 250GR OK,0.25,4.92,CARRASCO TAPIA JESUS EUGENIO,,MIRAFLORES,AV ANGAMOS OESTE 725,-12.11415,-77.03607
07/02/2026,0752-CHORRILLOS,AJE-841,11670228,MOUSTACHE BEAMS SAC,RAPPI SANTA CRUZ,722,3025058222,58538,SALCH VIENESA ESP PQ 10UN 500GR OK,0.5,9.95,CARRASCO TAPIA JESUS EUGENIO,,MIRAFLORES,AV ANGAMOS OESTE 725,-12.11415,-77.03607
07/02/2026,0752-CHORRILLOS,AJE-841,11670228,MOUSTACHE BEAMS SAC,RAPPI SANTA CRUZ,722,3025058222,58540,SALCH VIENESA GOUR PQ 6UN 500GR OK,1,23.7,CARRASCO TAPIA JESUS EUGENIO,,MIRAFLORES,AV ANGAMOS OESTE 725,-12.11415,-77.03607
07/02/2026,0752-CHORRILLOS,AJE-841,11670228,MOUSTACHE BEAMS SAC,RAPPI SANTA CRUZ,722,3025058222,58542,PACK VIENESA ESP 500G Y 250G 750GR OK,1.5,23.98,CARRASCO TAPIA JESUS EUGENIO,,MIRAFLORES,AV ANGAMOS OESTE 725,-12.11415,-77.03607
07/02/2026,0752-CHORRILLOS,AJE-841,11670228,MOUSTACHE BEAMS SAC,RAPPI SANTA CRUZ,722,3025058222,58544,VIENESA 12CM PQ 5UN 175GR OK,0.35,7.38,CARRASCO TAPIA JESUS EUGENIO,,MIRAFLORES,AV ANGAMOS OESTE 725,-12.11415,-77.03607
07/02/2026,0752-CHORRILLOS,AJE-841,11670228,MOUSTACHE BEAMS SAC,RAPPI SANTA CRUZ,722,3025058222,58546,CHORIZO PARRILLERO PQ 4UN 400GR OK,2.4,75.54,CARRASCO TAPIA JESUS EUGENIO,,MIRAFLORES,AV ANGAMOS OESTE 725,-12.11415,-77.03607
07/02/2026,0752-CHORRILLOS,AJE-841,11670228,MOUSTACHE BEAMS SAC,RAPPI SANTA CRUZ,722,3025058222,58548,MTO CHORIZO FINAS HIERBAS PQ 400GR OK,0.8,26.26,CARRASCO TAPIA JESUS EUGENIO,,MIRAFLORES,AV ANGAMOS OESTE 725,-12.11415,-77.03607
07/02/2026,0752-CHORRILLOS,AJE-841,11670228,MOUSTACHE BEAMS SAC,RAPPI SANTA CRUZ,722,3025058222,58550,PACK COCKTAIL PQ 16UN 320G OK,0.64,20.8,CARRASCO TAPIA JESUS EUGENIO,,MIRAFLORES,AV ANGAMOS OESTE 725,-12.11415,-77.03607
07/02/2026,0752-CHORRILLOS,AJE-841,11670228,MOUSTACHE BEAMS SAC,RAPPI SANTA CRUZ,722,3025058222,58552,CABANOSSI PICANTE 20GR OK,0.04,4.86,CARRASCO TAPIA JESUS EUGENIO,,MIRAFLORES,AV ANGAMOS OESTE 725,-12.11415,-77.03607
07/02/2026,0752-CHORRILLOS,AJE-841,11670228,MOUSTACHE BEAMS SAC,RAPPI SANTA CRUZ,722,3025058222,58554,MTO JAM AMERICANO PICADO PQT 0.50K SEGO,1,18.8,CARRASCO TAPIA JESUS EUGENIO,,MIRAFLORES,AV ANGAMOS OESTE 725,-12.11415,-77.03607
07/02/2026,0752-CHORRILLOS,AJE-841,11605142,FRANQUICIAS ALIMENTARIAS SA,FRIDAYS GUTIERREZ E,713,3025041656,57936,MTO HAMBURG ESP RES 80U 85GR CJ 6.8KG OK,34,683.05,CARRASCO TAPIA JESUS EUGENIO,,MIRAFLORES,AV SANTA CRUZ 824,-12.11082,-77.03752
07/02/2026,0752-CHORRILLOS,AJE-841,11605142,FRANQUICIAS ALIMENTARIAS SA,FRIDAYS GUTIERREZ E,713,3025041656,57938,MTO HAMBURG ESP RES CJ 36UN 200GR OK,28.8,548.92,CARRASCO TAPIA JESUS EUGENIO,,MIRAFLORES,AV SANTA CRUZ 824,-12.11082,-77.03752
07/02/2026,0752-CHORRILLOS,AJE-841,11605122,PRODUCTOS Y SERVICIOS VLADY SA,PRODUC 540522 ES,719,3025086453,61844,FRANKFURTER MUNICIPAL 2KG AP BDT,4,151.4,CARRASCO TAPIA JESUS EUGENIO,,MIRAFLORES,JR JUNIN 494,-12.11043,-77.02676
07/02/2026,0752-CHORRILLOS,AJE-841,11605122,PRODUCTOS Y SERVICIOS VLADY SA,PRODUC 540522 ES,719,3025086453,61846,QUESO CREMA  1.9KG PHILADELPHIA,1.9,74,CARRASCO TAPIA JESUS EUGENIO,,MIRAFLORES,JR JUNIN 494,-12.11043,-77.02676
07/02/2026,0752-CHORRILLOS,AJE-841,11605122,PRODUCTOS Y SERVICIOS VLADY SA,PRODUC 540522 ES,719,3025086453,61848,JAMON PIZZA PQ 500GR 25LJ OK,8,235.14,CARRASCO TAPIA JESUS EUGENIO,,MIRAFLORES,JR JUNIN 494,-12.11043,-77.02676
07/02/2026,0752-CHORRILLOS,AJE-841,11605122,PRODUCTOS Y SERVICIOS VLADY SA,PRODUC 540522 ES,719,3025086453,61850,EDAM BARRA 3KG AP MILKUNZ,3,111.12,CARRASCO TAPIA JESUS EUGENIO,,MIRAFLORES,JR JUNIN 494,-12.11043,-77.02676
07/02/2026,0752-CHORRILLOS,AJE-841,11631587,TAMAL TABIEN SAC,TAMA E,720,3024928169,57352,QUESO EDAM REB 500GR SIGMA FS,1.5,59.4,CARRASCO TAPIA JESUS EUGENIO,,MIRAFLORES,AV PETIT THOUARS 4701,-12.1096,-77.02932
07/02/2026,0752-CHORRILLOS,AJE-841,11631587,TAMAL TABIEN SAC,TAMA E,720,3024928169,57354,QUESO CREMA PHILADELP BRICK 180GR KRAFT,0.36,20.42,CARRASCO TAPIA JESUS EUGENIO,,MIRAFLORES,AV PETIT THOUARS 4701,-12.1096,-77.02932
07/02/2026,0752-CHORRILLOS,AJE-841,11631587,TAMAL TABIEN SAC,TAMA E,720,3024928169,57356,JAMON INGLES SR 200GR BDT,2.8,159.46,CARRASCO TAPIA JESUS EUGENIO,,MIRAFLORES,AV PETIT THOUARS 4701,-12.1096,-77.02932
07/02/2026,0752-CHORRILLOS,AJE-841,11715948,DOBLE FUSION GASTRONOMICA SAC,SUMERCE,71A,3025074789,60416,FRANKFURTER GASTRONOMIA 2KG BDT,6,116.4,CARRASCO TAPIA JESUS EUGENIO,,MIRAFLORES,CA GENERAL SUAREZ 378,-12.11708,-77.02738
07/02/2026,0752-CHORRILLOS,AJE-841,11715948,DOBLE FUSION GASTRONOMICA SAC,SUMERCE,71A,3025074789,60418,CHORIZO PARRI PREC 500GR BDT,0.5,19.04,CARRASCO TAPIA JESUS EUGENIO,,MIRAFLORES,CA GENERAL SUAREZ 378,-12.11708,-77.02738
07/02/2026,0752-CHORRILLOS,AJE-841,11715948,DOBLE FUSION GASTRONOMICA SAC,SUMERCE,71A,3025074789,60420,TOCINO CUL CG PQ 500GR 25LJ OK,0.5,21.3,CARRASCO TAPIA JESUS EUGENIO,,MIRAFLORES,CA GENERAL SUAREZ 378,-12.11708,-77.02738
07/02/2026,0752-CHORRILLOS,AJE-841,11715948,DOBLE FUSION GASTRONOMICA SAC,SUMERCE,71A,3025074789,60422,PIZZA GASTRONOMICO 0.5KG BDT,1,12.5,CARRASCO TAPIA JESUS EUGENIO,,MIRAFLORES,CA GENERAL SUAREZ 378,-12.11708,-77.02738
07/02/2026,0752-CHORRILLOS,AJE-841,11599846,CATALUÑA SAC,CATA E,719,3025078210,60908,SALCH FRANK ALEM PQ 4UN 280GR OK,11.2,437.72,CARRASCO TAPIA JESUS EUGENIO,,MIRAFLORES,SHELL 290,-12.12297,-77.02943
07/02/2026,0752-CHORRILLOS,AJE-841,11599846,CATALUÑA SAC,CATA E,719,3025078210,60910,EDAM BARRA 3KG AP MILKUNZ,15,555.6,CARRASCO TAPIA JESUS EUGENIO,,MIRAFLORES,SHELL 290,-12.12297,-77.02943
07/02/2026,0752-CHORRILLOS,AJE-841,11734326,LUGAR INFINITO SAC,LUGAR INFINITO CAFE,71A,3025026267,57786,LOMO FINO SC 4 A 5 BR CG 2KG AP MT,4,287.6,CARRASCO TAPIA JESUS EUGENIO,,MIRAFLORES,AV ALMIRANTE GRAU 324 URB MIRAFLORE,-12.1215,-77.03494
07/02/2026,0752-CHORRILLOS,AJE-841,11699960,LUNAZCO RODRIGUEZ ANGEL MANUEL,,579,3025052918,58092,TOCINO AHUMADO 80GR BDT,0.16,8.26,CARRASCO TAPIA JESUS EUGENIO,,MIRAFLORES,ENRIQUE PALACIOS 1180,-12.117,-77.04086
07/02/2026,0752-CHORRILLOS,AJE-841,11699960,LUNAZCO RODRIGUEZ ANGEL MANUEL,,579,3025052918,58094,SALCHICHA HUACHO 150GR BDT,0.45,11.95,CARRASCO TAPIA JESUS EUGENIO,,MIRAFLORES,ENRIQUE PALACIOS 1180,-12.117,-77.04086
07/02/2026,0752-CHORRILLOS,AJE-841,11699960,LUNAZCO RODRIGUEZ ANGEL MANUEL,,579,3025052918,58096,HOT DOG TRADICIONAL 200GR BDT,0.8,12.45,CARRASCO TAPIA JESUS EUGENIO,,MIRAFLORES,ENRIQUE PALACIOS 1180,-12.117,-77.04086
07/02/2026,0752-CHORRILLOS,AJE-841,11699960,LUNAZCO RODRIGUEZ ANGEL MANUEL,,579,3025052918,58098,BOLA TIPO MOZZARELLA X 200G BDT,0.8,27.18,CARRASCO TAPIA JESUS EUGENIO,,MIRAFLORES,ENRIQUE PALACIOS 1180,-12.117,-77.04086
07/02/2026,0752-CHORRILLOS,AJE-841,11699960,LUNAZCO RODRIGUEZ ANGEL MANUEL,,579,3025052918,58100,JAMON INGLES PQ 200GR 8LJ OK,0.2,12.6,CARRASCO TAPIA JESUS EUGENIO,,MIRAFLORES,ENRIQUE PALACIOS 1180,-12.117,-77.04086
07/02/2026,0752-CHORRILLOS,AJE-841,11699960,LUNAZCO RODRIGUEZ ANGEL MANUEL,,579,3025052918,58102,JAMON DEL PAIS PQ 150GR 8LJ OK,0.15,8.57,CARRASCO TAPIA JESUS EUGENIO,,MIRAFLORES,ENRIQUE PALACIOS 1180,-12.117,-77.04086
07/02/2026,0752-CHORRILLOS,AJE-841,11699960,LUNAZCO RODRIGUEZ ANGEL MANUEL,,579,3025052918,58104,JAMON PIZZA PQ 100GR 6LJ OK,0.3,8.66,CARRASCO TAPIA JESUS EUGENIO,,MIRAFLORES,ENRIQUE PALACIOS 1180,-12.117,-77.04086
07/02/2026,0752-CHORRILLOS,AJE-841,11699960,LUNAZCO RODRIGUEZ ANGEL MANUEL,,579,3025052918,58106,TOCINO AHUMADO 100GR OK,0.4,24.07,CARRASCO TAPIA JESUS EUGENIO,,MIRAFLORES,ENRIQUE PALACIOS 1180,-12.117,-77.04086
07/02/2026,0752-CHORRILLOS,AJE-841,11699960,LUNAZCO RODRIGUEZ ANGEL MANUEL,,579,3025052918,58108,CHORIZO PARRI PREC 2U 140GR BDT,0.42,8.53,CARRASCO TAPIA JESUS EUGENIO,,MIRAFLORES,ENRIQUE PALACIOS 1180,-12.117,-77.04086
07/02/2026,0752-CHORRILLOS,AJE-841,11713904,NAPOLEON PARIS SAC,NAPOLEON HAUTE PATISSERIE,720,3025089398,62054,QUESO CREMA PHILADELP BRICK 180GR KRAFT,21.6,867.98,CARRASCO TAPIA JESUS EUGENIO,,MIRAFLORES,CA JOSE TORRE UGARTE 280,-12.11697,-77.04364
07/02/2026,0752-CHORRILLOS,AJE-841,11694374,PANADERIA LINARES EIRL,,720,3025100322,62758,LOMO AHUMADO PQ 150GR 6LJ OK,1.05,49.6,CARRASCO TAPIA JESUS EUGENIO,,MIRAFLORES,CA MANUEL TOVAR 433 URB SANTA CRUZ,-12.11517,-77.04346
07/02/2026,0752-CHORRILLOS,AJE-841,11694374,PANADERIA LINARES EIRL,,720,3025100322,62760,TOCINO CUL PQ 500GR 20GR 25LJ OK,1,44.66,CARRASCO TAPIA JESUS EUGENIO,,MIRAFLORES,CA MANUEL TOVAR 433 URB SANTA CRUZ,-12.11517,-77.04346
07/02/2026,0752-CHORRILLOS,AJE-841,11747240,CELEBRA GROUP SAC,CELEBRA EXPRESS,719,3024958977,57388,PROSCIUTTO 100GR BDT,2.5,366,CARRASCO TAPIA JESUS EUGENIO,,MIRAFLORES,AV DEL EJERCITO 456 URB SANTA CRUZ,-12.11603,-77.04531
07/02/2026,0752-CHORRILLOS,AJE-841,11747240,CELEBRA GROUP SAC,CELEBRA EXPRESS,719,3024958977,57390,QUESO CREMA  1.9KG PHILADELPHIA,7.6,323,CARRASCO TAPIA JESUS EUGENIO,,MIRAFLORES,AV DEL EJERCITO 456 URB SANTA CRUZ,-12.11603,-77.04531
07/02/2026,0752-CHORRILLOS,AJE-841,11747240,CELEBRA GROUP SAC,CELEBRA EXPRESS,719,3024958977,57392,PARMESANO HEBRAS 1KG SIGMA FS,2,112.84,CARRASCO TAPIA JESUS EUGENIO,,MIRAFLORES,AV DEL EJERCITO 456 URB SANTA CRUZ,-12.11603,-77.04531
07/02/2026,0752-CHORRILLOS,AJE-841,11741369,ALIMENTOS LATINOS SAC,RESTAURANT EL MERCADO,711,3025096246,62454,MANTEQUILLA SIN SAL 1KG AP SIGMA FS,1,42.35,CARRASCO TAPIA JESUS EUGENIO,,MIRAFLORES,AV HIPOLITO UNANUE 203,-12.11131,-77.04868
07/02/2026,0752-CHORRILLOS,AJE-841,11741369,ALIMENTOS LATINOS SAC,RESTAURANT EL MERCADO,711,3025096246,62456,QUESO DE VACA FRESCO 1KG AP DUMAN,4,88,CARRASCO TAPIA JESUS EUGENIO,,MIRAFLORES,AV HIPOLITO UNANUE 203,-12.11131,-77.04868
07/02/2026,0752-CHORRILLOS,AJE-841,11708321,TANUKI KONBINI SAC,,708,3025056025,58382,JAMON PECHUGA PAVO 3.3KG AP BDT,3.3,216.71,CARRASCO TAPIA JESUS EUGENIO,,SAN ISIDRO,AV BELEN 265 RES STA CRUZ,-12.10534,-77.0473
07/02/2026,0752-CHORRILLOS,AJE-841,11708321,TANUKI KONBINI SAC,,708,3025056025,58384,JAMON PECHUGA PAVO AHUMADA 2.9KG AP BDT,2.9,215.33,CARRASCO TAPIA JESUS EUGENIO,,SAN ISIDRO,AV BELEN 265 RES STA CRUZ,-12.10534,-77.0473
07/02/2026,0752-CHORRILLOS,AJE-841,11708321,TANUKI KONBINI SAC,,708,3025056025,58386,CABANOSSI AL VACIO 24U 600GR BDT,0.6,54.75,CARRASCO TAPIA JESUS EUGENIO,,SAN ISIDRO,AV BELEN 265 RES STA CRUZ,-12.10534,-77.0473
07/02/2026,0752-CHORRILLOS,AJE-841,11708321,TANUKI KONBINI SAC,,708,3025056025,58388,QUESO EDAM SR 180GR BDT,1.8,86.5,CARRASCO TAPIA JESUS EUGENIO,,SAN ISIDRO,AV BELEN 265 RES STA CRUZ,-12.10534,-77.0473
07/02/2026,0752-CHORRILLOS,AJE-841,11708321,TANUKI KONBINI SAC,,708,3025056025,58390,QUESO GOUDA SR 180GR BDT,1.8,86.5,CARRASCO TAPIA JESUS EUGENIO,,SAN ISIDRO,AV BELEN 265 RES STA CRUZ,-12.10534,-77.0473
07/02/2026,0752-CHORRILLOS,AJE-841,11708321,TANUKI KONBINI SAC,,708,3025056025,58392,PHILADELPHIA ORIGINAL TUB 150GR KRAFT,0.9,58.32,CARRASCO TAPIA JESUS EUGENIO,,SAN ISIDRO,AV BELEN 265 RES STA CRUZ,-12.10534,-77.0473
07/02/2026,0752-CHORRILLOS,AJE-841,11708321,TANUKI KONBINI SAC,,708,3025056025,58394,JAMON INGLES PZ 6.5KG OK,13,783.24,CARRASCO TAPIA JESUS EUGENIO,,SAN ISIDRO,AV BELEN 265 RES STA CRUZ,-12.10534,-77.0473
07/02/2026,0752-CHORRILLOS,AJE-841,11605115,BAGUETERIA DON MARIO SAC,DON MA 059407 ES,719,3025096630,62526,JAMON PECHUGA PAVO 3.3KG AP BDT,3.3,216.71,CARRASCO TAPIA JESUS EUGENIO,,MAGDALENA DEL MAR,AV DEL EJERCITO 1324,-12.10267,-77.05881
07/02/2026,0752-CHORRILLOS,AJE-841,11605115,BAGUETERIA DON MARIO SAC,DON MA 059407 ES,719,3025096630,62528,JAMON INGLES 5KG AP BDT,5,235.55,CARRASCO TAPIA JESUS EUGENIO,,MAGDALENA DEL MAR,AV DEL EJERCITO 1324,-12.10267,-77.05881
07/02/2026,0752-CHORRILLOS,AJE-841,11605115,BAGUETERIA DON MARIO SAC,DON MA 059407 ES,719,3025096630,62530,PATE 100GR BDT,0.4,10.96,CARRASCO TAPIA JESUS EUGENIO,,MAGDALENA DEL MAR,AV DEL EJERCITO 1324,-12.10267,-77.05881
07/02/2026,0752-CHORRILLOS,AJE-841,11605115,BAGUETERIA DON MARIO SAC,DON MA 059407 ES,719,3025096630,62532,HOT DOG 200GR BDT,0.6,12.18,CARRASCO TAPIA JESUS EUGENIO,,MAGDALENA DEL MAR,AV DEL EJERCITO 1324,-12.10267,-77.05881
07/02/2026,0752-CHORRILLOS,AJE-841,11605115,BAGUETERIA DON MARIO SAC,DON MA 059407 ES,719,3025096630,62534,HOT DOG POLLO 250GR BDT,0.75,14.82,CARRASCO TAPIA JESUS EUGENIO,,MAGDALENA DEL MAR,AV DEL EJERCITO 1324,-12.10267,-77.05881
07/02/2026,0752-CHORRILLOS,AJE-841,11605115,BAGUETERIA DON MARIO SAC,DON MA 059407 ES,719,3025099727,62670,JAMON PIZZA 3.4 - 3.5 KG OK,6.9,115.18,CARRASCO TAPIA JESUS EUGENIO,,MAGDALENA DEL MAR,AV DEL EJERCITO 1324,-12.10267,-77.05881
07/02/2026,0752-CHORRILLOS,AJE-841,11605115,BAGUETERIA DON MARIO SAC,DON MA 059407 ES,719,3025099727,62672,MORTADELA ESPECIAL PZ 2.9KG OK,2.9,54.59,CARRASCO TAPIA JESUS EUGENIO,,MAGDALENA DEL MAR,AV DEL EJERCITO 1324,-12.10267,-77.05881
07/02/2026,0752-CHORRILLOS,AJE-841,11605115,BAGUETERIA DON MARIO SAC,DON MA 059407 ES,719,3025099727,62674,SALCH VIENESA GOUR PQ 6UN 500GR OK,1,26.06,CARRASCO TAPIA JESUS EUGENIO,,MAGDALENA DEL MAR,AV DEL EJERCITO 1324,-12.10267,-77.05881
07/02/2026,0752-CHORRILLOS,AJE-841,11605115,BAGUETERIA DON MARIO SAC,DON MA 059407 ES,719,3025099727,62676,SALCHICHA DEL NORTE BLS 2KG 100GR OK,4,101.06,CARRASCO TAPIA JESUS EUGENIO,,MAGDALENA DEL MAR,AV DEL EJERCITO 1324,-12.10267,-77.05881
07/02/2026,0752-CHORRILLOS,AJE-841,11605115,BAGUETERIA DON MARIO SAC,DON MA 059407 ES,719,3025099727,62678,TOCINO AHUMADO 100GR OK,0.2,11.1,CARRASCO TAPIA JESUS EUGENIO,,MAGDALENA DEL MAR,AV DEL EJERCITO 1324,-12.10267,-77.05881
07/02/2026,0752-CHORRILLOS,AJE-841,11605115,BAGUETERIA DON MARIO SAC,DON MA 059407 ES,719,3025099727,62680,EDAM BARRA 3KG AP MILKUNZ,6,230.28,CARRASCO TAPIA JESUS EUGENIO,,MAGDALENA DEL MAR,AV DEL EJERCITO 1324,-12.10267,-77.05881
07/02/2026,0752-CHORRILLOS,AJE-841,11605115,BAGUETERIA DON MARIO SAC,DON MA 059407 ES,719,3025099727,62682,MOZZARELLA 4KG AP MILKUNZ,8,260.14,CARRASCO TAPIA JESUS EUGENIO,,MAGDALENA DEL MAR,AV DEL EJERCITO 1324,-12.10267,-77.05881
07/02/2026,0752-CHORRILLOS,AJE-841,11606311,COSTA DEL SOL SA,CDS SALAVERRY E,739,3025095618,62340,JAMON PIZZERO 3.8KG AP BDT,7.6,110.95,CARRASCO TAPIA JESUS EUGENIO,,MAGDALENA DEL MAR,AV SALAVERRY 3060,-12.09744,-77.05592
07/02/2026,0752-CHORRILLOS,AJE-841,11606311,COSTA DEL SOL SA,CDS SALAVERRY E,739,3025095618,62342,QUESO DE VACA FRESCO 3KG AP DUMAN,9,189,CARRASCO TAPIA JESUS EUGENIO,,MAGDALENA DEL MAR,AV SALAVERRY 3060,-12.09744,-77.05592
07/02/2026,0752-CHORRILLOS,AJE-841,11606311,COSTA DEL SOL SA,CDS SALAVERRY E,739,3025095618,62344,JAMON DEL PAIS PZ 3.5KG OK,7,243.78,CARRASCO TAPIA JESUS EUGENIO,,MAGDALENA DEL MAR,AV SALAVERRY 3060,-12.09744,-77.05592
07/02/2026,0752-CHORRILLOS,AJE-841,11598491,DON HUMBERTO SAC,DON HUMBERTO E,719,3025075622,60546,QUESO EDAM GAST 0.5KG BRAEDT A,1.5,59.4,CARRASCO TAPIA JESUS EUGENIO,,MIRAFLORES,AV. JOSE LARCO NRO. 375,-12.12101,-77.02893
07/02/2026,0752-CHORRILLOS,AJE-841,11598491,DON HUMBERTO SAC,DON HUMBERTO E,719,3025099731,62684,TOCINO AHUMADO 1KG BDT,1,47.82,CARRASCO TAPIA JESUS EUGENIO,,MIRAFLORES,AV. JOSE LARCO NRO. 375,-12.12101,-77.02893
07/02/2026,0752-CHORRILLOS,AJE-841,11598491,DON HUMBERTO SAC,DON HUMBERTO E,719,3025099731,62686,JAMON PIZZERO 500GR BDT,3,72.6,CARRASCO TAPIA JESUS EUGENIO,,MIRAFLORES,AV. JOSE LARCO NRO. 375,-12.12101,-77.02893
07/02/2026,0752-CHORRILLOS,AJE-841,11598491,DON HUMBERTO SAC,DON HUMBERTO E,719,3025099731,62688,VIENESA 1001 20CM CONG PQT 18U 1.8KG BF,1.8,36.57,CARRASCO TAPIA JESUS EUGENIO,,MIRAFLORES,AV. JOSE LARCO NRO. 375,-12.12101,-77.02893
07/02/2026,0752-CHORRILLOS,AJE-841,11751609,VILLENA TECCO JOSEPH ROSADIO,,645,3025069075,59688,JAMON PIZZERO 3.8KG AP BDT,7.6,145.02,CARRASCO TAPIA JESUS EUGENIO,,SURQUILLO,CA LOS HALCONES 159,-12.10558,-77.02301
07/02/2026,0752-CHORRILLOS,AJE-841,11751609,VILLENA TECCO JOSEPH ROSADIO,,645,3025069075,59690,QUESO DE CHANCHO PZ 3KG OK,3,50.68,CARRASCO TAPIA JESUS EUGENIO,,SURQUILLO,CA LOS HALCONES 159,-12.10558,-77.02301
07/02/2026,0752-CHORRILLOS,AJE-841,11751609,VILLENA TECCO JOSEPH ROSADIO,,645,3025069075,59692,JAMON DEL PAIS 3.3KG SEGO,6.6,139.95,CARRASCO TAPIA JESUS EUGENIO,,SURQUILLO,CA LOS HALCONES 159,-12.10558,-77.02301
07/02/2026,0752-CHORRILLOS,AJE-841,11714260,AROMAS CAFE DELICATESSEN SAC,AROMAS CAFE,71B,3025074486,60378,PECHUGA POLLO SH SP BR 6U CG CJ 12KG MT,156,1771.67,CARRASCO TAPIA JESUS EUGENIO,,SURQUILLO,JR INCA 874,-12.11235,-77.02123
07/02/2026,0752-CHORRILLOS,AKL-733,11693394,COTRINA VARGAS MARY LUZBET,LOCAL 02,708,3025030427,57834,QUESO CREMA PHILADELP BRICK 180GR KRAFT,17.28,980.16,ALBINO SANTOS WILMER BRAYAN,,BELLAVISTA,AV OSCAR BENAVIDES 4129,-12.05374,-77.10028
07/02/2026,0752-CHORRILLOS,AKL-733,11693394,COTRINA VARGAS MARY LUZBET,LOCAL 02,708,3025030427,57836,JAMON PIZZA 3.4 - 3.5 KG OK,3.45,65.81,ALBINO SANTOS WILMER BRAYAN,,BELLAVISTA,AV OSCAR BENAVIDES 4129,-12.05374,-77.10028
07/02/2026,0752-CHORRILLOS,AKL-733,11693394,COTRINA VARGAS MARY LUZBET,LOCAL 02,708,3025030427,57838,JAMONADA ESPECIAL PZ 3KG OK,3,63.48,ALBINO SANTOS WILMER BRAYAN,,BELLAVISTA,AV OSCAR BENAVIDES 4129,-12.05374,-77.10028
07/02/2026,0752-CHORRILLOS,AKL-733,11693394,COTRINA VARGAS MARY LUZBET,LOCAL 02,708,3025030427,57840,MORTADELA ESPECIAL PZ 2.9KG OK,2.9,49.44,ALBINO SANTOS WILMER BRAYAN,,BELLAVISTA,AV OSCAR BENAVIDES 4129,-12.05374,-77.10028
07/02/2026,0752-CHORRILLOS,AKL-733,11693394,COTRINA VARGAS MARY LUZBET,LOCAL 02,708,3025030427,57842,VIENESA 12CM PQ 5UN 175GR OK,0.18,2.39,ALBINO SANTOS WILMER BRAYAN,,BELLAVISTA,AV OSCAR BENAVIDES 4129,-12.05374,-77.10028
07/02/2026,0752-CHORRILLOS,AKL-733,11602026,G Y K CATERING Y EVENTOS EIRL,CATERING E,716,3025058462,58556,HAMBURG 4002 150G CG CJ 48UNX7.2KG BF,36,576.46,ALBINO SANTOS WILMER BRAYAN,,PUEBLO LIBRE,AV UNIVERSITARIA SUR ESQUINA,-12.07722,-77.08073
07/02/2026,0752-CHORRILLOS,AKL-733,11602026,G Y K CATERING Y EVENTOS EIRL,CATERING E,716,3025058462,58558,FUNDIDO SABOR CHEDDAR 2.27KG MILKUNZ,4.54,149.76,ALBINO SANTOS WILMER BRAYAN,,PUEBLO LIBRE,AV UNIVERSITARIA SUR ESQUINA,-12.07722,-77.08073
07/02/2026,0752-CHORRILLOS,AKL-733,11722639,SOCIEDAD CORPORATIVA E INVERSI,RESTAURANT SOL Y SOMBRA,712,3025059345,58564,CHORIZO CAMPESTRE 10U 1KG OK,100,2205.09,ALBINO SANTOS WILMER BRAYAN,,SAN MIGUEL,AV REPUBLICA DE VENEZUELA 1641,-12.06161,-77.08682
07/02/2026,0752-CHORRILLOS,AKL-733,11597560,TOGUCHI DIAZ ISABEL,,716,3025080492,61184,CUELLO SH SP CG PZA 2.4 A 3KG OK,10.8,255.42,ALBINO SANTOS WILMER BRAYAN,,SAN MIGUEL,AV UNIVERSITARIA 735 INT URB PANDO,-12.08121,-77.08242
07/02/2026,0752-CHORRILLOS,AKL-733,11597560,TOGUCHI DIAZ ISABEL,,716,3025080492,61186,PANCETA SH SP CG PZA 4.0 A 6KG OK,100,2935.48,ALBINO SANTOS WILMER BRAYAN,,SAN MIGUEL,AV UNIVERSITARIA 735 INT URB PANDO,-12.08121,-77.08242
07/02/2026,0752-CHORRILLOS,AKL-733,11597560,TOGUCHI DIAZ ISABEL,,716,3025080492,61188,PATITAS CERDO CG CJ 9KG AP SEGO,9,58.5,ALBINO SANTOS WILMER BRAYAN,,SAN MIGUEL,AV UNIVERSITARIA 735 INT URB PANDO,-12.08121,-77.08242
07/02/2026,0752-CHORRILLOS,AKL-733,11597560,TOGUCHI DIAZ ISABEL,,716,3025080492,61190,RELLENO UN 0.5KG SEGO,10,120.6,ALBINO SANTOS WILMER BRAYAN,,SAN MIGUEL,AV UNIVERSITARIA 735 INT URB PANDO,-12.08121,-77.08242
07/02/2026,0752-CHORRILLOS,AKL-733,11751176,GRUPO INTIFARMA SAC,LA FINCA DE DON MIGUEL,71B,3025084267,61584,LOMO FINO SC 4 A 5 BR CG 2KG AP MT,12,667.8,ALBINO SANTOS WILMER BRAYAN,,SAN MIGUEL,AV DE LOS INSURGENTES 860,-12.06649,-77.10389
07/02/2026,0752-CHORRILLOS,AKL-733,11751176,GRUPO INTIFARMA SAC,LA FINCA DE DON MIGUEL,71B,3025084267,61586,BIFE ANGOS CONG 2U BLS 500G AP SEGO,5,210,ALBINO SANTOS WILMER BRAYAN,,SAN MIGUEL,AV DE LOS INSURGENTES 860,-12.06649,-77.10389
07/02/2026,0752-CHORRILLOS,AKL-733,11751176,GRUPO INTIFARMA SAC,LA FINCA DE DON MIGUEL,71B,3025084267,61588,CHULETA BARCA 300G CG BL 10UNX3KG OK,9,188.64,ALBINO SANTOS WILMER BRAYAN,,SAN MIGUEL,AV DE LOS INSURGENTES 860,-12.06649,-77.10389
07/02/2026,0752-CHORRILLOS,AKL-733,11751176,GRUPO INTIFARMA SAC,LA FINCA DE DON MIGUEL,71B,3025084267,61590,CHURRASC LARG 350G CG BL 2UNX0.7KG SEGO,7,252.4,ALBINO SANTOS WILMER BRAYAN,,SAN MIGUEL,AV DE LOS INSURGENTES 860,-12.06649,-77.10389
07/02/2026,0752-CHORRILLOS,AKL-733,11727093,SEISUKE FOODS EIRL,CHICHARRONES KINAS,71B,3025087540,61912,PANCETA SH SP CG PZA 4.0 A 6KG OK,150,3149.95,ALBINO SANTOS WILMER BRAYAN,,SAN MIGUEL,AV UNIVERSITARIA 1161,-12.07402,-77.07967
07/02/2026,0752-CHORRILLOS,AKL-733,11727093,SEISUKE FOODS EIRL,CHICHARRONES KINAS,71B,3025087540,61914,RELLENO UN 0.5KG SEGO,10,110.3,ALBINO SANTOS WILMER BRAYAN,,SAN MIGUEL,AV UNIVERSITARIA 1161,-12.07402,-77.07967
07/02/2026,0752-CHORRILLOS,AKL-733,11611914,COESTI SA,PECSA SALAVERRY E,714,3025093331,62222,HAMBURGUESA PC 100G 63U CG CJ 6.30KG BF,12.6,233.4,ALBINO SANTOS WILMER BRAYAN,,MAGDALENA DEL MAR,JR SALAVERRY 480,-12.09425,-77.07468
07/02/2026,0752-CHORRILLOS,AKL-733,11604428,INVERSIONES HOUSE CHICKEN SAC,RKY FAUCETT E,713,3025096157,62436,MANTEQUILLA CON SAL 1KG AP SIGMA FS,2,63.68,ALBINO SANTOS WILMER BRAYAN,,BELLAVISTA,AV ELMER FAUCETT 2034 URB SAN JOSE (2034-2040 Y 2046),-12.05594,-77.0975
07/02/2026,0752-CHORRILLOS,AKL-733,11604428,INVERSIONES HOUSE CHICKEN SAC,RKY FAUCETT E,713,3025096157,62438,FRANKFURTER COCT 250GR BDT,2,61.52,ALBINO SANTOS WILMER BRAYAN,,BELLAVISTA,AV ELMER FAUCETT 2034 URB SAN JOSE (2034-2040 Y 2046),-12.05594,-77.0975
07/02/2026,0752-CHORRILLOS,AKL-733,11604428,INVERSIONES HOUSE CHICKEN SAC,RKY FAUCETT E,713,3025096157,62440,FUNDIDO SABOR CHEDDAR 2.27KG MILKUNZ,2.27,69.79,ALBINO SANTOS WILMER BRAYAN,,BELLAVISTA,AV ELMER FAUCETT 2034 URB SAN JOSE (2034-2040 Y 2046),-12.05594,-77.0975
07/02/2026,0752-CHORRILLOS,AKL-733,11604428,INVERSIONES HOUSE CHICKEN SAC,RKY FAUCETT E,713,3025096157,62442,FRANK AHUM CUL 15CM PQ 20UN 1KG OK,5,98.6,ALBINO SANTOS WILMER BRAYAN,,BELLAVISTA,AV ELMER FAUCETT 2034 URB SAN JOSE (2034-2040 Y 2046),-12.05594,-77.0975
07/02/2026,0752-CHORRILLOS,AKL-733,11601757,INVERSIONES INDEPENDENCIA SAC,RODIZIO MARINA E,713,3025096625,62514,PECH POLLO SH SP BR 6U CG CJ 12KG PERDIX,24,314.4,ALBINO SANTOS WILMER BRAYAN,,SAN MIGUEL,AV LA MARINA 3151 URB MARANGA 3ERA ETAPA,-12.07529,-77.09833
07/02/2026,0752-CHORRILLOS,AKL-733,11601757,INVERSIONES INDEPENDENCIA SAC,RODIZIO MARINA E,713,3025096625,62516,GOUDA BARRA 3.3KG AP MILKUNZ,3.3,90.78,ALBINO SANTOS WILMER BRAYAN,,SAN MIGUEL,AV LA MARINA 3151 URB MARANGA 3ERA ETAPA,-12.07529,-77.09833
07/02/2026,0752-CHORRILLOS,AKL-733,11601757,INVERSIONES INDEPENDENCIA SAC,RODIZIO MARINA E,713,3025096625,62518,FRANK AHUM CUL 15CM PQ 20UN 1KG OK,1,19.72,ALBINO SANTOS WILMER BRAYAN,,SAN MIGUEL,AV LA MARINA 3151 URB MARANGA 3ERA ETAPA,-12.07529,-77.09833
07/02/2026,0752-CHORRILLOS,AKL-733,11601757,INVERSIONES INDEPENDENCIA SAC,RODIZIO MARINA E,713,3025096625,62520,TOCINO AHUMADO 100GR SEGO,1,39.1,ALBINO SANTOS WILMER BRAYAN,,SAN MIGUEL,AV LA MARINA 3151 URB MARANGA 3ERA ETAPA,-12.07529,-77.09833
07/02/2026,0752-CHORRILLOS,AKL-733,11704732,INVERSIONES TAPIAJARA CHICKEN,SEÑOR POLLO POLLINO POLLON SAC,708,3025100327,62802,CHULETA BARCA 200G CG BL 10UNX2KG OK,6,111.12,ALBINO SANTOS WILMER BRAYAN,,BELLAVISTA,AV BENAVIDES 4560 URB LA COLONIAL,-12.05315,-77.09613
07/02/2026,0752-CHORRILLOS,AKL-733,11704732,INVERSIONES TAPIAJARA CHICKEN,SEÑOR POLLO POLLINO POLLON SAC,708,3025100327,62804,FRANK AHUM CUL 15CM PQ 20UN 1KG OK,8,185.26,ALBINO SANTOS WILMER BRAYAN,,BELLAVISTA,AV BENAVIDES 4560 URB LA COLONIAL,-12.05315,-77.09613
07/02/2026,0752-CHORRILLOS,AKL-733,11704732,INVERSIONES TAPIAJARA CHICKEN,SEÑOR POLLO POLLINO POLLON SAC,708,3025100327,62806,CHORIZO PREC NAT CG PQ 2KG SEGO,4,67.87,ALBINO SANTOS WILMER BRAYAN,,BELLAVISTA,AV BENAVIDES 4560 URB LA COLONIAL,-12.05315,-77.09613
07/02/2026,0752-CHORRILLOS,AKL-733,11597724,LH SAN MIGUEL SAC,LONG HORN E,711,3025104012,62938,MORCILLA CRIOLLA 2001 CONG PQT20U 2KG BF,30,409.51,ALBINO SANTOS WILMER BRAYAN,,SAN MIGUEL,CA MANTARO CDRA 2 S/N TIENDAV-14-PL,-12.07618,-77.08336
07/02/2026,0752-CHORRILLOS,AKL-733,11745901,RETAIL SERVICES SAC,BLERIOT COOPER BOMBONNIERE,719,3025086414,61826,TOCINO AHUMADO TRADICION 1KG BDT,10,478.2,ALBINO SANTOS WILMER BRAYAN,,CALLAO,AV CORONEL NESTOR GAMBETTA 1570,-12.02585,-77.10787
07/02/2026,0752-CHORRILLOS,AKL-733,11745901,RETAIL SERVICES SAC,BLERIOT COOPER BOMBONNIERE,719,3025086414,61828,MANTEQUILLA SIN SAL 1KG AP SIGMA FS,10,423.48,ALBINO SANTOS WILMER BRAYAN,,CALLAO,AV CORONEL NESTOR GAMBETTA 1570,-12.02585,-77.10787
07/02/2026,0752-CHORRILLOS,AKL-733,11745901,RETAIL SERVICES SAC,BLERIOT COOPER BOMBONNIERE,719,3025086414,61830,QUESO EDAM GAST 3.5KG AP BRAEDT A,14,378,ALBINO SANTOS WILMER BRAYAN,,CALLAO,AV CORONEL NESTOR GAMBETTA 1570,-12.02585,-77.10787
07/02/2026,0752-CHORRILLOS,AKL-733,11745901,RETAIL SERVICES SAC,BLERIOT COOPER BOMBONNIERE,719,3025086414,61832,JAMON INGLES PZ 6.5KG OK,13,637,ALBINO SANTOS WILMER BRAYAN,,CALLAO,AV CORONEL NESTOR GAMBETTA 1570,-12.02585,-77.10787
07/02/2026,0752-CHORRILLOS,AKL-733,11745901,RETAIL SERVICES SAC,BLERIOT COOPER BOMBONNIERE,719,3025086414,61834,JAMON SERRANO CUL 20U CJ 2KG OK,6,690,ALBINO SANTOS WILMER BRAYAN,,CALLAO,AV CORONEL NESTOR GAMBETTA 1570,-12.02585,-77.10787
07/02/2026,0752-CHORRILLOS,AKL-733,11598224,GATE GOURMET PERU SRL,GATE G 089802 ES,714,3025018591,57704,MOZZARELLA 4KG AP MILKUNZ,12,357.59,ALBINO SANTOS WILMER BRAYAN,,CALLAO,AV FAUCETT S/N,-12.02068,-77.10732
07/02/2026,0752-CHORRILLOS,AKL-733,11598224,GATE GOURMET PERU SRL,GATE G 089802 ES,714,3025022408,57764,SALCHICHA HUACHO 150GR BDT,12,265.64,ALBINO SANTOS WILMER BRAYAN,,CALLAO,AV FAUCETT S/N,-12.02068,-77.10732
07/02/2026,0752-CHORRILLOS,AKL-733,11598224,GATE GOURMET PERU SRL,GATE G 089802 ES,714,3025022408,57766,QUESO AZUL 2.2KG AP MILKUNZ,6.6,339.57,ALBINO SANTOS WILMER BRAYAN,,CALLAO,AV FAUCETT S/N,-12.02068,-77.10732
07/02/2026,0752-CHORRILLOS,AKL-733,11598224,GATE GOURMET PERU SRL,GATE G 089802 ES,714,3025085581,61740,SALCHICHA HUACHO 150GR BDT,6,132.82,ALBINO SANTOS WILMER BRAYAN,,CALLAO,AV FAUCETT S/N,-12.02068,-77.10732
07/02/2026,0752-CHORRILLOS,AKL-733,11598224,GATE GOURMET PERU SRL,GATE G 089802 ES,714,3025085581,61742,QUESO AZUL 2.2KG AP MILKUNZ,6.6,339.57,ALBINO SANTOS WILMER BRAYAN,,CALLAO,AV FAUCETT S/N,-12.02068,-77.10732
07/02/2026,0752-CHORRILLOS,AKL-733,11598224,GATE GOURMET PERU SRL,GATE G 089802 ES,714,3025085581,61744,PROVOLONE 2.5KG AP MILKUNZ,5.1,324.51,ALBINO SANTOS WILMER BRAYAN,,CALLAO,AV FAUCETT S/N,-12.02068,-77.10732
07/02/2026,0752-CHORRILLOS,AKL-733,11598224,GATE GOURMET PERU SRL,GATE G 089802 ES,714,3025085581,61746,CARNE MOLIDA ESTANDAR 1.0 KG SEGO,35,510.3,ALBINO SANTOS WILMER BRAYAN,,CALLAO,AV FAUCETT S/N,-12.02068,-77.10732
07/02/2026,0752-CHORRILLOS,AKL-733,11754150,ALCCIMA SAC,ALCCIMA SAC,708,3025068461,59608,QUESO EDAM GAST 0.5KG BRAEDT A,1.5,59.4,ALBINO SANTOS WILMER BRAYAN,,CALLAO,AV NESTOR GAMBETA KM 14.5,-11.93827,-77.13049
07/02/2026,0752-CHORRILLOS,AKL-733,11758650,CLINICA MEDICA CAYETANO HEREDI,CLINICA CAYETANO HEREDIA,712,3025075129,60470,PECH POLLO SH SP BR 6U CG CJ 12KG PERDIX,60,711.6,ALBINO SANTOS WILMER BRAYAN,,SAN MARTIN DE PORRES,AV HONORIO DELGADO 370 URB INGENIER,-12.02334,-77.05611
07/02/2026,0752-CHORRILLOS,AKL-733,11758650,CLINICA MEDICA CAYETANO HEREDI,CLINICA CAYETANO HEREDIA,712,3025075129,60472,PECHUGA PAVO SH SP SF CG CJ 24 KG AP MT,24,492,ALBINO SANTOS WILMER BRAYAN,,SAN MARTIN DE PORRES,AV HONORIO DELGADO 370 URB INGENIER,-12.02334,-77.05611
07/02/2026,0752-CHORRILLOS,ALJ-851,6247651,SUPERMERCADOS PERUANOS S.A.,SPSA MAKRO CHORRILLOS,725,3025074215,60212,CHORIZO PRECOCIDO 1.5KG SEGO,1.5,27.05,WISUM AKUTS JHON ASHLEYCOLE,,CHORRILLOS,URB. FUNDO VILLA AV. HUAYLAS S/N LO,-12.17432,-77.0193
07/02/2026,0752-CHORRILLOS,ALJ-851,6247651,SUPERMERCADOS PERUANOS S.A.,SPSA MAKRO CHORRILLOS,725,3025074220,60230,JAMON INGLES PQ 200GR 8LJ OK,2,92.6,WISUM AKUTS JHON ASHLEYCOLE,,CHORRILLOS,URB. FUNDO VILLA AV. HUAYLAS S/N LO,-12.17432,-77.0193
07/02/2026,0752-CHORRILLOS,ALJ-851,6247651,SUPERMERCADOS PERUANOS S.A.,SPSA MAKRO CHORRILLOS,725,3025074220,60232,SALCH VIENESA GOUR PQ 6UN 500GR OK,4,91.36,WISUM AKUTS JHON ASHLEYCOLE,,CHORRILLOS,URB. FUNDO VILLA AV. HUAYLAS S/N LO,-12.17432,-77.0193
07/02/2026,0752-CHORRILLOS,ALJ-851,6247651,SUPERMERCADOS PERUANOS S.A.,SPSA MAKRO CHORRILLOS,725,3025074220,60234,PACK VIENESA ESP 500G Y 250G 750GR OK,12,186.24,WISUM AKUTS JHON ASHLEYCOLE,,CHORRILLOS,URB. FUNDO VILLA AV. HUAYLAS S/N LO,-12.17432,-77.0193
07/02/2026,0752-CHORRILLOS,ALJ-851,6247651,SUPERMERCADOS PERUANOS S.A.,SPSA MAKRO CHORRILLOS,725,3025074220,60236,TOCINO CUL PQ 500GR 20GR 25LJ OK,15,555.9,WISUM AKUTS JHON ASHLEYCOLE,,CHORRILLOS,URB. FUNDO VILLA AV. HUAYLAS S/N LO,-12.17432,-77.0193
07/02/2026,0752-CHORRILLOS,ALJ-851,6247651,SUPERMERCADOS PERUANOS S.A.,SPSA MAKRO CHORRILLOS,725,3025074220,60238,JAMON AMERICANO PQ 0.5KG SEGO,10,162.48,WISUM AKUTS JHON ASHLEYCOLE,,CHORRILLOS,URB. FUNDO VILLA AV. HUAYLAS S/N LO,-12.17432,-77.0193
07/02/2026,0752-CHORRILLOS,ALJ-851,6247651,SUPERMERCADOS PERUANOS S.A.,SPSA MAKRO CHORRILLOS,725,3025074220,60240,HOT DOG SALCHIP ROSA PQ 24U SEGO,9.2,78.2,WISUM AKUTS JHON ASHLEYCOLE,,CHORRILLOS,URB. FUNDO VILLA AV. HUAYLAS S/N LO,-12.17432,-77.0193
07/02/2026,0752-CHORRILLOS,ALJ-851,6247651,SUPERMERCADOS PERUANOS S.A.,SPSA MAKRO CHORRILLOS,725,3025074220,60242,SALCH HUACHO UN 0.25KG SEGO,6,99.46,WISUM AKUTS JHON ASHLEYCOLE,,CHORRILLOS,URB. FUNDO VILLA AV. HUAYLAS S/N LO,-12.17432,-77.0193
07/02/2026,0752-CHORRILLOS,ALJ-851,6247651,SUPERMERCADOS PERUANOS S.A.,SPSA MAKRO CHORRILLOS,725,3025074222,60244,PACK CHORIZOS COCKTAIL GOURMET 370G OK,2.96,92.96,WISUM AKUTS JHON ASHLEYCOLE,,CHORRILLOS,URB. FUNDO VILLA AV. HUAYLAS S/N LO,-12.17432,-77.0193
07/02/2026,0752-CHORRILLOS,ALJ-851,6247651,SUPERMERCADOS PERUANOS S.A.,SPSA MAKRO CHORRILLOS,725,3025074227,60248,CHORIZO PARRILLERO PQ 4UN 400GR OK,4.8,138.72,WISUM AKUTS JHON ASHLEYCOLE,,CHORRILLOS,URB. FUNDO VILLA AV. HUAYLAS S/N LO,-12.17432,-77.0193
07/02/2026,0752-CHORRILLOS,ALJ-851,6247651,SUPERMERCADOS PERUANOS S.A.,SPSA MAKRO CHORRILLOS,725,3025074227,60250,CHORIZO PREC PQ 0.5KG SEGO,7.5,152.85,WISUM AKUTS JHON ASHLEYCOLE,,CHORRILLOS,URB. FUNDO VILLA AV. HUAYLAS S/N LO,-12.17432,-77.0193
07/02/2026,0752-CHORRILLOS,ALJ-851,6247263,SUPERMERCADOS PERUANOS S.A.,SPSA MAKRO SURCO,725,3025062887,58836,CHORIZO PARRILLERO PQ 4UN 400GR OK,14.4,416.16,WISUM AKUTS JHON ASHLEYCOLE,,SANTIAGO DE SURCO,AV. JORGE CHÁVEZ 1218,-12.14874,-77.00916
07/02/2026,0752-CHORRILLOS,ALJ-851,6247263,SUPERMERCADOS PERUANOS S.A.,SPSA MAKRO SURCO,725,3025062887,58838,MTO CHORIZO FINAS HIERBAS PQ 400GR OK,6.4,201.28,WISUM AKUTS JHON ASHLEYCOLE,,SANTIAGO DE SURCO,AV. JORGE CHÁVEZ 1218,-12.14874,-77.00916
07/02/2026,0752-CHORRILLOS,ALJ-851,6247263,SUPERMERCADOS PERUANOS S.A.,SPSA MAKRO SURCO,725,3025062887,58840,CHORIZO CAMPESTRE PQ 4UN 400GR OK,3.2,107.38,WISUM AKUTS JHON ASHLEYCOLE,,SANTIAGO DE SURCO,AV. JORGE CHÁVEZ 1218,-12.14874,-77.00916
07/02/2026,0752-CHORRILLOS,ALJ-851,6247263,SUPERMERCADOS PERUANOS S.A.,SPSA MAKRO SURCO,725,3025062887,58842,RELLENO UN 0.5KG SEGO,4,79.76,WISUM AKUTS JHON ASHLEYCOLE,,SANTIAGO DE SURCO,AV. JORGE CHÁVEZ 1218,-12.14874,-77.00916
07/02/2026,0752-CHORRILLOS,ALJ-851,6247263,SUPERMERCADOS PERUANOS S.A.,SPSA MAKRO SURCO,725,3025062889,58854,CHORIZO PRECOCIDO 1.5KG SEGO,4.5,81.15,WISUM AKUTS JHON ASHLEYCOLE,,SANTIAGO DE SURCO,AV. JORGE CHÁVEZ 1218,-12.14874,-77.00916
07/02/2026,0752-CHORRILLOS,ALJ-851,6247263,SUPERMERCADOS PERUANOS S.A.,SPSA MAKRO SURCO,725,3025062890,58856,PACK CHORIZOS COCKTAIL GOURMET 370G OK,8.88,278.88,WISUM AKUTS JHON ASHLEYCOLE,,SANTIAGO DE SURCO,AV. JORGE CHÁVEZ 1218,-12.14874,-77.00916
07/02/2026,0752-CHORRILLOS,ALJ-851,6247263,SUPERMERCADOS PERUANOS S.A.,SPSA MAKRO SURCO,725,3025062891,58858,FUNDIDO SABOR CHEDDAR 2.27KG MILKUNZ,4.54,129.08,WISUM AKUTS JHON ASHLEYCOLE,,SANTIAGO DE SURCO,AV. JORGE CHÁVEZ 1218,-12.14874,-77.00916
07/02/2026,0752-CHORRILLOS,ALJ-851,6247263,SUPERMERCADOS PERUANOS S.A.,SPSA MAKRO SURCO,725,3025062892,58860,SUPER TOCINO AHUMADO SEGO 500GR,30,708,WISUM AKUTS JHON ASHLEYCOLE,,SANTIAGO DE SURCO,AV. JORGE CHÁVEZ 1218,-12.14874,-77.00916
07/02/2026,0752-CHORRILLOS,ALJ-851,6247263,SUPERMERCADOS PERUANOS S.A.,SPSA MAKRO SURCO,725,3025062892,58862,JAMON INGLES PQ 200GR 8LJ OK,2,92.6,WISUM AKUTS JHON ASHLEYCOLE,,SANTIAGO DE SURCO,AV. JORGE CHÁVEZ 1218,-12.14874,-77.00916
07/02/2026,0752-CHORRILLOS,ALJ-851,6247263,SUPERMERCADOS PERUANOS S.A.,SPSA MAKRO SURCO,725,3025062892,58864,JAMON DEL PAIS PQ 150GR 8LJ OK,2.25,112.14,WISUM AKUTS JHON ASHLEYCOLE,,SANTIAGO DE SURCO,AV. JORGE CHÁVEZ 1218,-12.14874,-77.00916
07/02/2026,0752-CHORRILLOS,ALJ-851,6247263,SUPERMERCADOS PERUANOS S.A.,SPSA MAKRO SURCO,725,3025062892,58866,JAMON PIZZA PQ 500GR 25LJ OK,18,361.8,WISUM AKUTS JHON ASHLEYCOLE,,SANTIAGO DE SURCO,AV. JORGE CHÁVEZ 1218,-12.14874,-77.00916
07/02/2026,0752-CHORRILLOS,ALJ-851,6247263,SUPERMERCADOS PERUANOS S.A.,SPSA MAKRO SURCO,725,3025062892,58868,CHULETA AHUM PQ 3UN 0.30KG SEGO,3,87,WISUM AKUTS JHON ASHLEYCOLE,,SANTIAGO DE SURCO,AV. JORGE CHÁVEZ 1218,-12.14874,-77.00916
07/02/2026,0752-CHORRILLOS,ALJ-851,6247263,SUPERMERCADOS PERUANOS S.A.,SPSA MAKRO SURCO,725,3025062892,58870,SALCH VIENESA ESP PQ 10UN 500GR OK,6,106.32,WISUM AKUTS JHON ASHLEYCOLE,,SANTIAGO DE SURCO,AV. JORGE CHÁVEZ 1218,-12.14874,-77.00916
07/02/2026,0752-CHORRILLOS,ALJ-851,6247263,SUPERMERCADOS PERUANOS S.A.,SPSA MAKRO SURCO,725,3025062892,58872,SALCH VIENESA GOUR PQ 6UN 500GR OK,12,274.08,WISUM AKUTS JHON ASHLEYCOLE,,SANTIAGO DE SURCO,AV. JORGE CHÁVEZ 1218,-12.14874,-77.00916
07/02/2026,0752-CHORRILLOS,ALJ-851,6247263,SUPERMERCADOS PERUANOS S.A.,SPSA MAKRO SURCO,725,3025062892,58874,PACK VIENESA ESP 500G Y 250G 750GR OK,12,186.24,WISUM AKUTS JHON ASHLEYCOLE,,SANTIAGO DE SURCO,AV. JORGE CHÁVEZ 1218,-12.14874,-77.00916
07/02/2026,0752-CHORRILLOS,ALJ-851,6247263,SUPERMERCADOS PERUANOS S.A.,SPSA MAKRO SURCO,725,3025062892,58876,TOCINO CUL PQ 500GR 20GR 25LJ OK,60,2223.6,WISUM AKUTS JHON ASHLEYCOLE,,SANTIAGO DE SURCO,AV. JORGE CHÁVEZ 1218,-12.14874,-77.00916
07/02/2026,0752-CHORRILLOS,ALJ-851,6247263,SUPERMERCADOS PERUANOS S.A.,SPSA MAKRO SURCO,725,3025062892,58878,SALAME HUNGARO 50LJ 150GR OK,1.5,149.5,WISUM AKUTS JHON ASHLEYCOLE,,SANTIAGO DE SURCO,AV. JORGE CHÁVEZ 1218,-12.14874,-77.00916
07/02/2026,0752-CHORRILLOS,ALJ-851,6247263,SUPERMERCADOS PERUANOS S.A.,SPSA MAKRO SURCO,725,3025062892,58880,JAMON AMERICANO PQ 0.5KG SEGO,10,162.48,WISUM AKUTS JHON ASHLEYCOLE,,SANTIAGO DE SURCO,AV. JORGE CHÁVEZ 1218,-12.14874,-77.00916
07/02/2026,0752-CHORRILLOS,ALJ-851,6247263,SUPERMERCADOS PERUANOS S.A.,SPSA MAKRO SURCO,725,3025062892,58882,JAMON REDONDO AHUMADO PQ 0.5KG SEGO,24,526.56,WISUM AKUTS JHON ASHLEYCOLE,,SANTIAGO DE SURCO,AV. JORGE CHÁVEZ 1218,-12.14874,-77.00916
07/02/2026,0752-CHORRILLOS,ALJ-851,6247263,SUPERMERCADOS PERUANOS S.A.,SPSA MAKRO SURCO,725,3025062892,58884,HOT DOG SALCHIP ROSA PQ 24U SEGO,9.2,78.2,WISUM AKUTS JHON ASHLEYCOLE,,SANTIAGO DE SURCO,AV. JORGE CHÁVEZ 1218,-12.14874,-77.00916
07/02/2026,0752-CHORRILLOS,ALJ-851,6247263,SUPERMERCADOS PERUANOS S.A.,SPSA MAKRO SURCO,725,3025062892,58886,SALCH HUACHO UN 0.25KG SEGO,12,198.91,WISUM AKUTS JHON ASHLEYCOLE,,SANTIAGO DE SURCO,AV. JORGE CHÁVEZ 1218,-12.14874,-77.00916
07/02/2026,0752-CHORRILLOS,ALJ-851,6247263,SUPERMERCADOS PERUANOS S.A.,SPSA MAKRO SURCO,725,3025062892,58888,PEPERONI PQ 0.5KG SEGO,4,113.44,WISUM AKUTS JHON ASHLEYCOLE,,SANTIAGO DE SURCO,AV. JORGE CHÁVEZ 1218,-12.14874,-77.00916
07/02/2026,0752-CHORRILLOS,ALJ-851,6247263,SUPERMERCADOS PERUANOS S.A.,SPSA MAKRO SURCO,725,3025062896,58890,FUNDIDO SABOR CHEDDAR 2.27KG MILKUNZ,70.37,2000.74,WISUM AKUTS JHON ASHLEYCOLE,,SANTIAGO DE SURCO,AV. JORGE CHÁVEZ 1218,-12.14874,-77.00916
07/02/2026,0752-CHORRILLOS,ALJ-851,6247263,SUPERMERCADOS PERUANOS S.A.,SPSA MAKRO SURCO,725,3025062897,58892,CHORIZO PRECOCIDO 1.5KG SEGO,24,432.8,WISUM AKUTS JHON ASHLEYCOLE,,SANTIAGO DE SURCO,AV. JORGE CHÁVEZ 1218,-12.14874,-77.00916
07/02/2026,0752-CHORRILLOS,ALJ-851,6247263,SUPERMERCADOS PERUANOS S.A.,SPSA MAKRO SURCO,725,3025062899,58894,CHORIZO PARRILLERO PQ 4UN 400GR OK,24,693.6,WISUM AKUTS JHON ASHLEYCOLE,,SANTIAGO DE SURCO,AV. JORGE CHÁVEZ 1218,-12.14874,-77.00916
07/02/2026,0752-CHORRILLOS,ALJ-851,6247263,SUPERMERCADOS PERUANOS S.A.,SPSA MAKRO SURCO,725,3025062899,58896,MTO CHORIZO FINAS HIERBAS PQ 400GR OK,6.4,201.28,WISUM AKUTS JHON ASHLEYCOLE,,SANTIAGO DE SURCO,AV. JORGE CHÁVEZ 1218,-12.14874,-77.00916
07/02/2026,0752-CHORRILLOS,ALJ-851,6247263,SUPERMERCADOS PERUANOS S.A.,SPSA MAKRO SURCO,725,3025062899,58898,CHORIZO CAMPESTRE PQ 4UN 400GR OK,3.2,107.38,WISUM AKUTS JHON ASHLEYCOLE,,SANTIAGO DE SURCO,AV. JORGE CHÁVEZ 1218,-12.14874,-77.00916
07/02/2026,0752-CHORRILLOS,ALJ-851,6247263,SUPERMERCADOS PERUANOS S.A.,SPSA MAKRO SURCO,725,3025062899,58900,CHORIZO PREC PQ 0.5KG SEGO,15,305.7,WISUM AKUTS JHON ASHLEYCOLE,,SANTIAGO DE SURCO,AV. JORGE CHÁVEZ 1218,-12.14874,-77.00916
07/02/2026,0752-CHORRILLOS,ALJ-851,6247263,SUPERMERCADOS PERUANOS S.A.,SPSA MAKRO SURCO,725,3025062899,58902,RELLENO UN 0.5KG SEGO,12,239.28,WISUM AKUTS JHON ASHLEYCOLE,,SANTIAGO DE SURCO,AV. JORGE CHÁVEZ 1218,-12.14874,-77.00916
07/02/2026,0752-CHORRILLOS,ALJ-851,6247263,SUPERMERCADOS PERUANOS S.A.,SPSA MAKRO SURCO,725,3025062902,58904,SALCHICHA DEL NORTE 150G OK,9,261,WISUM AKUTS JHON ASHLEYCOLE,,SANTIAGO DE SURCO,AV. JORGE CHÁVEZ 1218,-12.14874,-77.00916
07/02/2026,0752-CHORRILLOS,ALJ-851,6247263,SUPERMERCADOS PERUANOS S.A.,SPSA MAKRO SURCO,725,3025062902,58906,SUPER TOCINO AHUMADO SEGO 500GR,75,1770,WISUM AKUTS JHON ASHLEYCOLE,,SANTIAGO DE SURCO,AV. JORGE CHÁVEZ 1218,-12.14874,-77.00916
07/02/2026,0752-CHORRILLOS,ALJ-851,6247263,SUPERMERCADOS PERUANOS S.A.,SPSA MAKRO SURCO,725,3025062902,58908,JAMON INGLES PQ 200GR 8LJ OK,22,1018.6,WISUM AKUTS JHON ASHLEYCOLE,,SANTIAGO DE SURCO,AV. JORGE CHÁVEZ 1218,-12.14874,-77.00916
07/02/2026,0752-CHORRILLOS,ALJ-851,6247263,SUPERMERCADOS PERUANOS S.A.,SPSA MAKRO SURCO,725,3025062902,58910,JAMON PIZZA PQ 500GR 25LJ OK,42,844.2,WISUM AKUTS JHON ASHLEYCOLE,,SANTIAGO DE SURCO,AV. JORGE CHÁVEZ 1218,-12.14874,-77.00916
07/02/2026,0752-CHORRILLOS,ALJ-851,6247263,SUPERMERCADOS PERUANOS S.A.,SPSA MAKRO SURCO,725,3025062902,58912,CHULETA AHUM PQ 3UN 0.30KG SEGO,9,261,WISUM AKUTS JHON ASHLEYCOLE,,SANTIAGO DE SURCO,AV. JORGE CHÁVEZ 1218,-12.14874,-77.00916
07/02/2026,0752-CHORRILLOS,ALJ-851,6247263,SUPERMERCADOS PERUANOS S.A.,SPSA MAKRO SURCO,725,3025062902,58914,SALCH VIENESA ESP PQ 10UN 500GR OK,12,212.64,WISUM AKUTS JHON ASHLEYCOLE,,SANTIAGO DE SURCO,AV. JORGE CHÁVEZ 1218,-12.14874,-77.00916
07/02/2026,0752-CHORRILLOS,ALJ-851,6247263,SUPERMERCADOS PERUANOS S.A.,SPSA MAKRO SURCO,725,3025062902,58916,SALCH VIENESA GOUR PQ 6UN 500GR OK,40,913.6,WISUM AKUTS JHON ASHLEYCOLE,,SANTIAGO DE SURCO,AV. JORGE CHÁVEZ 1218,-12.14874,-77.00916
07/02/2026,0752-CHORRILLOS,ALJ-851,6247263,SUPERMERCADOS PERUANOS S.A.,SPSA MAKRO SURCO,725,3025062902,58918,PACK VIENESA ESP 500G Y 250G 750GR OK,72,1117.44,WISUM AKUTS JHON ASHLEYCOLE,,SANTIAGO DE SURCO,AV. JORGE CHÁVEZ 1218,-12.14874,-77.00916
07/02/2026,0752-CHORRILLOS,ALJ-851,6247263,SUPERMERCADOS PERUANOS S.A.,SPSA MAKRO SURCO,725,3025062902,58920,TOCINO CUL PQ 500GR 20GR 25LJ OK,60,2223.6,WISUM AKUTS JHON ASHLEYCOLE,,SANTIAGO DE SURCO,AV. JORGE CHÁVEZ 1218,-12.14874,-77.00916
07/02/2026,0752-CHORRILLOS,ALJ-851,6247263,SUPERMERCADOS PERUANOS S.A.,SPSA MAKRO SURCO,725,3025062902,58922,JAMON AMERICANO PQ 0.5KG SEGO,45,731.16,WISUM AKUTS JHON ASHLEYCOLE,,SANTIAGO DE SURCO,AV. JORGE CHÁVEZ 1218,-12.14874,-77.00916
07/02/2026,0752-CHORRILLOS,ALJ-851,6247263,SUPERMERCADOS PERUANOS S.A.,SPSA MAKRO SURCO,725,3025062902,58924,JAMON REDONDO AHUMADO PQ 0.5KG SEGO,104,2281.76,WISUM AKUTS JHON ASHLEYCOLE,,SANTIAGO DE SURCO,AV. JORGE CHÁVEZ 1218,-12.14874,-77.00916
07/02/2026,0752-CHORRILLOS,ALJ-851,6247263,SUPERMERCADOS PERUANOS S.A.,SPSA MAKRO SURCO,725,3025062902,58926,SALCH HUACHO UN 0.25KG SEGO,60,994.56,WISUM AKUTS JHON ASHLEYCOLE,,SANTIAGO DE SURCO,AV. JORGE CHÁVEZ 1218,-12.14874,-77.00916
07/02/2026,0752-CHORRILLOS,ALJ-851,6247263,SUPERMERCADOS PERUANOS S.A.,SPSA MAKRO SURCO,725,3025062902,58928,PEPERONI PQ 0.5KG SEGO,12,340.32,WISUM AKUTS JHON ASHLEYCOLE,,SANTIAGO DE SURCO,AV. JORGE CHÁVEZ 1218,-12.14874,-77.00916
07/02/2026,0752-CHORRILLOS,ALJ-851,6247263,SUPERMERCADOS PERUANOS S.A.,SPSA MAKRO SURCO,725,3025062903,58930,FRANK AHUM CUL 15CM PQ 20UN 1KG OK,18,389.16,WISUM AKUTS JHON ASHLEYCOLE,,SANTIAGO DE SURCO,AV. JORGE CHÁVEZ 1218,-12.14874,-77.00916
07/02/2026,0752-CHORRILLOS,APS-717,11686586,PANIFICADORA KINIAN EIRL,,642,3025020881,57732,PACK JAMON Y QUESO 370GR BDT,2.22,61.64,CHALCO POZO JAIRO JAIR,,LINCE,AV ABEL PETIT THOUARS 2658  A UNA C,-12.09025,-77.03256
07/02/2026,0752-CHORRILLOS,APS-717,11686586,PANIFICADORA KINIAN EIRL,,642,3025020881,57734,PACK J PIZZA Y EDAM 340GR OK,2.04,62.13,CHALCO POZO JAIRO JAIR,,LINCE,AV ABEL PETIT THOUARS 2658  A UNA C,-12.09025,-77.03256
07/02/2026,0752-CHORRILLOS,APS-717,11686586,PANIFICADORA KINIAN EIRL,,642,3025020881,57736,CHICHARRON DE PRENSA PQ 100GR 7LJ OK,1.2,37.16,CHALCO POZO JAIRO JAIR,,LINCE,AV ABEL PETIT THOUARS 2658  A UNA C,-12.09025,-77.03256
07/02/2026,0752-CHORRILLOS,APS-717,11702477,CORONACION APOLINARIO NANCY UR,,642,3025095835,62382,JAMONADA POLLO 3KG AP BDT,3,62.74,CHALCO POZO JAIRO JAIR,,LINCE,CA PETIT THOUARS 2658,-12.09024,-77.03262
07/02/2026,0752-CHORRILLOS,APS-717,11702477,CORONACION APOLINARIO NANCY UR,,642,3025095835,62384,SALCHICHA HUACHO 150GR BDT,0.75,18.67,CHALCO POZO JAIRO JAIR,,LINCE,CA PETIT THOUARS 2658,-12.09024,-77.03262
07/02/2026,0752-CHORRILLOS,APS-717,11702477,CORONACION APOLINARIO NANCY UR,,642,3025095835,62386,SALCH VIENESA ESP PQ 5UN 250GR OK,0.75,12.59,CHALCO POZO JAIRO JAIR,,LINCE,CA PETIT THOUARS 2658,-12.09024,-77.03262
07/02/2026,0752-CHORRILLOS,APS-717,11702477,CORONACION APOLINARIO NANCY UR,,642,3025095835,62388,TOCINO AHUMADO 100GR OK,0.3,18.05,CHALCO POZO JAIRO JAIR,,LINCE,CA PETIT THOUARS 2658,-12.09024,-77.03262
07/02/2026,0752-CHORRILLOS,APS-717,11732826,REYES VASQUEZ NELLY OLINDA,,642,3024905946,57276,CABANOSSI 25G BDT,0.08,4.8,CHALCO POZO JAIRO JAIR,,LINCE,JR DOMINGO CASANOVA 527,-12.0893,-77.03029
07/02/2026,0752-CHORRILLOS,APS-717,11732826,REYES VASQUEZ NELLY OLINDA,,642,3024905946,57278,QUESO CREMA PHILADELP BRICK 180GR KRAFT,0.18,10.1,CHALCO POZO JAIRO JAIR,,LINCE,JR DOMINGO CASANOVA 527,-12.0893,-77.03029
07/02/2026,0752-CHORRILLOS,APS-717,11732826,REYES VASQUEZ NELLY OLINDA,,642,3024905946,57280,PACK JAMONADA DE POLLO 80GX6PZA SEGO,0.96,10.92,CHALCO POZO JAIRO JAIR,,LINCE,JR DOMINGO CASANOVA 527,-12.0893,-77.03029
07/02/2026,0752-CHORRILLOS,APS-717,11732826,REYES VASQUEZ NELLY OLINDA,,642,3024905946,57282,POLACA PQ 100GR 8LJ OK,0.4,15.46,CHALCO POZO JAIRO JAIR,,LINCE,JR DOMINGO CASANOVA 527,-12.0893,-77.03029
07/02/2026,0752-CHORRILLOS,APS-717,11655900,QUISPE SOLANO BEATRIZ,,642,3025061193,58688,QUESO CREMA PHILADELP BRICK 180GR KRAFT,0.72,37.84,CHALCO POZO JAIRO JAIR,,LINCE,AV MILITAR 2599,-12.08931,-77.03056
07/02/2026,0752-CHORRILLOS,APS-717,11655900,QUISPE SOLANO BEATRIZ,,642,3025061193,58690,QUESO FUNDIDO SABOR CHEDDAR 170GR BDT,0.17,0,CHALCO POZO JAIRO JAIR,,LINCE,AV MILITAR 2599,-12.08931,-77.03056
07/02/2026,0752-CHORRILLOS,APS-717,11655900,QUISPE SOLANO BEATRIZ,,642,3025061193,58692,VIENESA 12CM PQ 5UN 175GR OK,1.05,22.63,CHALCO POZO JAIRO JAIR,,LINCE,AV MILITAR 2599,-12.08931,-77.03056
07/02/2026,0752-CHORRILLOS,APS-717,11722120,HEXYTOSA SAC,,642,3025036782,57896,FRANKFURTER KILOMETRICO 500GR  BDT,1,23.05,CHALCO POZO JAIRO JAIR,,LINCE,AV PETIT THOUARS 2458,-12.08841,-77.03294
07/02/2026,0752-CHORRILLOS,APS-717,11722120,HEXYTOSA SAC,,642,3025036782,57898,EDAM BARRA 3KG AP MILKUNZ,3,125.75,CHALCO POZO JAIRO JAIR,,LINCE,AV PETIT THOUARS 2458,-12.08841,-77.03294
07/02/2026,0752-CHORRILLOS,APS-717,11739292,LA 26 MINIMARKET,,642,3025074307,60290,TOCINO AHUMADO 80GR BDT,0.08,4.13,CHALCO POZO JAIRO JAIR,,SAN ISIDRO,AV AREQUIPA 2643,-12.09171,-77.03351
07/02/2026,0752-CHORRILLOS,APS-717,11739292,LA 26 MINIMARKET,,642,3025074307,60292,PHILADELPHIA ORIGINAL TUB 150GR KRAFT,0.9,43.27,CHALCO POZO JAIRO JAIR,,SAN ISIDRO,AV AREQUIPA 2643,-12.09171,-77.03351
07/02/2026,0752-CHORRILLOS,APS-717,11605683,ATTON SAN ISIDRO SAC,ATTON E,739,3025067906,59516,LOMO FINO SC 5LB UP BR CG 2.5KG AP MT,35,1925.01,CHALCO POZO JAIRO JAIR,,SAN ISIDRO,AV JORGE BASADRE 595,-12.09502,-77.03819
07/02/2026,0752-CHORRILLOS,APS-717,11605683,ATTON SAN ISIDRO SAC,ATTON E,739,3025067906,59518,QUESO DE VACA FRESCO 1KG AP DUMAN,5,100,CHALCO POZO JAIRO JAIR,,SAN ISIDRO,AV JORGE BASADRE 595,-12.09502,-77.03819
07/02/2026,0752-CHORRILLOS,APS-717,11605683,ATTON SAN ISIDRO SAC,ATTON E,739,3025067906,59520,BONDIOLA SH SP BR CG PZA 1.4 A 2.2 KG MT,10.8,172.8,CHALCO POZO JAIRO JAIR,,SAN ISIDRO,AV JORGE BASADRE 595,-12.09502,-77.03819
07/02/2026,0752-CHORRILLOS,APS-717,11605683,ATTON SAN ISIDRO SAC,ATTON E,739,3025067906,59522,FUNDIDO SABOR CHEDDAR 2.27KG MILKUNZ,2.27,74.88,CHALCO POZO JAIRO JAIR,,SAN ISIDRO,AV JORGE BASADRE 595,-12.09502,-77.03819
07/02/2026,0752-CHORRILLOS,APS-717,11605683,ATTON SAN ISIDRO SAC,ATTON E,739,3025096424,62482,JAMON PECHUGA PAVO AHUMADA 2.9KG AP BDT,2.9,0,CHALCO POZO JAIRO JAIR,,SAN ISIDRO,AV JORGE BASADRE 595,-12.09502,-77.03819
07/02/2026,0752-CHORRILLOS,APS-717,11655442,QUOKKA SAC,,719,3025100320,62748,PROSCIUTTO 100GR BDT,0.4,58.56,CHALCO POZO JAIRO JAIR,,SAN ISIDRO,CAL LAS PALMERAS 443,-12.09546,-77.03822
07/02/2026,0752-CHORRILLOS,APS-717,11655442,QUOKKA SAC,,719,3025100320,62750,SALAME HUNGARO 150GR BDT,0.15,16.42,CHALCO POZO JAIRO JAIR,,SAN ISIDRO,CAL LAS PALMERAS 443,-12.09546,-77.03822
07/02/2026,0752-CHORRILLOS,APS-717,11654015,OSSOSI SAC,,711,3025101909,62856,MANTEQUILLA SIN SAL 1KG AP SIGMA FS,10,423.48,CHALCO POZO JAIRO JAIR,,SAN ISIDRO,AV SANTO TORIBIO 173 INT 4,-12.0974,-77.03838
07/02/2026,0752-CHORRILLOS,APS-717,11598166,HOTELERA COSTA DEL PACIFICO SA,HOTELE 099611 ES,739,3025075631,60554,EDAM BARRA 3KG AP MILKUNZ,30,870,CHALCO POZO JAIRO JAIR,,SAN ISIDRO,VIA CENTRAL 150 CENTRO EMPRESARIAL REAL,-12.09734,-77.03815
07/02/2026,0752-CHORRILLOS,APS-717,11698824,FARENHEIT SAC,,716,3025100324,62772,JAMON PIZZERO 500GR BDT,8,146.21,CHALCO POZO JAIRO JAIR,,SAN ISIDRO,AV CONQUISTADORES 396,-12.10001,-77.03668
07/02/2026,0752-CHORRILLOS,APS-717,11698824,FARENHEIT SAC,,716,3025100324,62774,PEPPERONI GASTRONOM?A 500GR BDT,6,164.4,CHALCO POZO JAIRO JAIR,,SAN ISIDRO,AV CONQUISTADORES 396,-12.10001,-77.03668
07/02/2026,0752-CHORRILLOS,APS-717,11698824,FARENHEIT SAC,,716,3025100324,62776,JAMON SERRANO CUADRADO 4KG AP OK,4,256.18,CHALCO POZO JAIRO JAIR,,SAN ISIDRO,AV CONQUISTADORES 396,-12.10001,-77.03668
07/02/2026,0752-CHORRILLOS,APS-717,11697329,FORESTA HOTELES SAC,,739,3025001704,57632,SALCHICHA HUACHO 1KG AP BDT,1,29.55,CHALCO POZO JAIRO JAIR,,SAN ISIDRO,CA LIBERTADORES 490,-12.10268,-77.0377
07/02/2026,0752-CHORRILLOS,APS-717,11697329,FORESTA HOTELES SAC,,739,3025001704,57634,MANTEQUILLA SIN SAL 1KG AP SIGMA FS,9,321.74,CHALCO POZO JAIRO JAIR,,SAN ISIDRO,CA LIBERTADORES 490,-12.10268,-77.0377
07/02/2026,0752-CHORRILLOS,APS-717,11697329,FORESTA HOTELES SAC,,739,3025001704,57636,LOMO FINO SC 5LB UP BR CG 2.5KG AP MT,15,825,CHALCO POZO JAIRO JAIR,,SAN ISIDRO,CA LIBERTADORES 490,-12.10268,-77.0377
07/02/2026,0752-CHORRILLOS,APS-717,11697329,FORESTA HOTELES SAC,,739,3025075629,60552,ENTRANA FIN HIG CHO AG USA CG PZA4KG BC,4,465.56,CHALCO POZO JAIRO JAIR,,SAN ISIDRO,CA LIBERTADORES 490,-12.10268,-77.0377
07/02/2026,0752-CHORRILLOS,APS-717,11700433,PARDO BISTRO SA,,71A,3025080294,61160,JAMON SERRANO CUADRADO 4KG AP OK,4,289.08,CHALCO POZO JAIRO JAIR,,SAN ISIDRO,AV PARDO Y ALIAGA 598,-12.10687,-77.03805
07/02/2026,0752-CHORRILLOS,APS-717,11738977,BENTEN SAC,BENTEN SOCIEDAD ANONIMA CERRADA,713,3024793976,57148,QUESO CREMA PHILADELP BRICK 180GR KRAFT,4.32,245.04,CHALCO POZO JAIRO JAIR,,SAN ISIDRO,AV LOS CONQUISTADORES 430,-12.1003,-77.03658
07/02/2026,0752-CHORRILLOS,APS-717,11738977,BENTEN SAC,BENTEN SOCIEDAD ANONIMA CERRADA,713,3024793976,57150,QUESO PARMESANO 6KG AP SIGMA FS,12,543.84,CHALCO POZO JAIRO JAIR,,SAN ISIDRO,AV LOS CONQUISTADORES 430,-12.1003,-77.03658
07/02/2026,0752-CHORRILLOS,APS-717,11738977,BENTEN SAC,BENTEN SOCIEDAD ANONIMA CERRADA,713,3024793976,57152,MOZZARELLA 4KG AP MILKUNZ,12,353.87,CHALCO POZO JAIRO JAIR,,SAN ISIDRO,AV LOS CONQUISTADORES 430,-12.1003,-77.03658
07/02/2026,0752-CHORRILLOS,APS-717,11738977,BENTEN SAC,BENTEN SOCIEDAD ANONIMA CERRADA,713,3024793976,57154,FUNDIDO SABOR CHEDDAR 2.27KG MILKUNZ,18.16,558.32,CHALCO POZO JAIRO JAIR,,SAN ISIDRO,AV LOS CONQUISTADORES 430,-12.1003,-77.03658
07/02/2026,0752-CHORRILLOS,APS-717,11605687,INMOBILIARIA DE TURISMO SA,TURISMO E AQP,739,3025064383,59010,TOCINO AHUMADO TRADICION 3KG AP BDT,12,565.8,CHALCO POZO JAIRO JAIR,,SAN ISIDRO,CA PANCHO FIERRO 194,-12.09752,-77.03529
07/02/2026,0752-CHORRILLOS,APS-717,11706582,IHI PERU SAC,,739,3025101919,62858,FRANKFURTER GASTRONOMIA 2KG BDT,4,94.78,CHALCO POZO JAIRO JAIR,,SAN ISIDRO,CA CORONEL ODRIOZOLA NRO 112 URB SA,-12.09811,-77.03208
07/02/2026,0752-CHORRILLOS,APS-717,11706582,IHI PERU SAC,,739,3025101919,62860,TOCINO AHUMADO TRADICION 1KG BDT,2,95.64,CHALCO POZO JAIRO JAIR,,SAN ISIDRO,CA CORONEL ODRIOZOLA NRO 112 URB SA,-12.09811,-77.03208
07/02/2026,0752-CHORRILLOS,APS-717,11706582,IHI PERU SAC,,739,3025101919,62862,JAMON PIZZERO 500GR BDT,12,216.79,CHALCO POZO JAIRO JAIR,,SAN ISIDRO,CA CORONEL ODRIOZOLA NRO 112 URB SA,-12.09811,-77.03208
07/02/2026,0752-CHORRILLOS,APS-717,11706582,IHI PERU SAC,,739,3025101919,62864,QUESO EDAM 440GR BDT,11.88,430.65,CHALCO POZO JAIRO JAIR,,SAN ISIDRO,CA CORONEL ODRIOZOLA NRO 112 URB SA,-12.09811,-77.03208
07/02/2026,0752-CHORRILLOS,APS-717,11706582,IHI PERU SAC,,739,3025101919,62866,QUESO DE VACA FRESCO 3KG AP DUMAN,9,189,CHALCO POZO JAIRO JAIR,,SAN ISIDRO,CA CORONEL ODRIOZOLA NRO 112 URB SA,-12.09811,-77.03208
07/02/2026,0752-CHORRILLOS,APS-717,11706582,IHI PERU SAC,,739,3025101919,62868,PARMESANO TROZADO 250GR AP SIGMA FS,2,112.84,CHALCO POZO JAIRO JAIR,,SAN ISIDRO,CA CORONEL ODRIOZOLA NRO 112 URB SA,-12.09811,-77.03208
07/02/2026,0752-CHORRILLOS,APS-717,11706582,IHI PERU SAC,,739,3025101919,62870,CHORIZO PARRI COCT PREC 250GR BDT,3,98.4,CHALCO POZO JAIRO JAIR,,SAN ISIDRO,CA CORONEL ODRIOZOLA NRO 112 URB SA,-12.09811,-77.03208
07/02/2026,0752-CHORRILLOS,APS-717,11706582,IHI PERU SAC,,739,3025101919,62872,MOZZARELLA 4KG AP MILKUNZ,4,143.92,CHALCO POZO JAIRO JAIR,,SAN ISIDRO,CA CORONEL ODRIOZOLA NRO 112 URB SA,-12.09811,-77.03208
07/02/2026,0752-CHORRILLOS,APS-717,11715137,QUIROZ VASQUEZ NELSON,,642,3025074396,60344,QUESO FUNDIDO SABOR CHEDDAR 170GR BDT,0.17,0,CHALCO POZO JAIRO JAIR,,SAN ISIDRO,JR CHICNCHON 302,-12.0962,-77.03155
07/02/2026,0752-CHORRILLOS,APS-717,11715137,QUIROZ VASQUEZ NELSON,,642,3025074396,60346,VIENESA 12CM PQ 5UN 175GR OK,1.05,22.63,CHALCO POZO JAIRO JAIR,,SAN ISIDRO,JR CHICNCHON 302,-12.0962,-77.03155
07/02/2026,0752-CHORRILLOS,APS-717,11715137,QUIROZ VASQUEZ NELSON,,642,3025074396,60348,TOCINO AHUMADO 100GR OK,0.6,36.1,CHALCO POZO JAIRO JAIR,,SAN ISIDRO,JR CHICNCHON 302,-12.0962,-77.03155
07/02/2026,0752-CHORRILLOS,APS-717,11715137,QUIROZ VASQUEZ NELSON,,642,3025074396,60350,CHULETA CUELLO 100G CG BL 10UNX1KG OK,1,18.95,CHALCO POZO JAIRO JAIR,,SAN ISIDRO,JR CHICNCHON 302,-12.0962,-77.03155
07/02/2026,0752-CHORRILLOS,APS-717,11688578,SOLANO DELGADO NEISER,,642,3025063505,58982,CABANOSSI 25G BDT,0.3,19.21,CHALCO POZO JAIRO JAIR,,SAN ISIDRO,AV PETIH THOUARS 3135 A  A DOS CUAD,-12.09391,-77.03187
07/02/2026,0752-CHORRILLOS,APS-717,11688578,SOLANO DELGADO NEISER,,642,3025063505,58984,PACK J PIZZA Y EDAM 340GR OK,1.7,52.52,CHALCO POZO JAIRO JAIR,,SAN ISIDRO,AV PETIH THOUARS 3135 A  A DOS CUAD,-12.09391,-77.03187
07/02/2026,0752-CHORRILLOS,APS-717,11688578,SOLANO DELGADO NEISER,,642,3025063505,58986,TOCINO AHUMADO 100GR OK,0.5,30.09,CHALCO POZO JAIRO JAIR,,SAN ISIDRO,AV PETIH THOUARS 3135 A  A DOS CUAD,-12.09391,-77.03187
07/02/2026,0752-CHORRILLOS,APS-717,11676670,VARGAS ACOSTA ORLANDO,,642,3025002649,57646,PACK J PIZZA Y EDAM 340GR OK,1.7,52.52,CHALCO POZO JAIRO JAIR,,SAN ISIDRO,AV PETIT THOUARS 3015  CRUCÉ CON JA,-12.0925,-77.0319
07/02/2026,0752-CHORRILLOS,APS-717,11658447,SERON SALCEDO GIL JOSUE,,642,3025030039,57824,QUESO FUNDIDO SABOR CHEDDAR 170GR BDT,0.17,0,CHALCO POZO JAIRO JAIR,,LINCE,JR SOLEDAD 424  ALT DE LA 27 DE IGN,-12.09033,-77.03123
07/02/2026,0752-CHORRILLOS,APS-717,11658447,SERON SALCEDO GIL JOSUE,,642,3025030039,57826,VIENESA 12CM PQ 5UN 175GR OK,1.05,22.63,CHALCO POZO JAIRO JAIR,,LINCE,JR SOLEDAD 424  ALT DE LA 27 DE IGN,-12.09033,-77.03123
07/02/2026,0752-CHORRILLOS,APS-717,11658447,SERON SALCEDO GIL JOSUE,,642,3025030039,57828,CHICHARRON DE PRENSA PQ 100GR 7LJ OK,0.6,18.58,CHALCO POZO JAIRO JAIR,,LINCE,JR SOLEDAD 424  ALT DE LA 27 DE IGN,-12.09033,-77.03123
07/02/2026,0752-CHORRILLOS,APS-717,11658447,SERON SALCEDO GIL JOSUE,,642,3025030039,57830,JAMON DEL PAIS 3.3KG SEGO,6.6,139.95,CHALCO POZO JAIRO JAIR,,LINCE,JR SOLEDAD 424  ALT DE LA 27 DE IGN,-12.09033,-77.03123
07/02/2026,0752-CHORRILLOS,APS-717,11658447,SERON SALCEDO GIL JOSUE,,642,3025030039,57832,CHORIZO PARRI PREC 2U 140GR BDT,0.84,17.06,CHALCO POZO JAIRO JAIR,,LINCE,JR SOLEDAD 424  ALT DE LA 27 DE IGN,-12.09033,-77.03123
07/02/2026,0752-CHORRILLOS,APS-717,11651010,PIZZA DEL NONNO SAC,,720,3025100318,62724,TOCINO AHUMADO 1KG BDT,3,143.46,CHALCO POZO JAIRO JAIR,,LINCE,AV.IGNACIO MERINO 2492  CERCA ALA M,-12.08865,-77.032
07/02/2026,0752-CHORRILLOS,APS-717,11651010,PIZZA DEL NONNO SAC,,720,3025100318,62726,PROSCIUTTO 100GR BDT,0.6,87.84,CHALCO POZO JAIRO JAIR,,LINCE,AV.IGNACIO MERINO 2492  CERCA ALA M,-12.08865,-77.032
07/02/2026,0752-CHORRILLOS,APS-717,11651010,PIZZA DEL NONNO SAC,,720,3025100318,62728,PEPPERONI GASTRONOM?A 500GR BDT,1.5,41.1,CHALCO POZO JAIRO JAIR,,LINCE,AV.IGNACIO MERINO 2492  CERCA ALA M,-12.08865,-77.032
07/02/2026,0752-CHORRILLOS,APS-717,11651010,PIZZA DEL NONNO SAC,,720,3025100318,62730,QUESO PARMESANO 6KG AP SIGMA FS,6,338.52,CHALCO POZO JAIRO JAIR,,LINCE,AV.IGNACIO MERINO 2492  CERCA ALA M,-12.08865,-77.032
07/02/2026,0752-CHORRILLOS,APS-717,11651010,PIZZA DEL NONNO SAC,,720,3025100318,62732,QUESO AZUL 2.2KG AP MILKUNZ,2.2,117.72,CHALCO POZO JAIRO JAIR,,LINCE,AV.IGNACIO MERINO 2492  CERCA ALA M,-12.08865,-77.032
07/02/2026,0752-CHORRILLOS,APS-717,11651010,PIZZA DEL NONNO SAC,,720,3025100318,62734,SALAME PQ 0.5KG SEGO,4,116.96,CHALCO POZO JAIRO JAIR,,LINCE,AV.IGNACIO MERINO 2492  CERCA ALA M,-12.08865,-77.032
07/02/2026,0752-CHORRILLOS,APS-717,11603139,JIMMY ORTEGA SUAREZ,,642,3025069867,59826,CABANOSSI 25G BDT,0.25,16.01,CHALCO POZO JAIRO JAIR,,LINCE,CALLE FRANCISCO LAZO 2684,-12.08974,-77.02981
07/02/2026,0752-CHORRILLOS,APS-717,11603139,JIMMY ORTEGA SUAREZ,,642,3025069867,59828,PATE 100GR BDT,0.3,7.24,CHALCO POZO JAIRO JAIR,,LINCE,CALLE FRANCISCO LAZO 2684,-12.08974,-77.02981
07/02/2026,0752-CHORRILLOS,APS-717,11603139,JIMMY ORTEGA SUAREZ,,642,3025069867,59830,QUESO CREMA PHILADELP BRICK 180GR KRAFT,1.08,55.14,CHALCO POZO JAIRO JAIR,,LINCE,CALLE FRANCISCO LAZO 2684,-12.08974,-77.02981
07/02/2026,0752-CHORRILLOS,APS-717,11603139,JIMMY ORTEGA SUAREZ,,642,3025069867,59832,JAMON PIZZA 3.4 - 3.5 KG OK,3.45,73.95,CHALCO POZO JAIRO JAIR,,LINCE,CALLE FRANCISCO LAZO 2684,-12.08974,-77.02981
07/02/2026,0752-CHORRILLOS,APS-717,11603139,JIMMY ORTEGA SUAREZ,,642,3025069867,59834,PACK J PIZZA Y EDAM 340GR OK,1.7,52.52,CHALCO POZO JAIRO JAIR,,LINCE,CALLE FRANCISCO LAZO 2684,-12.08974,-77.02981
07/02/2026,0752-CHORRILLOS,APS-717,11603139,JIMMY ORTEGA SUAREZ,,642,3025069867,59836,QUESO FUNDIDO SABOR CHEDDAR 170GR BDT,0.17,0,CHALCO POZO JAIRO JAIR,,LINCE,CALLE FRANCISCO LAZO 2684,-12.08974,-77.02981
07/02/2026,0752-CHORRILLOS,APS-717,11603139,JIMMY ORTEGA SUAREZ,,642,3025069867,59838,PHILADELPHIA ORIGINAL TUB 150GR KRAFT,0.6,30.54,CHALCO POZO JAIRO JAIR,,LINCE,CALLE FRANCISCO LAZO 2684,-12.08974,-77.02981
07/02/2026,0752-CHORRILLOS,APS-717,11603139,JIMMY ORTEGA SUAREZ,,642,3025069867,59840,VIENESA 12CM PQ 5UN 175GR OK,1.05,22.63,CHALCO POZO JAIRO JAIR,,LINCE,CALLE FRANCISCO LAZO 2684,-12.08974,-77.02981
07/02/2026,0752-CHORRILLOS,APS-717,11603139,JIMMY ORTEGA SUAREZ,,642,3025069867,59842,TOCINO AHUMADO 100GR OK,0.8,48.14,CHALCO POZO JAIRO JAIR,,LINCE,CALLE FRANCISCO LAZO 2684,-12.08974,-77.02981
07/02/2026,0752-CHORRILLOS,APS-717,11603139,JIMMY ORTEGA SUAREZ,,642,3025069867,59844,QUESO ANDINO CU?A 250GR AP QKALAS,0.5,14.24,CHALCO POZO JAIRO JAIR,,LINCE,CALLE FRANCISCO LAZO 2684,-12.08974,-77.02981
07/02/2026,0752-CHORRILLOS,APS-717,11599550,NEWREST PERU SAC,BANBIF E,714,3025020205,57706,PCH POL SH SP BR 2U CG CJ 15KG AP PERDIX,30,391.5,CHALCO POZO JAIRO JAIR,,SAN ISIDRO,AV RIVERA NAVARRETE 600 PISO 7,-12.09324,-77.02691
07/02/2026,0752-CHORRILLOS,APS-717,11599550,NEWREST PERU SAC,BANBIF E,714,3025020205,57708,HOT DOG 2001 CONG PQT 20U 1KG BF,2,18.55,CHALCO POZO JAIRO JAIR,,SAN ISIDRO,AV RIVERA NAVARRETE 600 PISO 7,-12.09324,-77.02691
07/02/2026,0752-CHORRILLOS,APS-717,11599550,NEWREST PERU SAC,BANBIF E,714,3025020205,57710,MASA SALCH NORTE CUL CG PQ 600GR OK,1.2,15.14,CHALCO POZO JAIRO JAIR,,SAN ISIDRO,AV RIVERA NAVARRETE 600 PISO 7,-12.09324,-77.02691
07/02/2026,0752-CHORRILLOS,APS-717,11599550,NEWREST PERU SAC,BANBIF E,714,3025020205,57712,MOLIDA ECO CG UN 1KG SEGO,4,48,CHALCO POZO JAIRO JAIR,,SAN ISIDRO,AV RIVERA NAVARRETE 600 PISO 7,-12.09324,-77.02691
07/02/2026,0752-CHORRILLOS,APS-717,11599550,NEWREST PERU SAC,BANBIF E,714,3025020205,57714,JAMON LONCHERA CG PQ 0.5KG SEGO,3,34.73,CHALCO POZO JAIRO JAIR,,SAN ISIDRO,AV RIVERA NAVARRETE 600 PISO 7,-12.09324,-77.02691
07/02/2026,0752-CHORRILLOS,APS-717,11599550,NEWREST PERU SAC,BANBIF E,714,3025020205,57716,CHORIZO PREC NAT CG PQ 2KG SEGO,4,53.01,CHALCO POZO JAIRO JAIR,,SAN ISIDRO,AV RIVERA NAVARRETE 600 PISO 7,-12.09324,-77.02691
07/02/2026,0752-CHORRILLOS,APS-717,11715513,CHIRITO TALLEDO CARMEN ELIZABE,,642,3025057397,58486,CABANOSSI 25G BDT,0.3,19.21,CHALCO POZO JAIRO JAIR,,SAN ISIDRO,CA CRNEL ANDRES REYES 421,-12.09396,-77.02752
07/02/2026,0752-CHORRILLOS,APS-717,11715513,CHIRITO TALLEDO CARMEN ELIZABE,,642,3025057397,58488,VIENESA AHUMADA 1KG SEGO,6,83.94,CHALCO POZO JAIRO JAIR,,SAN ISIDRO,CA CRNEL ANDRES REYES 421,-12.09396,-77.02752
07/02/2026,0752-CHORRILLOS,APS-717,11715513,CHIRITO TALLEDO CARMEN ELIZABE,,642,3025057397,58490,HOT DOG SALCHIP ROSA PQ 24U SEGO,1.84,13.49,CHALCO POZO JAIRO JAIR,,SAN ISIDRO,CA CRNEL ANDRES REYES 421,-12.09396,-77.02752
07/02/2026,0752-CHORRILLOS,APS-717,11715513,CHIRITO TALLEDO CARMEN ELIZABE,,642,3025057397,58492,SALCH HUACHO UN 0.25KG SEGO,1,17.24,CHALCO POZO JAIRO JAIR,,SAN ISIDRO,CA CRNEL ANDRES REYES 421,-12.09396,-77.02752
07/02/2026,0752-CHORRILLOS,APS-717,11715513,CHIRITO TALLEDO CARMEN ELIZABE,,642,3025057397,58494,SUP CHORIZO PREC PQ 10U 0.8KG SEGO,2.4,27.09,CHALCO POZO JAIRO JAIR,,SAN ISIDRO,CA CRNEL ANDRES REYES 421,-12.09396,-77.02752
07/02/2026,0752-CHORRILLOS,APS-717,11715513,CHIRITO TALLEDO CARMEN ELIZABE,,642,3025057397,58496,RELLENO UN 0.5KG SEGO,1,13.38,CHALCO POZO JAIRO JAIR,,SAN ISIDRO,CA CRNEL ANDRES REYES 421,-12.09396,-77.02752
07/02/2026,0752-CHORRILLOS,APS-717,11715513,CHIRITO TALLEDO CARMEN ELIZABE,,642,3025057397,58498,TOCINO AHUMADO 100GR SEGO,0.5,23.8,CHALCO POZO JAIRO JAIR,,SAN ISIDRO,CA CRNEL ANDRES REYES 421,-12.09396,-77.02752
07/02/2026,0752-CHORRILLOS,APS-717,11651977,GASTROBIZ SAC,SUBWAY NAVARRETE,713,3025100319,62736,PECHUGA POLLO MACERADA COCIDA 2KG SEGO,50,1452.5,CHALCO POZO JAIRO JAIR,,SAN ISIDRO,AV RICARDO RIVERA NAVARRETE 857,-12.09573,-77.02625
07/02/2026,0752-CHORRILLOS,APS-717,11651977,GASTROBIZ SAC,SUBWAY NAVARRETE,713,3025100319,62738,JAMON PAVO 37LJ CG 500GR BDT,7.5,257.4,CHALCO POZO JAIRO JAIR,,SAN ISIDRO,AV RICARDO RIVERA NAVARRETE 857,-12.09573,-77.02625
07/02/2026,0752-CHORRILLOS,APS-717,11651977,GASTROBIZ SAC,SUBWAY NAVARRETE,713,3025100319,62740,PULLED PORK ESPECIAL 1KG CG BF,6,208.08,CHALCO POZO JAIRO JAIR,,SAN ISIDRO,AV RICARDO RIVERA NAVARRETE 857,-12.09573,-77.02625
07/02/2026,0752-CHORRILLOS,APS-717,11651977,GASTROBIZ SAC,SUBWAY NAVARRETE,713,3025100319,62742,FUNDIDO SABOR EMMENTAL 2.27KG MILKUNZ,9.08,243.88,CHALCO POZO JAIRO JAIR,,SAN ISIDRO,AV RICARDO RIVERA NAVARRETE 857,-12.09573,-77.02625
07/02/2026,0752-CHORRILLOS,APS-717,11651977,GASTROBIZ SAC,SUBWAY NAVARRETE,713,3025100319,62744,FUNDIDO SABOR CHEDDAR 2.27KG MILKUNZ,9.08,243.88,CHALCO POZO JAIRO JAIR,,SAN ISIDRO,AV RICARDO RIVERA NAVARRETE 857,-12.09573,-77.02625
07/02/2026,0752-CHORRILLOS,APS-717,11651977,GASTROBIZ SAC,SUBWAY NAVARRETE,713,3025100319,62746,JAMON 2001 OVAL CONG PQT 0.5KG BF,7.5,185.92,CHALCO POZO JAIRO JAIR,,SAN ISIDRO,AV RICARDO RIVERA NAVARRETE 857,-12.09573,-77.02625
07/02/2026,0752-CHORRILLOS,APS-717,11627260,PEREDA REYES ANA MARIA,,642,3025039831,57932,QUESO CREMA PHILADELP BRICK 180GR KRAFT,1.8,87.86,CHALCO POZO JAIRO JAIR,,SAN ISIDRO,LUIS FELIPE VILLARAN 810,-12.10095,-77.02886
07/02/2026,0752-CHORRILLOS,APS-717,11627260,PEREDA REYES ANA MARIA,,642,3025039831,57934,JAMONADA ESPECIAL PQ 100GR 8LJ OK,0.6,17.42,CHALCO POZO JAIRO JAIR,,SAN ISIDRO,LUIS FELIPE VILLARAN 810,-12.10095,-77.02886
07/02/2026,0752-CHORRILLOS,APS-717,11733199,NEGOCIOS VALENTINA SAC,,642,3025093111,62136,QUESO EDAM 90GR BDT,0.54,23.43,CHALCO POZO JAIRO JAIR,,SAN ISIDRO,AV PETIT THOUARS 3920,-12.10106,-77.03096
07/02/2026,0752-CHORRILLOS,APS-717,11733199,NEGOCIOS VALENTINA SAC,,642,3025093111,62138,VIENESA 12CM PQ 5UN 175GR OK,0.35,7.54,CHALCO POZO JAIRO JAIR,,SAN ISIDRO,AV PETIT THOUARS 3920,-12.10106,-77.03096
07/02/2026,0752-CHORRILLOS,APS-717,11733199,NEGOCIOS VALENTINA SAC,,642,3025093111,62140,QUESO ANDINO CU?A 250GR AP QKALAS,0.5,14.24,CHALCO POZO JAIRO JAIR,,SAN ISIDRO,AV PETIT THOUARS 3920,-12.10106,-77.03096
07/02/2026,0752-CHORRILLOS,APS-717,11693396,DE LA CRUZ YARANGA MANSUETO PL,,642,3025077298,60750,CABANOSSI 25G BDT,0.5,32.02,CHALCO POZO JAIRO JAIR,,SAN ISIDRO,AV.PETIT THOUAR 3919,-12.10085,-77.03081
07/02/2026,0752-CHORRILLOS,APS-717,11693396,DE LA CRUZ YARANGA MANSUETO PL,,642,3025077298,60752,PATE 100GR BDT,0.2,4.82,CHALCO POZO JAIRO JAIR,,SAN ISIDRO,AV.PETIT THOUAR 3919,-12.10085,-77.03081
07/02/2026,0752-CHORRILLOS,APS-717,11693396,DE LA CRUZ YARANGA MANSUETO PL,,642,3025077298,60754,PACK J PIZZA Y EDAM 340GR OK,1.7,52.52,CHALCO POZO JAIRO JAIR,,SAN ISIDRO,AV.PETIT THOUAR 3919,-12.10085,-77.03081
07/02/2026,0752-CHORRILLOS,APS-717,11693396,DE LA CRUZ YARANGA MANSUETO PL,,642,3025077298,60756,JAMON INGLES PQ 200GR 8LJ OK,0.4,25.19,CHALCO POZO JAIRO JAIR,,SAN ISIDRO,AV.PETIT THOUAR 3919,-12.10085,-77.03081
07/02/2026,0752-CHORRILLOS,APS-717,11693396,DE LA CRUZ YARANGA MANSUETO PL,,642,3025077298,60758,JAMON PIZZA PQ 100GR 6LJ OK,0.2,5.77,CHALCO POZO JAIRO JAIR,,SAN ISIDRO,AV.PETIT THOUAR 3919,-12.10085,-77.03081
07/02/2026,0752-CHORRILLOS,APS-717,11693396,DE LA CRUZ YARANGA MANSUETO PL,,642,3025077298,60760,TOCINO AHUMADO 100GR OK,0.8,48.14,CHALCO POZO JAIRO JAIR,,SAN ISIDRO,AV.PETIT THOUAR 3919,-12.10085,-77.03081
07/02/2026,0752-CHORRILLOS,APS-717,11693396,DE LA CRUZ YARANGA MANSUETO PL,,642,3025077298,60762,CHORIZO PARRI PREC 2U 140GR BDT,0.42,8.53,CHALCO POZO JAIRO JAIR,,SAN ISIDRO,AV.PETIT THOUAR 3919,-12.10085,-77.03081
07/02/2026,0752-CHORRILLOS,APS-717,11728867,CRESPO ARANA BRAULIO FREDY,,642,3025083829,61480,PATE 100GR BDT,0.3,7.24,CHALCO POZO JAIRO JAIR,,SAN ISIDRO,AV PETIT THUARS 3865,-12.1002,-77.03103
07/02/2026,0752-CHORRILLOS,APS-717,11728867,CRESPO ARANA BRAULIO FREDY,,642,3025083829,61482,PACK JAMON Y QUESO 370GR BDT,2.22,61.64,CHALCO POZO JAIRO JAIR,,SAN ISIDRO,AV PETIT THUARS 3865,-12.1002,-77.03103
07/02/2026,0752-CHORRILLOS,APS-717,11728867,CRESPO ARANA BRAULIO FREDY,,642,3025083829,61484,SALCHICHA HUACHO 150GR BDT,0.9,22.1,CHALCO POZO JAIRO JAIR,,SAN ISIDRO,AV PETIT THUARS 3865,-12.1002,-77.03103
07/02/2026,0752-CHORRILLOS,APS-717,11728867,CRESPO ARANA BRAULIO FREDY,,642,3025083829,61486,QUESO CREMA PHILADELP BRICK 180GR KRAFT,2.16,105.44,CHALCO POZO JAIRO JAIR,,SAN ISIDRO,AV PETIT THUARS 3865,-12.1002,-77.03103
07/02/2026,0752-CHORRILLOS,APS-717,11728867,CRESPO ARANA BRAULIO FREDY,,642,3025083829,61488,BOLA TIPO MOZZARELLA X 200G BDT,0.8,27.18,CHALCO POZO JAIRO JAIR,,SAN ISIDRO,AV PETIT THUARS 3865,-12.1002,-77.03103
07/02/2026,0752-CHORRILLOS,APS-717,11728867,CRESPO ARANA BRAULIO FREDY,,642,3025083829,61490,PACK J PIZZA Y EDAM 340GR OK,2.04,62.13,CHALCO POZO JAIRO JAIR,,SAN ISIDRO,AV PETIT THUARS 3865,-12.1002,-77.03103
07/02/2026,0752-CHORRILLOS,APS-717,11728867,CRESPO ARANA BRAULIO FREDY,,642,3025083829,61492,QUESO FUNDIDO SABOR CHEDDAR 170GR BDT,0.17,0,CHALCO POZO JAIRO JAIR,,SAN ISIDRO,AV PETIT THUARS 3865,-12.1002,-77.03103
07/02/2026,0752-CHORRILLOS,APS-717,11728867,CRESPO ARANA BRAULIO FREDY,,642,3025083829,61494,JAMON DE PAVITA PQ 200GR 8LJ OK,0.4,23.34,CHALCO POZO JAIRO JAIR,,SAN ISIDRO,AV PETIT THUARS 3865,-12.1002,-77.03103
07/02/2026,0752-CHORRILLOS,APS-717,11728867,CRESPO ARANA BRAULIO FREDY,,642,3025083829,61496,JAMON INGLES PQ 200GR 8LJ OK,0.2,12.6,CHALCO POZO JAIRO JAIR,,SAN ISIDRO,AV PETIT THUARS 3865,-12.1002,-77.03103
07/02/2026,0752-CHORRILLOS,APS-717,11728867,CRESPO ARANA BRAULIO FREDY,,642,3025083829,61498,JAMON DEL PAIS PQ 150GR 8LJ OK,0.3,17.13,CHALCO POZO JAIRO JAIR,,SAN ISIDRO,AV PETIT THUARS 3865,-12.1002,-77.03103
07/02/2026,0752-CHORRILLOS,APS-717,11728867,CRESPO ARANA BRAULIO FREDY,,642,3025083829,61500,LOMO AHUMADO PQ 150GR 6LJ OK,0.3,18.92,CHALCO POZO JAIRO JAIR,,SAN ISIDRO,AV PETIT THUARS 3865,-12.1002,-77.03103
07/02/2026,0752-CHORRILLOS,APS-717,11728867,CRESPO ARANA BRAULIO FREDY,,642,3025083829,61502,VIENESA 12CM PQ 5UN 175GR OK,1.05,22.63,CHALCO POZO JAIRO JAIR,,SAN ISIDRO,AV PETIT THUARS 3865,-12.1002,-77.03103
07/02/2026,0752-CHORRILLOS,APS-717,11728867,CRESPO ARANA BRAULIO FREDY,,642,3025083829,61504,TOCINO AHUMADO 100GR OK,0.6,36.1,CHALCO POZO JAIRO JAIR,,SAN ISIDRO,AV PETIT THUARS 3865,-12.1002,-77.03103
07/02/2026,0752-CHORRILLOS,APS-717,11728867,CRESPO ARANA BRAULIO FREDY,,642,3025083829,61506,CHORIZO PARRI PREC 2U 140GR BDT,0.84,17.06,CHALCO POZO JAIRO JAIR,,SAN ISIDRO,AV PETIT THUARS 3865,-12.1002,-77.03103
07/02/2026,0752-CHORRILLOS,ATY-875,11605147,DON ITALO SAC,DON IT 059204 ES,716,3025081714,61324,PEPERONI PQ 0.5KG SEGO,10,281.6,QUISPE VALENCIA LUIS JAVIER,,MAGDALENA DEL MAR,AV TOMAS RAMSEY  114,-12.08907,-77.06476
07/02/2026,0752-CHORRILLOS,ATY-875,11693390,BONO SAC,,720,3025075482,60512,PCH POL SH SP BR 2U CG CJ 15KG AP PERDIX,180,2483.99,QUISPE VALENCIA LUIS JAVIER,,JESUS MARIA,AV GRAL SALAVERRY 2370,-12.08959,-77.05278
07/02/2026,0752-CHORRILLOS,ATY-875,11713458,ISSIMO FOOD CO SAC,ÍSSIMO,71B,3025073166,60090,JAMON INGLES PQ 200GR 8LJ OK,2,59.81,QUISPE VALENCIA LUIS JAVIER,,JESUS MARIA,CENTRO COMERCIAL SAN FELIPE PTO 62,-12.08749,-77.05353
07/02/2026,0752-CHORRILLOS,ATY-875,11758765,CAFE TOSTADO SAC,,719,3025039562,57914,TOCINO CUL PQ 500GR 20GR 25LJ OK,0.5,22.33,QUISPE VALENCIA LUIS JAVIER,,JESUS MARIA,RES SAN FELIPE DEL EDIFICIO T36 INT,-12.08808,-77.05221
07/02/2026,0752-CHORRILLOS,ATY-875,11758765,CAFE TOSTADO SAC,,719,3025039562,57916,EDAM BARRA 3KG AP MILKUNZ,3,115.14,QUISPE VALENCIA LUIS JAVIER,,JESUS MARIA,RES SAN FELIPE DEL EDIFICIO T36 INT,-12.08808,-77.05221
07/02/2026,0752-CHORRILLOS,ATY-875,11599121,FRANQUICIAS ALIMENTARIAS SA,FRIDAYS SALAVERRY E,713,3024979709,57444,MTO HAMBURG ESP RES 80U 85GR CJ 6.8KG OK,34,683.05,QUISPE VALENCIA LUIS JAVIER,,JESUS MARIA,AV SALAVERRY INT R 8-9,-12.0905,-77.05238
07/02/2026,0752-CHORRILLOS,ATY-875,11599121,FRANQUICIAS ALIMENTARIAS SA,FRIDAYS SALAVERRY E,713,3024979709,57446,MTO HAMBURG ESP RES CJ 36UN 200GR OK,36,686.15,QUISPE VALENCIA LUIS JAVIER,,JESUS MARIA,AV SALAVERRY INT R 8-9,-12.0905,-77.05238
07/02/2026,0752-CHORRILLOS,ATY-875,11596779,CORPORACION GRG Y CIA SRL,GRG CIA E,71B,3025100314,62696,JAMON PIZZA PQ 500GR 25LJ OK,2,65,QUISPE VALENCIA LUIS JAVIER,,JESUS MARIA,CENTRO COMERCIAL SAN FELIPE TDA 12,-12.08725,-77.05452
07/02/2026,0752-CHORRILLOS,ATY-875,11596779,CORPORACION GRG Y CIA SRL,GRG CIA E,71B,3025100314,62698,SALCHICHA DEL NORTE BLS 2KG 100GR OK,2,61.6,QUISPE VALENCIA LUIS JAVIER,,JESUS MARIA,CENTRO COMERCIAL SAN FELIPE TDA 12,-12.08725,-77.05452
07/02/2026,0752-CHORRILLOS,ATY-875,11596779,CORPORACION GRG Y CIA SRL,GRG CIA E,71B,3025100314,62700,CHORIZO PARRILLERO PQ 4UN 400GR OK,2,54.8,QUISPE VALENCIA LUIS JAVIER,,JESUS MARIA,CENTRO COMERCIAL SAN FELIPE TDA 12,-12.08725,-77.05452
07/02/2026,0752-CHORRILLOS,ATY-875,11596779,CORPORACION GRG Y CIA SRL,GRG CIA E,71B,3025100314,62702,TOCINO CUL PQ 500GR 20GR 25LJ OK,2,89.32,QUISPE VALENCIA LUIS JAVIER,,JESUS MARIA,CENTRO COMERCIAL SAN FELIPE TDA 12,-12.08725,-77.05452
07/02/2026,0752-CHORRILLOS,ATY-875,11715938,NIFUSA SAC,RESTAURANTE GARDEN,71B,3025100329,62818,FRANKFURTER GASTRONOMIA 2KG BDT,2,37.8,QUISPE VALENCIA LUIS JAVIER,,JESUS MARIA,CC SAN FELIPE 78 INT 77 RES SAN,-12.08707,-77.05327
07/02/2026,0752-CHORRILLOS,ATY-875,11715938,NIFUSA SAC,RESTAURANTE GARDEN,71B,3025100329,62820,JAMON PIZZA PQ 500GR 25LJ OK,5,99.73,QUISPE VALENCIA LUIS JAVIER,,JESUS MARIA,CC SAN FELIPE 78 INT 77 RES SAN,-12.08707,-77.05327
07/02/2026,0752-CHORRILLOS,ATY-875,11715938,NIFUSA SAC,RESTAURANTE GARDEN,71B,3025100329,62822,TOCINO CUL PQ 500GR 20GR 25LJ OK,3.5,102.88,QUISPE VALENCIA LUIS JAVIER,,JESUS MARIA,CC SAN FELIPE 78 INT 77 RES SAN,-12.08707,-77.05327
07/02/2026,0752-CHORRILLOS,ATY-875,11758966,LOCO DE ASAR EIRL,,71B,3025070998,59936,ASADO TIRA CHO USA 1.3KG AP OK,22.1,749.23,QUISPE VALENCIA LUIS JAVIER,,JESUS MARIA,AV GARZON 2486,-12.08402,-77.05949
07/02/2026,0752-CHORRILLOS,ATY-875,11758966,LOCO DE ASAR EIRL,,71B,3025099050,62630,CHO FINAS HIERBAS CUL 83G 0.5KG BDT,0.5,0,QUISPE VALENCIA LUIS JAVIER,,JESUS MARIA,AV GARZON 2486,-12.08402,-77.05949
07/02/2026,0752-CHORRILLOS,ATY-875,11605734,MINIMARKET COLCABAMBA EIRL,,644,3025096142,62390,CABANOSSI 25G BDT,0.3,19.21,QUISPE VALENCIA LUIS JAVIER,,PUEBLO LIBRE,CAL LORETO NRO 254 ALT CDRA 20 AV B,-12.07799,-77.05834
07/02/2026,0752-CHORRILLOS,ATY-875,11605734,MINIMARKET COLCABAMBA EIRL,,644,3025096142,62392,TOCINO AHUMADO 80GR BDT,0.24,12.39,QUISPE VALENCIA LUIS JAVIER,,PUEBLO LIBRE,CAL LORETO NRO 254 ALT CDRA 20 AV B,-12.07799,-77.05834
07/02/2026,0752-CHORRILLOS,ATY-875,11605734,MINIMARKET COLCABAMBA EIRL,,644,3025096142,62394,QUESO FUNDIDO SABOR CHEDDAR 170GR BDT,0.17,0,QUISPE VALENCIA LUIS JAVIER,,PUEBLO LIBRE,CAL LORETO NRO 254 ALT CDRA 20 AV B,-12.07799,-77.05834
07/02/2026,0752-CHORRILLOS,ATY-875,11605734,MINIMARKET COLCABAMBA EIRL,,644,3025096142,62396,VIENESA 12CM PQ 5UN 175GR OK,1.4,30.17,QUISPE VALENCIA LUIS JAVIER,,PUEBLO LIBRE,CAL LORETO NRO 254 ALT CDRA 20 AV B,-12.07799,-77.05834
07/02/2026,0752-CHORRILLOS,ATY-875,11605734,MINIMARKET COLCABAMBA EIRL,,644,3025096142,62398,CHORIZO PARRI PREC 2U 140GR BDT,3.36,62.77,QUISPE VALENCIA LUIS JAVIER,,PUEBLO LIBRE,CAL LORETO NRO 254 ALT CDRA 20 AV B,-12.07799,-77.05834
07/02/2026,0752-CHORRILLOS,ATY-875,11719810,SANCHEZ RIVERA EULOGIO SIMON,,644,3025083889,61538,CABANOSSI 25G BDT,0.15,9.61,QUISPE VALENCIA LUIS JAVIER,,PUEBLO LIBRE,AV PASEO DE LOS ANDES 311,-12.07688,-77.05798
07/02/2026,0752-CHORRILLOS,ATY-875,11719810,SANCHEZ RIVERA EULOGIO SIMON,,644,3025083889,61540,PACK J PIZZA Y EDAM 340GR OK,2.72,80.48,QUISPE VALENCIA LUIS JAVIER,,PUEBLO LIBRE,AV PASEO DE LOS ANDES 311,-12.07688,-77.05798
07/02/2026,0752-CHORRILLOS,ATY-875,11719810,SANCHEZ RIVERA EULOGIO SIMON,,644,3025083889,61542,QUESO FUNDIDO SABOR CHEDDAR 170GR BDT,0.51,0,QUISPE VALENCIA LUIS JAVIER,,PUEBLO LIBRE,AV PASEO DE LOS ANDES 311,-12.07688,-77.05798
07/02/2026,0752-CHORRILLOS,ATY-875,11719810,SANCHEZ RIVERA EULOGIO SIMON,,644,3025083889,61544,VIENESA 12CM PQ 5UN 175GR OK,3.15,67.88,QUISPE VALENCIA LUIS JAVIER,,PUEBLO LIBRE,AV PASEO DE LOS ANDES 311,-12.07688,-77.05798
07/02/2026,0752-CHORRILLOS,ATY-875,11719810,SANCHEZ RIVERA EULOGIO SIMON,,644,3025083889,61546,JAMONADA POLLO PZ 2KG SEGO,4,39.83,QUISPE VALENCIA LUIS JAVIER,,PUEBLO LIBRE,AV PASEO DE LOS ANDES 311,-12.07688,-77.05798
07/02/2026,0752-CHORRILLOS,ATY-875,11719810,SANCHEZ RIVERA EULOGIO SIMON,,644,3025083889,61548,CHORIZO PARRI PREC 2U 140GR BDT,2.24,41.85,QUISPE VALENCIA LUIS JAVIER,,PUEBLO LIBRE,AV PASEO DE LOS ANDES 311,-12.07688,-77.05798
07/02/2026,0752-CHORRILLOS,ATY-875,11662464,QUINTA HILARES BEATRIZ,,644,3025098815,62618,CABANOSSI 25G BDT,0.3,19.21,QUISPE VALENCIA LUIS JAVIER,,PUEBLO LIBRE,JR TORRE TAGLE 1807  ALT CUADRA 17,-12.07584,-77.05711
07/02/2026,0752-CHORRILLOS,ATY-875,11662464,QUINTA HILARES BEATRIZ,,644,3025098815,62620,JAMON PIZZERO 100GR BDT,0.4,10.58,QUISPE VALENCIA LUIS JAVIER,,PUEBLO LIBRE,JR TORRE TAGLE 1807  ALT CUADRA 17,-12.07584,-77.05711
07/02/2026,0752-CHORRILLOS,ATY-875,11662464,QUINTA HILARES BEATRIZ,,644,3025098815,62622,TOCINO AHUMADO 80GR BDT,0.08,4.13,QUISPE VALENCIA LUIS JAVIER,,PUEBLO LIBRE,JR TORRE TAGLE 1807  ALT CUADRA 17,-12.07584,-77.05711
07/02/2026,0752-CHORRILLOS,ATY-875,11662464,QUINTA HILARES BEATRIZ,,644,3025098815,62624,BOLA TIPO MOZZARELLA X 200G BDT,0.4,13.59,QUISPE VALENCIA LUIS JAVIER,,PUEBLO LIBRE,JR TORRE TAGLE 1807  ALT CUADRA 17,-12.07584,-77.05711
07/02/2026,0752-CHORRILLOS,ATY-875,11756312,PROVEEDURIA DE ALIMENTOS SAC,PROVEEDURIA DE ALIMENTOS,71A,3025079947,61098,FRANKFURTER CHEFLISTO 83G 2KG BDT,2,35,QUISPE VALENCIA LUIS JAVIER,,PUEBLO LIBRE,AV BOLIVAR 339,-12.07315,-77.0562
07/02/2026,0752-CHORRILLOS,ATY-875,11754730,PALACIOS RODRIGUEZ ROSA,,644,3025020839,57718,PATE 100GR BDT,0.2,4.82,QUISPE VALENCIA LUIS JAVIER,,PUEBLO LIBRE,JR BERNARDO OHIGGINS 560,-12.0713,-77.06417
07/02/2026,0752-CHORRILLOS,ATY-875,11754730,PALACIOS RODRIGUEZ ROSA,,644,3025020839,57720,QUESO FUNDIDO SABOR CHEDDAR 170GR BDT,0.34,0,QUISPE VALENCIA LUIS JAVIER,,PUEBLO LIBRE,JR BERNARDO OHIGGINS 560,-12.0713,-77.06417
07/02/2026,0752-CHORRILLOS,ATY-875,11754730,PALACIOS RODRIGUEZ ROSA,,644,3025020839,57722,PACK JAMONADA DE POLLO 80GX6PZA SEGO,0.48,5.75,QUISPE VALENCIA LUIS JAVIER,,PUEBLO LIBRE,JR BERNARDO OHIGGINS 560,-12.0713,-77.06417
07/02/2026,0752-CHORRILLOS,ATY-875,11754730,PALACIOS RODRIGUEZ ROSA,,644,3025020839,57724,JAMONADA ESP 100GR BDT,0.3,5.77,QUISPE VALENCIA LUIS JAVIER,,PUEBLO LIBRE,JR BERNARDO OHIGGINS 560,-12.0713,-77.06417
07/02/2026,0752-CHORRILLOS,ATY-875,11754730,PALACIOS RODRIGUEZ ROSA,,644,3025020839,57726,JAMON PIZZA PQ 100GR 6LJ OK,0.3,8.66,QUISPE VALENCIA LUIS JAVIER,,PUEBLO LIBRE,JR BERNARDO OHIGGINS 560,-12.0713,-77.06417
07/02/2026,0752-CHORRILLOS,ATY-875,11754730,PALACIOS RODRIGUEZ ROSA,,644,3025020839,57728,VIENESA 12CM PQ 5UN 175GR OK,2.1,45.25,QUISPE VALENCIA LUIS JAVIER,,PUEBLO LIBRE,JR BERNARDO OHIGGINS 560,-12.0713,-77.06417
07/02/2026,0752-CHORRILLOS,ATY-875,11610960,AVILA LEON MARIA LINDA,,644,3025075457,60488,SALCHICHA HUACHO 150GR BDT,0.45,11.95,QUISPE VALENCIA LUIS JAVIER,,PUEBLO LIBRE,AV SAN MARTIN 275 URB LOS COLMENARE,-12.07021,-77.06335
07/02/2026,0752-CHORRILLOS,ATY-875,11610960,AVILA LEON MARIA LINDA,,644,3025075457,60490,QUESO CREMA PHILADELP BRICK 180GR KRAFT,0.18,10.1,QUISPE VALENCIA LUIS JAVIER,,PUEBLO LIBRE,AV SAN MARTIN 275 URB LOS COLMENARE,-12.07021,-77.06335
07/02/2026,0752-CHORRILLOS,ATY-875,11610960,AVILA LEON MARIA LINDA,,644,3025075457,60492,HOT DOG TRADICIONAL 200GR BDT,0.6,9.34,QUISPE VALENCIA LUIS JAVIER,,PUEBLO LIBRE,AV SAN MARTIN 275 URB LOS COLMENARE,-12.07021,-77.06335
07/02/2026,0752-CHORRILLOS,ATY-875,11610960,AVILA LEON MARIA LINDA,,644,3025075457,60494,PACK J PIZZA Y EDAM 340GR OK,0.68,22.11,QUISPE VALENCIA LUIS JAVIER,,PUEBLO LIBRE,AV SAN MARTIN 275 URB LOS COLMENARE,-12.07021,-77.06335
07/02/2026,0752-CHORRILLOS,ATY-875,11610960,AVILA LEON MARIA LINDA,,644,3025075457,60496,PHILADELPHIA ORIGINAL TUB 150GR KRAFT,0.15,8.48,QUISPE VALENCIA LUIS JAVIER,,PUEBLO LIBRE,AV SAN MARTIN 275 URB LOS COLMENARE,-12.07021,-77.06335
07/02/2026,0752-CHORRILLOS,ATY-875,11610960,AVILA LEON MARIA LINDA,,644,3025075457,60498,PACK JAMONADA Y EDAM 180GR BDT,0.54,15.83,QUISPE VALENCIA LUIS JAVIER,,PUEBLO LIBRE,AV SAN MARTIN 275 URB LOS COLMENARE,-12.07021,-77.06335
07/02/2026,0752-CHORRILLOS,ATY-875,11610960,AVILA LEON MARIA LINDA,,644,3025075457,60500,JAMON PIZZA PQ 100GR 6LJ OK,0.2,5.77,QUISPE VALENCIA LUIS JAVIER,,PUEBLO LIBRE,AV SAN MARTIN 275 URB LOS COLMENARE,-12.07021,-77.06335
07/02/2026,0752-CHORRILLOS,ATY-875,11610960,AVILA LEON MARIA LINDA,,644,3025075457,60502,CABANOSSI UN 25GR 0.026KG SEGO,0.26,14.99,QUISPE VALENCIA LUIS JAVIER,,PUEBLO LIBRE,AV SAN MARTIN 275 URB LOS COLMENARE,-12.07021,-77.06335
07/02/2026,0752-CHORRILLOS,ATY-875,11610960,AVILA LEON MARIA LINDA,,644,3025075457,60504,TOCINO AHUMADO 100GR SEGO,0.5,23.8,QUISPE VALENCIA LUIS JAVIER,,PUEBLO LIBRE,AV SAN MARTIN 275 URB LOS COLMENARE,-12.07021,-77.06335
07/02/2026,0752-CHORRILLOS,ATY-875,11610960,AVILA LEON MARIA LINDA,,644,3025075457,60506,CHORIZO PARRI PREC 2U 140GR BDT,0.7,14.22,QUISPE VALENCIA LUIS JAVIER,,PUEBLO LIBRE,AV SAN MARTIN 275 URB LOS COLMENARE,-12.07021,-77.06335
07/02/2026,0752-CHORRILLOS,ATY-875,11731204,PEREZ  PARIONA NELA,,644,3025042956,57940,CABANOSSI 25G BDT,0.25,16.01,QUISPE VALENCIA LUIS JAVIER,,PUEBLO LIBRE,AV PARQUE SAN MARTIN 175,-12.07038,-77.06223
07/02/2026,0752-CHORRILLOS,ATY-875,11731204,PEREZ  PARIONA NELA,,644,3025042956,57942,PATE 100GR BDT,1.2,28.94,QUISPE VALENCIA LUIS JAVIER,,PUEBLO LIBRE,AV PARQUE SAN MARTIN 175,-12.07038,-77.06223
07/02/2026,0752-CHORRILLOS,ATY-875,11731204,PEREZ  PARIONA NELA,,644,3025042956,57944,QUESO FUNDIDO SABOR CHEDDAR 170GR BDT,0.34,0,QUISPE VALENCIA LUIS JAVIER,,PUEBLO LIBRE,AV PARQUE SAN MARTIN 175,-12.07038,-77.06223
07/02/2026,0752-CHORRILLOS,ATY-875,11731204,PEREZ  PARIONA NELA,,644,3025042956,57946,PHILADELPHIA ORIGINAL TUB 150GR KRAFT,1.2,57.68,QUISPE VALENCIA LUIS JAVIER,,PUEBLO LIBRE,AV PARQUE SAN MARTIN 175,-12.07038,-77.06223
07/02/2026,0752-CHORRILLOS,ATY-875,11731204,PEREZ  PARIONA NELA,,644,3025042956,57948,JAMONADA ESPECIAL PQ 100GR 8LJ OK,1,29.03,QUISPE VALENCIA LUIS JAVIER,,PUEBLO LIBRE,AV PARQUE SAN MARTIN 175,-12.07038,-77.06223
07/02/2026,0752-CHORRILLOS,ATY-875,11731204,PEREZ  PARIONA NELA,,644,3025042956,57950,VIENESA 12CM PQ 5UN 175GR OK,2.1,45.25,QUISPE VALENCIA LUIS JAVIER,,PUEBLO LIBRE,AV PARQUE SAN MARTIN 175,-12.07038,-77.06223
07/02/2026,0752-CHORRILLOS,ATY-875,11731204,PEREZ  PARIONA NELA,,644,3025042956,57952,CHICHARRON DE PRENSA PQ 100GR 7LJ OK,0.8,24.78,QUISPE VALENCIA LUIS JAVIER,,PUEBLO LIBRE,AV PARQUE SAN MARTIN 175,-12.07038,-77.06223
07/02/2026,0752-CHORRILLOS,ATY-875,11731204,PEREZ  PARIONA NELA,,644,3025042956,57954,TOCINO AHUMADO 100GR OK,0.8,48.14,QUISPE VALENCIA LUIS JAVIER,,PUEBLO LIBRE,AV PARQUE SAN MARTIN 175,-12.07038,-77.06223
07/02/2026,0752-CHORRILLOS,ATY-875,11731204,PEREZ  PARIONA NELA,,644,3025042956,57956,CHORIZO PARRI PREC 2U 140GR BDT,2.24,41.85,QUISPE VALENCIA LUIS JAVIER,,PUEBLO LIBRE,AV PARQUE SAN MARTIN 175,-12.07038,-77.06223
07/02/2026,0752-CHORRILLOS,ATY-875,11602574,JHONY ATAUCUSI ARIAS,,644,3025078197,60896,PACK JAMON Y QUESO 370GR BDT,2.22,61.64,QUISPE VALENCIA LUIS JAVIER,,PUEBLO LIBRE,CALLE MARIANO JOSE ARCE NRO 247,-12.07111,-77.06337
07/02/2026,0752-CHORRILLOS,ATY-875,11602574,JHONY ATAUCUSI ARIAS,,644,3025078197,60898,BOLA TIPO MOZZARELLA X 200G BDT,0.8,27.18,QUISPE VALENCIA LUIS JAVIER,,PUEBLO LIBRE,CALLE MARIANO JOSE ARCE NRO 247,-12.07111,-77.06337
07/02/2026,0752-CHORRILLOS,ATY-875,11602574,JHONY ATAUCUSI ARIAS,,644,3025078197,60900,PACK J PIZZA Y EDAM 340GR OK,2.04,62.13,QUISPE VALENCIA LUIS JAVIER,,PUEBLO LIBRE,CALLE MARIANO JOSE ARCE NRO 247,-12.07111,-77.06337
07/02/2026,0752-CHORRILLOS,ATY-875,11602574,JHONY ATAUCUSI ARIAS,,644,3025078197,60902,JAMON PIZZA PQ 100GR 6LJ OK,0.6,17.32,QUISPE VALENCIA LUIS JAVIER,,PUEBLO LIBRE,CALLE MARIANO JOSE ARCE NRO 247,-12.07111,-77.06337
07/02/2026,0752-CHORRILLOS,ATY-875,11602574,JHONY ATAUCUSI ARIAS,,644,3025078197,60904,TOCINO AHUMADO 100GR OK,0.3,18.05,QUISPE VALENCIA LUIS JAVIER,,PUEBLO LIBRE,CALLE MARIANO JOSE ARCE NRO 247,-12.07111,-77.06337
07/02/2026,0752-CHORRILLOS,ATY-875,11602574,JHONY ATAUCUSI ARIAS,,644,3025078197,60906,CHORIZO PARRI PREC 2U 140GR BDT,1.12,21.83,QUISPE VALENCIA LUIS JAVIER,,PUEBLO LIBRE,CALLE MARIANO JOSE ARCE NRO 247,-12.07111,-77.06337
07/02/2026,0752-CHORRILLOS,ATY-875,11604960,MORA SOLIS KARINA JACKELINE,,644,3025055274,58312,CABANOSSI 25G BDT,0.3,19.21,QUISPE VALENCIA LUIS JAVIER,,PUEBLO LIBRE,JR ZARAGOSA 177,-12.06848,-77.06332
07/02/2026,0752-CHORRILLOS,ATY-875,11604960,MORA SOLIS KARINA JACKELINE,,644,3025055274,58314,PATE 100GR BDT,0.4,9.65,QUISPE VALENCIA LUIS JAVIER,,PUEBLO LIBRE,JR ZARAGOSA 177,-12.06848,-77.06332
07/02/2026,0752-CHORRILLOS,ATY-875,11604960,MORA SOLIS KARINA JACKELINE,,644,3025055274,58316,JAMON PIZZA 3.4 - 3.5 KG OK,10.35,204.09,QUISPE VALENCIA LUIS JAVIER,,PUEBLO LIBRE,JR ZARAGOSA 177,-12.06848,-77.06332
07/02/2026,0752-CHORRILLOS,ATY-875,11604960,MORA SOLIS KARINA JACKELINE,,644,3025055274,58318,PACK J PIZZA Y EDAM 340GR OK,0.68,22.11,QUISPE VALENCIA LUIS JAVIER,,PUEBLO LIBRE,JR ZARAGOSA 177,-12.06848,-77.06332
07/02/2026,0752-CHORRILLOS,ATY-875,11604960,MORA SOLIS KARINA JACKELINE,,644,3025055274,58320,QUESO FUNDIDO SABOR CHEDDAR 170GR BDT,0.17,0,QUISPE VALENCIA LUIS JAVIER,,PUEBLO LIBRE,JR ZARAGOSA 177,-12.06848,-77.06332
07/02/2026,0752-CHORRILLOS,ATY-875,11604960,MORA SOLIS KARINA JACKELINE,,644,3025055274,58322,PACK SUPER CHORIZO PREC80GX6PZA SEGO,0.48,6.76,QUISPE VALENCIA LUIS JAVIER,,PUEBLO LIBRE,JR ZARAGOSA 177,-12.06848,-77.06332
07/02/2026,0752-CHORRILLOS,ATY-875,11604960,MORA SOLIS KARINA JACKELINE,,644,3025055274,58324,JAMON PIZZA PQ 100GR 6LJ OK,0.3,8.66,QUISPE VALENCIA LUIS JAVIER,,PUEBLO LIBRE,JR ZARAGOSA 177,-12.06848,-77.06332
07/02/2026,0752-CHORRILLOS,ATY-875,11604960,MORA SOLIS KARINA JACKELINE,,644,3025055274,58326,JAMONADA ESPECIAL PZ 3KG OK,3,74.17,QUISPE VALENCIA LUIS JAVIER,,PUEBLO LIBRE,JR ZARAGOSA 177,-12.06848,-77.06332
07/02/2026,0752-CHORRILLOS,ATY-875,11604960,MORA SOLIS KARINA JACKELINE,,644,3025055274,58328,JAMONADA POLACA PZ 3KG OK,3,73.37,QUISPE VALENCIA LUIS JAVIER,,PUEBLO LIBRE,JR ZARAGOSA 177,-12.06848,-77.06332
07/02/2026,0752-CHORRILLOS,ATY-875,11604960,MORA SOLIS KARINA JACKELINE,,644,3025055274,58330,VIENESA 12CM PQ 5UN 175GR OK,1.05,22.63,QUISPE VALENCIA LUIS JAVIER,,PUEBLO LIBRE,JR ZARAGOSA 177,-12.06848,-77.06332
07/02/2026,0752-CHORRILLOS,ATY-875,11604960,MORA SOLIS KARINA JACKELINE,,644,3025055274,58332,SALCHICHA DEL NORTE BLS 2KG 100GR OK,2,61.59,QUISPE VALENCIA LUIS JAVIER,,PUEBLO LIBRE,JR ZARAGOSA 177,-12.06848,-77.06332
07/02/2026,0752-CHORRILLOS,ATY-875,11715944,YLLACCANQUI JIMENEZ MERCEDES V,,644,3025056198,58440,PATE 100GR BDT,0.3,7.24,QUISPE VALENCIA LUIS JAVIER,,PUEBLO LIBRE,CA SEVILLA 385,-12.06956,-77.06505
07/02/2026,0752-CHORRILLOS,ATY-875,11715944,YLLACCANQUI JIMENEZ MERCEDES V,,644,3025056198,58442,TOCINO AHUMADO 80GR BDT,0.4,20.65,QUISPE VALENCIA LUIS JAVIER,,PUEBLO LIBRE,CA SEVILLA 385,-12.06956,-77.06505
07/02/2026,0752-CHORRILLOS,ATY-875,11715944,YLLACCANQUI JIMENEZ MERCEDES V,,644,3025056198,58444,SALCHICHA HUACHO 150GR BDT,0.3,7.96,QUISPE VALENCIA LUIS JAVIER,,PUEBLO LIBRE,CA SEVILLA 385,-12.06956,-77.06505
07/02/2026,0752-CHORRILLOS,ATY-875,11715944,YLLACCANQUI JIMENEZ MERCEDES V,,644,3025056198,58446,PACK J PIZZA Y EDAM 340GR OK,1.02,33.17,QUISPE VALENCIA LUIS JAVIER,,PUEBLO LIBRE,CA SEVILLA 385,-12.06956,-77.06505
07/02/2026,0752-CHORRILLOS,ATY-875,11715944,YLLACCANQUI JIMENEZ MERCEDES V,,644,3025056198,58448,QUESO FUNDIDO SABOR CHEDDAR 170GR BDT,0.17,0,QUISPE VALENCIA LUIS JAVIER,,PUEBLO LIBRE,CA SEVILLA 385,-12.06956,-77.06505
07/02/2026,0752-CHORRILLOS,ATY-875,11715944,YLLACCANQUI JIMENEZ MERCEDES V,,644,3025056198,58450,JAMON PIZZA PQ 100GR 6LJ OK,0.4,11.54,QUISPE VALENCIA LUIS JAVIER,,PUEBLO LIBRE,CA SEVILLA 385,-12.06956,-77.06505
07/02/2026,0752-CHORRILLOS,ATY-875,11715944,YLLACCANQUI JIMENEZ MERCEDES V,,644,3025056198,58452,JAMONADA ESPECIAL PQ 100GR 8LJ OK,0.5,14.52,QUISPE VALENCIA LUIS JAVIER,,PUEBLO LIBRE,CA SEVILLA 385,-12.06956,-77.06505
07/02/2026,0752-CHORRILLOS,ATY-875,11715944,YLLACCANQUI JIMENEZ MERCEDES V,,644,3025056198,58454,VIENESA 12CM PQ 5UN 175GR OK,1.05,22.63,QUISPE VALENCIA LUIS JAVIER,,PUEBLO LIBRE,CA SEVILLA 385,-12.06956,-77.06505
07/02/2026,0752-CHORRILLOS,ATY-875,11715944,YLLACCANQUI JIMENEZ MERCEDES V,,644,3025056198,58456,CHORIZO PARRI PREC 2U 140GR BDT,0.56,11.37,QUISPE VALENCIA LUIS JAVIER,,PUEBLO LIBRE,CA SEVILLA 385,-12.06956,-77.06505
07/02/2026,0752-CHORRILLOS,ATY-875,11596882,ROXANA CULQUI VASQUEZ,,644,3025055275,58334,CABANOSSI 25G BDT,0.25,16.01,QUISPE VALENCIA LUIS JAVIER,,PUEBLO LIBRE,AV MARIANO CORNEJO 1498,-12.06783,-77.06746
07/02/2026,0752-CHORRILLOS,ATY-875,11596882,ROXANA CULQUI VASQUEZ,,644,3025055275,58336,QUESO CREMA PHILADELP BRICK 180GR KRAFT,1.08,55.14,QUISPE VALENCIA LUIS JAVIER,,PUEBLO LIBRE,AV MARIANO CORNEJO 1498,-12.06783,-77.06746
07/02/2026,0752-CHORRILLOS,ATY-875,11596882,ROXANA CULQUI VASQUEZ,,644,3025055275,58338,JAMON PIZZA 3.4 - 3.5 KG OK,3.45,73.95,QUISPE VALENCIA LUIS JAVIER,,PUEBLO LIBRE,AV MARIANO CORNEJO 1498,-12.06783,-77.06746
07/02/2026,0752-CHORRILLOS,ATY-875,11596882,ROXANA CULQUI VASQUEZ,,644,3025055275,58340,PACK J PIZZA Y EDAM 340GR OK,1.36,44.22,QUISPE VALENCIA LUIS JAVIER,,PUEBLO LIBRE,AV MARIANO CORNEJO 1498,-12.06783,-77.06746
07/02/2026,0752-CHORRILLOS,ATY-875,11596882,ROXANA CULQUI VASQUEZ,,644,3025055275,58342,QUESO FUNDIDO SABOR CHEDDAR 170GR BDT,0.17,0,QUISPE VALENCIA LUIS JAVIER,,PUEBLO LIBRE,AV MARIANO CORNEJO 1498,-12.06783,-77.06746
07/02/2026,0752-CHORRILLOS,ATY-875,11596882,ROXANA CULQUI VASQUEZ,,644,3025055275,58344,JAMON PIZZA PQ 100GR 6LJ OK,0.4,11.54,QUISPE VALENCIA LUIS JAVIER,,PUEBLO LIBRE,AV MARIANO CORNEJO 1498,-12.06783,-77.06746
07/02/2026,0752-CHORRILLOS,ATY-875,11596882,ROXANA CULQUI VASQUEZ,,644,3025055275,58346,POLACA PQ 100GR 8LJ OK,0.4,15.46,QUISPE VALENCIA LUIS JAVIER,,PUEBLO LIBRE,AV MARIANO CORNEJO 1498,-12.06783,-77.06746
07/02/2026,0752-CHORRILLOS,ATY-875,11596882,ROXANA CULQUI VASQUEZ,,644,3025055275,58348,VIENESA 12CM PQ 5UN 175GR OK,1.4,30.17,QUISPE VALENCIA LUIS JAVIER,,PUEBLO LIBRE,AV MARIANO CORNEJO 1498,-12.06783,-77.06746
07/02/2026,0752-CHORRILLOS,ATY-875,11596882,ROXANA CULQUI VASQUEZ,,644,3025055275,58350,CHICHARRON DE PRENSA PZ 2.2 A 2.6KG OK,2.6,81.27,QUISPE VALENCIA LUIS JAVIER,,PUEBLO LIBRE,AV MARIANO CORNEJO 1498,-12.06783,-77.06746
07/02/2026,0752-CHORRILLOS,ATY-875,11596882,ROXANA CULQUI VASQUEZ,,644,3025055275,58352,TOCINO AHUMADO 100GR OK,0.8,48.14,QUISPE VALENCIA LUIS JAVIER,,PUEBLO LIBRE,AV MARIANO CORNEJO 1498,-12.06783,-77.06746
07/02/2026,0752-CHORRILLOS,ATY-875,11596882,ROXANA CULQUI VASQUEZ,,644,3025055275,58354,MOLIDA ESPECIAL CG 1KG SEGO,2,50.45,QUISPE VALENCIA LUIS JAVIER,,PUEBLO LIBRE,AV MARIANO CORNEJO 1498,-12.06783,-77.06746
07/02/2026,0752-CHORRILLOS,ATY-875,11596882,ROXANA CULQUI VASQUEZ,,644,3025055275,58356,CHORIZO PARRI PREC 2U 140GR BDT,0.56,11.37,QUISPE VALENCIA LUIS JAVIER,,PUEBLO LIBRE,AV MARIANO CORNEJO 1498,-12.06783,-77.06746
07/02/2026,0752-CHORRILLOS,ATY-875,11597194,MIGUEL VILLANUEVA SIGUENAS,,644,3025072043,59990,CABANOSSI 25G BDT,0.3,19.21,QUISPE VALENCIA LUIS JAVIER,,PUEBLO LIBRE,JR SEVILLA 134,-12.06812,-77.0651
07/02/2026,0752-CHORRILLOS,ATY-875,11597194,MIGUEL VILLANUEVA SIGUENAS,,644,3025072043,59992,SALCHICHA HUACHO 150GR BDT,0.75,18.67,QUISPE VALENCIA LUIS JAVIER,,PUEBLO LIBRE,JR SEVILLA 134,-12.06812,-77.0651
07/02/2026,0752-CHORRILLOS,ATY-875,11597194,MIGUEL VILLANUEVA SIGUENAS,,644,3025072043,59994,PACK JAMONADA Y EDAM 180GR BDT,0.54,15.83,QUISPE VALENCIA LUIS JAVIER,,PUEBLO LIBRE,JR SEVILLA 134,-12.06812,-77.0651
07/02/2026,0752-CHORRILLOS,ATY-875,11597194,MIGUEL VILLANUEVA SIGUENAS,,644,3025072043,59996,CHORIZO PARRI PREC 2U 140GR BDT,1.12,21.83,QUISPE VALENCIA LUIS JAVIER,,PUEBLO LIBRE,JR SEVILLA 134,-12.06812,-77.0651
07/02/2026,0752-CHORRILLOS,ATY-875,11734150,ROBLES MENDOZA PATRICIA ERIKA,,644,3025074402,60356,CABANOSSI 25G BDT,0.5,32.02,QUISPE VALENCIA LUIS JAVIER,,PUEBLO LIBRE,JR GRANADA 345,-12.06898,-77.06431
07/02/2026,0752-CHORRILLOS,ATY-875,11734150,ROBLES MENDOZA PATRICIA ERIKA,,644,3025074402,60358,QUESO CREMA PHILADELP BRICK 180GR KRAFT,1.08,55.14,QUISPE VALENCIA LUIS JAVIER,,PUEBLO LIBRE,JR GRANADA 345,-12.06898,-77.06431
07/02/2026,0752-CHORRILLOS,ATY-875,11734150,ROBLES MENDOZA PATRICIA ERIKA,,644,3025074402,60360,BOLA TIPO MOZZARELLA X 200G BDT,0.4,13.59,QUISPE VALENCIA LUIS JAVIER,,PUEBLO LIBRE,JR GRANADA 345,-12.06898,-77.06431
07/02/2026,0752-CHORRILLOS,ATY-875,11734150,ROBLES MENDOZA PATRICIA ERIKA,,644,3025074402,60362,JAMON PIZZA PQ 100GR 6LJ OK,0.3,8.66,QUISPE VALENCIA LUIS JAVIER,,PUEBLO LIBRE,JR GRANADA 345,-12.06898,-77.06431
07/02/2026,0752-CHORRILLOS,ATY-875,11734150,ROBLES MENDOZA PATRICIA ERIKA,,644,3025074402,60364,JAMONADA ESPECIAL PQ 100GR 8LJ OK,0.4,11.61,QUISPE VALENCIA LUIS JAVIER,,PUEBLO LIBRE,JR GRANADA 345,-12.06898,-77.06431
07/02/2026,0752-CHORRILLOS,ATY-875,11734150,ROBLES MENDOZA PATRICIA ERIKA,,644,3025074402,60366,TOCINO AHUMADO 100GR OK,0.5,30.09,QUISPE VALENCIA LUIS JAVIER,,PUEBLO LIBRE,JR GRANADA 345,-12.06898,-77.06431
07/02/2026,0752-CHORRILLOS,ATY-875,11734150,ROBLES MENDOZA PATRICIA ERIKA,,644,3025074402,60368,QUESO PARMESANO CU?A 0.15KG AP QKALAS,0.45,15.26,QUISPE VALENCIA LUIS JAVIER,,PUEBLO LIBRE,JR GRANADA 345,-12.06898,-77.06431
07/02/2026,0752-CHORRILLOS,ATY-875,11606216,MEZA HUACACHI WALTER HUGO,,644,3025073429,60092,CABANOSSI 25G BDT,0.25,16.01,QUISPE VALENCIA LUIS JAVIER,,PUEBLO LIBRE,JR ANDALUCIA 300,-12.06893,-77.06403
07/02/2026,0752-CHORRILLOS,ATY-875,11606216,MEZA HUACACHI WALTER HUGO,,644,3025073429,60094,QUESO CREMA PHILADELP BRICK 180GR KRAFT,1.08,55.14,QUISPE VALENCIA LUIS JAVIER,,PUEBLO LIBRE,JR ANDALUCIA 300,-12.06893,-77.06403
07/02/2026,0752-CHORRILLOS,ATY-875,11606216,MEZA HUACACHI WALTER HUGO,,644,3025073429,60096,PACK J PIZZA Y EDAM 340GR OK,1.7,52.52,QUISPE VALENCIA LUIS JAVIER,,PUEBLO LIBRE,JR ANDALUCIA 300,-12.06893,-77.06403
07/02/2026,0752-CHORRILLOS,ATY-875,11606216,MEZA HUACACHI WALTER HUGO,,644,3025073429,60098,QUESO FUNDIDO SABOR CHEDDAR 170GR BDT,0.34,0,QUISPE VALENCIA LUIS JAVIER,,PUEBLO LIBRE,JR ANDALUCIA 300,-12.06893,-77.06403
07/02/2026,0752-CHORRILLOS,ATY-875,11606216,MEZA HUACACHI WALTER HUGO,,644,3025073429,60100,VIENESA 12CM PQ 5UN 175GR OK,2.1,45.25,QUISPE VALENCIA LUIS JAVIER,,PUEBLO LIBRE,JR ANDALUCIA 300,-12.06893,-77.06403
07/02/2026,0752-CHORRILLOS,ATY-875,11606216,MEZA HUACACHI WALTER HUGO,,644,3025073429,60102,CHICHARRON DE PRENSA PQ 100GR 7LJ OK,0.5,15.49,QUISPE VALENCIA LUIS JAVIER,,PUEBLO LIBRE,JR ANDALUCIA 300,-12.06893,-77.06403
07/02/2026,0752-CHORRILLOS,ATY-875,11606216,MEZA HUACACHI WALTER HUGO,,644,3025073429,60104,TOCINO AHUMADO 100GR OK,0.5,30.09,QUISPE VALENCIA LUIS JAVIER,,PUEBLO LIBRE,JR ANDALUCIA 300,-12.06893,-77.06403
07/02/2026,0752-CHORRILLOS,ATY-875,11606216,MEZA HUACACHI WALTER HUGO,,644,3025073429,60106,CHORIZO PARRI PREC 2U 140GR BDT,1.68,32.07,QUISPE VALENCIA LUIS JAVIER,,PUEBLO LIBRE,JR ANDALUCIA 300,-12.06893,-77.06403
07/02/2026,0752-CHORRILLOS,ATY-875,11730491,PAUCA MITMA VIDALINA DORIS,,644,3025077232,60714,PACK J PIZZA Y EDAM 340GR OK,1.7,52.52,QUISPE VALENCIA LUIS JAVIER,,PUEBLO LIBRE,JR VICTOR PANTOJA CASTILLO 290,-12.06894,-77.06232
07/02/2026,0752-CHORRILLOS,ATY-875,11730491,PAUCA MITMA VIDALINA DORIS,,644,3025077232,60716,QUESO FUNDIDO SABOR CHEDDAR 170GR BDT,0.34,0,QUISPE VALENCIA LUIS JAVIER,,PUEBLO LIBRE,JR VICTOR PANTOJA CASTILLO 290,-12.06894,-77.06232
07/02/2026,0752-CHORRILLOS,ATY-875,11730491,PAUCA MITMA VIDALINA DORIS,,644,3025077232,60718,SALCH FRANK ALEM PQ 4UN 280GR OK,0.28,11.99,QUISPE VALENCIA LUIS JAVIER,,PUEBLO LIBRE,JR VICTOR PANTOJA CASTILLO 290,-12.06894,-77.06232
07/02/2026,0752-CHORRILLOS,ATY-875,11730491,PAUCA MITMA VIDALINA DORIS,,644,3025077232,60720,VIENESA 12CM PQ 5UN 175GR OK,2.1,45.25,QUISPE VALENCIA LUIS JAVIER,,PUEBLO LIBRE,JR VICTOR PANTOJA CASTILLO 290,-12.06894,-77.06232
07/02/2026,0752-CHORRILLOS,ATY-875,11730491,PAUCA MITMA VIDALINA DORIS,,644,3025077232,60722,CABANOSSI UN 25GR 0.026KG SEGO,0.16,8.99,QUISPE VALENCIA LUIS JAVIER,,PUEBLO LIBRE,JR VICTOR PANTOJA CASTILLO 290,-12.06894,-77.06232
07/02/2026,0752-CHORRILLOS,ATY-875,11604994,TEODOCIA OBISPO TRINIDAD,,644,3025080071,61100,CABANOSSI AL VACIO 24U 600GR BDT,0.6,37.91,QUISPE VALENCIA LUIS JAVIER,,PUEBLO LIBRE,COPACABANA 260,-12.07036,-77.05754
07/02/2026,0752-CHORRILLOS,ATY-875,11604994,TEODOCIA OBISPO TRINIDAD,,644,3025080071,61102,BOLA TIPO MOZZARELLA X 200G BDT,0.4,13.59,QUISPE VALENCIA LUIS JAVIER,,PUEBLO LIBRE,COPACABANA 260,-12.07036,-77.05754
07/02/2026,0752-CHORRILLOS,ATY-875,11604994,TEODOCIA OBISPO TRINIDAD,,644,3025080071,61104,PACK J PIZZA Y EDAM 340GR OK,2.04,62.13,QUISPE VALENCIA LUIS JAVIER,,PUEBLO LIBRE,COPACABANA 260,-12.07036,-77.05754
07/02/2026,0752-CHORRILLOS,ATY-875,11604994,TEODOCIA OBISPO TRINIDAD,,644,3025080071,61106,HAMBURG DE RES PQ 8UN 85GR OK,1.36,37.17,QUISPE VALENCIA LUIS JAVIER,,PUEBLO LIBRE,COPACABANA 260,-12.07036,-77.05754
07/02/2026,0752-CHORRILLOS,ATY-875,11604994,TEODOCIA OBISPO TRINIDAD,,644,3025080071,61108,SALCH FRANK ALEM PQ 4UN 280GR OK,0.28,11.99,QUISPE VALENCIA LUIS JAVIER,,PUEBLO LIBRE,COPACABANA 260,-12.07036,-77.05754
07/02/2026,0752-CHORRILLOS,ATY-875,11604994,TEODOCIA OBISPO TRINIDAD,,644,3025080071,61110,CHORIZO PARRILLERO PQ 4UN 400GR OK,0.4,14.36,QUISPE VALENCIA LUIS JAVIER,,PUEBLO LIBRE,COPACABANA 260,-12.07036,-77.05754
07/02/2026,0752-CHORRILLOS,ATY-875,11732760,CHAVEZ RETTO RUBEN ALBINO,,644,3025066304,59390,QUESO CREMA PHILADELP BRICK 180GR KRAFT,0.54,28.79,QUISPE VALENCIA LUIS JAVIER,,PUEBLO LIBRE,JR JJ PASOS 326,-12.06944,-77.05725
07/02/2026,0752-CHORRILLOS,ATY-875,11732760,CHAVEZ RETTO RUBEN ALBINO,,644,3025066304,59392,BOLA TIPO MOZZARELLA X 200G BDT,0.8,27.18,QUISPE VALENCIA LUIS JAVIER,,PUEBLO LIBRE,JR JJ PASOS 326,-12.06944,-77.05725
07/02/2026,0752-CHORRILLOS,ATY-875,11596892,GUZMAN UGARTE PEREZ,,644,3025067200,59424,CABANOSSI 25G BDT,0.3,19.21,QUISPE VALENCIA LUIS JAVIER,,PUEBLO LIBRE,JR JUAN JOSE PASOS # 428,-12.06959,-77.05836
07/02/2026,0752-CHORRILLOS,ATY-875,11596892,GUZMAN UGARTE PEREZ,,644,3025067200,59426,JAMON PIZZERO 100GR BDT,0.6,15.86,QUISPE VALENCIA LUIS JAVIER,,PUEBLO LIBRE,JR JUAN JOSE PASOS # 428,-12.06959,-77.05836
07/02/2026,0752-CHORRILLOS,ATY-875,11596892,GUZMAN UGARTE PEREZ,,644,3025067200,59428,JAMON PIZZA PQ 100GR 6LJ OK,0.6,17.32,QUISPE VALENCIA LUIS JAVIER,,PUEBLO LIBRE,JR JUAN JOSE PASOS # 428,-12.06959,-77.05836
07/02/2026,0752-CHORRILLOS,ATY-875,11596892,GUZMAN UGARTE PEREZ,,644,3025067200,59430,JAMONADA ESPECIAL PQ 100GR 8LJ OK,0.6,17.42,QUISPE VALENCIA LUIS JAVIER,,PUEBLO LIBRE,JR JUAN JOSE PASOS # 428,-12.06959,-77.05836
07/02/2026,0752-CHORRILLOS,ATY-875,11596892,GUZMAN UGARTE PEREZ,,644,3025067200,59432,MTO PANCETA SH SP 5KG AP OK,4.5,185.99,QUISPE VALENCIA LUIS JAVIER,,PUEBLO LIBRE,JR JUAN JOSE PASOS # 428,-12.06959,-77.05836
07/02/2026,0752-CHORRILLOS,ATY-875,11596892,GUZMAN UGARTE PEREZ,,644,3025067200,59434,CHORIZO PARRI PREC 2U 140GR BDT,1.12,21.83,QUISPE VALENCIA LUIS JAVIER,,PUEBLO LIBRE,JR JUAN JOSE PASOS # 428,-12.06959,-77.05836
07/02/2026,0752-CHORRILLOS,ATY-875,11632223,MELGAREJO VILLANUEVA MARIO FEL,,644,3025067032,59404,CABANOSSI 25G BDT,0.3,19.21,QUISPE VALENCIA LUIS JAVIER,,PUEBLO LIBRE,AV COLOMBIA 802,-12.06876,-77.05879
07/02/2026,0752-CHORRILLOS,ATY-875,11632223,MELGAREJO VILLANUEVA MARIO FEL,,644,3025067032,59406,SALCHICHA DEL NORTE 150G OK,0.75,21.6,QUISPE VALENCIA LUIS JAVIER,,PUEBLO LIBRE,AV COLOMBIA 802,-12.06876,-77.05879
07/02/2026,0752-CHORRILLOS,ATY-875,11632223,MELGAREJO VILLANUEVA MARIO FEL,,644,3025067032,59408,PACK J PIZZA Y EDAM 340GR OK,1.02,33.17,QUISPE VALENCIA LUIS JAVIER,,PUEBLO LIBRE,AV COLOMBIA 802,-12.06876,-77.05879
07/02/2026,0752-CHORRILLOS,ATY-875,11632223,MELGAREJO VILLANUEVA MARIO FEL,,644,3025067032,59410,SALCH FRANK ALEM PQ 4UN 280GR OK,0.56,23.98,QUISPE VALENCIA LUIS JAVIER,,PUEBLO LIBRE,AV COLOMBIA 802,-12.06876,-77.05879
07/02/2026,0752-CHORRILLOS,ATY-875,11605480,MELGAREJO IBARRA LUIS ANGEL,,644,3025067208,59436,CABANOSSI 25G BDT,0.3,19.21,QUISPE VALENCIA LUIS JAVIER,,PUEBLO LIBRE,BELGRANO NRO 401,-12.06815,-77.05853
07/02/2026,0752-CHORRILLOS,ATY-875,11605480,MELGAREJO IBARRA LUIS ANGEL,,644,3025067208,59438,QUESO FUNDIDO SABOR CHEDDAR 170GR BDT,0.17,0,QUISPE VALENCIA LUIS JAVIER,,PUEBLO LIBRE,BELGRANO NRO 401,-12.06815,-77.05853
07/02/2026,0752-CHORRILLOS,ATY-875,11605480,MELGAREJO IBARRA LUIS ANGEL,,644,3025067208,59440,JAMON PIZZA PQ 100GR 6LJ OK,0.6,17.32,QUISPE VALENCIA LUIS JAVIER,,PUEBLO LIBRE,BELGRANO NRO 401,-12.06815,-77.05853
07/02/2026,0752-CHORRILLOS,ATY-875,11605480,MELGAREJO IBARRA LUIS ANGEL,,644,3025067208,59442,JAMONADA ESPECIAL PQ 100GR 8LJ OK,0.6,17.42,QUISPE VALENCIA LUIS JAVIER,,PUEBLO LIBRE,BELGRANO NRO 401,-12.06815,-77.05853
07/02/2026,0752-CHORRILLOS,ATY-875,11605480,MELGAREJO IBARRA LUIS ANGEL,,644,3025067208,59444,VIENESA 12CM PQ 5UN 175GR OK,1.05,22.63,QUISPE VALENCIA LUIS JAVIER,,PUEBLO LIBRE,BELGRANO NRO 401,-12.06815,-77.05853
07/02/2026,0752-CHORRILLOS,ATY-875,11605480,MELGAREJO IBARRA LUIS ANGEL,,644,3025067208,59446,TOCINO AHUMADO 100GR OK,0.4,24.07,QUISPE VALENCIA LUIS JAVIER,,PUEBLO LIBRE,BELGRANO NRO 401,-12.06815,-77.05853
07/02/2026,0752-CHORRILLOS,ATY-875,11746856,FRUTAMIX EIRL,MR BIG,71B,3025093122,62144,FRANKFURTER GASTRONOMIA 2KG BDT,24,408.88,QUISPE VALENCIA LUIS JAVIER,,BREÑA,JR RESTAURACION 605 BREÑA,-12.0621,-77.05146
07/02/2026,0752-CHORRILLOS,ATY-875,11746856,FRUTAMIX EIRL,MR BIG,71B,3025093122,62146,CHORIZO PARRILLERO PQ 4UN 400GR OK,10,260,QUISPE VALENCIA LUIS JAVIER,,BREÑA,JR RESTAURACION 605 BREÑA,-12.0621,-77.05146
07/02/2026,0752-CHORRILLOS,ATY-875,11625571,BALOIS FLORES LUCIA FELICITA,,644,3025063292,58946,CABANOSSI 25G BDT,0.5,32.02,QUISPE VALENCIA LUIS JAVIER,,BREÑA,MARIANO CORNEJO 676,-12.06652,-77.05492
07/02/2026,0752-CHORRILLOS,ATY-875,11625571,BALOIS FLORES LUCIA FELICITA,,644,3025063292,58948,PACK J PIZZA Y EDAM 340GR OK,1.7,52.52,QUISPE VALENCIA LUIS JAVIER,,BREÑA,MARIANO CORNEJO 676,-12.06652,-77.05492
07/02/2026,0752-CHORRILLOS,ATY-875,11625571,BALOIS FLORES LUCIA FELICITA,,644,3025063292,58950,QUESO FUNDIDO SABOR CHEDDAR 170GR BDT,0.17,0,QUISPE VALENCIA LUIS JAVIER,,BREÑA,MARIANO CORNEJO 676,-12.06652,-77.05492
07/02/2026,0752-CHORRILLOS,ATY-875,11625571,BALOIS FLORES LUCIA FELICITA,,644,3025063292,58952,VIENESA 12CM PQ 5UN 175GR OK,1.4,30.17,QUISPE VALENCIA LUIS JAVIER,,BREÑA,MARIANO CORNEJO 676,-12.06652,-77.05492
07/02/2026,0752-CHORRILLOS,ATY-875,11625571,BALOIS FLORES LUCIA FELICITA,,644,3025063292,58954,CHORIZO PREC PQ 0.5KG SEGO,0.5,9.36,QUISPE VALENCIA LUIS JAVIER,,BREÑA,MARIANO CORNEJO 676,-12.06652,-77.05492
07/02/2026,0752-CHORRILLOS,ATY-875,11625571,BALOIS FLORES LUCIA FELICITA,,644,3025063292,58956,CHORIZO PARRI PREC 2U 140GR BDT,1.12,21.83,QUISPE VALENCIA LUIS JAVIER,,BREÑA,MARIANO CORNEJO 676,-12.06652,-77.05492
07/02/2026,0752-CHORRILLOS,ATY-875,11741234,TEAM MARKET EIRL,,644,3025063297,58958,QUESO CREMA PHILADELP BRICK 180GR KRAFT,0.36,20.2,QUISPE VALENCIA LUIS JAVIER,,PUEBLO LIBRE,AV MARIANO CORNEJO 937,-12.06731,-77.05869
07/02/2026,0752-CHORRILLOS,ATY-875,11741234,TEAM MARKET EIRL,,644,3025063297,58960,PHILADELPHIA ORIGINAL TUB 150GR KRAFT,0.3,16.12,QUISPE VALENCIA LUIS JAVIER,,PUEBLO LIBRE,AV MARIANO CORNEJO 937,-12.06731,-77.05869
07/02/2026,0752-CHORRILLOS,ATY-875,11741234,TEAM MARKET EIRL,,644,3025063297,58962,JAMONADA ESPECIAL PQ 100GR 8LJ OK,0.3,8.71,QUISPE VALENCIA LUIS JAVIER,,PUEBLO LIBRE,AV MARIANO CORNEJO 937,-12.06731,-77.05869
07/02/2026,0752-CHORRILLOS,ATY-875,11741234,TEAM MARKET EIRL,,644,3025063297,58964,CHORIZO PARRI PREC 2U 140GR BDT,0.42,8.53,QUISPE VALENCIA LUIS JAVIER,,PUEBLO LIBRE,AV MARIANO CORNEJO 937,-12.06731,-77.05869
07/02/2026,0752-CHORRILLOS,ATY-875,11648582,ARAMBURU CASTRO JESSICA PATRIC,,644,3024864381,57182,PACK JAMON Y QUESO 370GR BDT,0.37,11.2,QUISPE VALENCIA LUIS JAVIER,,PUEBLO LIBRE,AV  JUAN PABLO FERNANDINI 1244,-12.07071,-77.05204
07/02/2026,0752-CHORRILLOS,ATY-875,11648582,ARAMBURU CASTRO JESSICA PATRIC,,644,3024864381,57184,SALCHICHA HUACHO 150GR BDT,0.3,7.96,QUISPE VALENCIA LUIS JAVIER,,PUEBLO LIBRE,AV  JUAN PABLO FERNANDINI 1244,-12.07071,-77.05204
07/02/2026,0752-CHORRILLOS,ATY-875,11648582,ARAMBURU CASTRO JESSICA PATRIC,,644,3024864381,57186,BOLA TIPO MOZZARELLA X 200G BDT,0.4,13.59,QUISPE VALENCIA LUIS JAVIER,,PUEBLO LIBRE,AV  JUAN PABLO FERNANDINI 1244,-12.07071,-77.05204
07/02/2026,0752-CHORRILLOS,ATY-875,11648582,ARAMBURU CASTRO JESSICA PATRIC,,644,3024864381,57188,PACK J PIZZA Y EDAM 340GR OK,0.68,22.11,QUISPE VALENCIA LUIS JAVIER,,PUEBLO LIBRE,AV  JUAN PABLO FERNANDINI 1244,-12.07071,-77.05204
07/02/2026,0752-CHORRILLOS,ATY-875,11648582,ARAMBURU CASTRO JESSICA PATRIC,,644,3024864381,57190,PACK JAMONADA Y EDAM 180GR BDT,0.18,5.28,QUISPE VALENCIA LUIS JAVIER,,PUEBLO LIBRE,AV  JUAN PABLO FERNANDINI 1244,-12.07071,-77.05204
07/02/2026,0752-CHORRILLOS,ATY-875,11648582,ARAMBURU CASTRO JESSICA PATRIC,,644,3024864381,57192,JAMON PIZZA PQ 100GR 6LJ OK,0.5,14.43,QUISPE VALENCIA LUIS JAVIER,,PUEBLO LIBRE,AV  JUAN PABLO FERNANDINI 1244,-12.07071,-77.05204
07/02/2026,0752-CHORRILLOS,ATY-875,11648582,ARAMBURU CASTRO JESSICA PATRIC,,644,3024864381,57194,QUESO PARMESANO CU?A 0.15KG AP QKALAS,0.45,15.26,QUISPE VALENCIA LUIS JAVIER,,PUEBLO LIBRE,AV  JUAN PABLO FERNANDINI 1244,-12.07071,-77.05204
07/02/2026,0752-CHORRILLOS,ATY-875,11735379,CUEVA SUAREZ ANGEL RUFO,,644,3025084574,61642,PACK JAMONADA Y EDAM 180GR BDT,0.54,15.83,QUISPE VALENCIA LUIS JAVIER,,PUEBLO LIBRE,AV GENERAL BORGONO 398,-12.07056,-77.0537
07/02/2026,0752-CHORRILLOS,ATY-875,11735379,CUEVA SUAREZ ANGEL RUFO,,644,3025084574,61644,VIENESA 12CM PQ 5UN 175GR OK,0.53,11.31,QUISPE VALENCIA LUIS JAVIER,,PUEBLO LIBRE,AV GENERAL BORGONO 398,-12.07056,-77.0537
07/02/2026,0752-CHORRILLOS,ATY-875,11735379,CUEVA SUAREZ ANGEL RUFO,,644,3025084574,61646,CHICHARRON DE PRENSA PQ 100GR 7LJ OK,0.3,9.29,QUISPE VALENCIA LUIS JAVIER,,PUEBLO LIBRE,AV GENERAL BORGONO 398,-12.07056,-77.0537
07/02/2026,0752-CHORRILLOS,ATY-875,11633704,VEGA MAURICIO CEFERINO,,644,3025057262,58458,CABANOSSI 25G BDT,0.3,19.21,QUISPE VALENCIA LUIS JAVIER,,PUEBLO LIBRE,CALLE BORGOÑO 449,-12.07062,-77.05456
07/02/2026,0752-CHORRILLOS,ATY-875,11633704,VEGA MAURICIO CEFERINO,,644,3025057262,58460,QUESO FUNDIDO SABOR CHEDDAR 170GR BDT,0.17,0,QUISPE VALENCIA LUIS JAVIER,,PUEBLO LIBRE,CALLE BORGOÑO 449,-12.07062,-77.05456
07/02/2026,0752-CHORRILLOS,ATY-875,11633704,VEGA MAURICIO CEFERINO,,644,3025057262,58462,JAMON PIZZA PQ 100GR 6LJ OK,0.8,23.09,QUISPE VALENCIA LUIS JAVIER,,PUEBLO LIBRE,CALLE BORGOÑO 449,-12.07062,-77.05456
07/02/2026,0752-CHORRILLOS,ATY-875,11633704,VEGA MAURICIO CEFERINO,,644,3025057262,58464,VIENESA 12CM PQ 5UN 175GR OK,1.4,30.17,QUISPE VALENCIA LUIS JAVIER,,PUEBLO LIBRE,CALLE BORGOÑO 449,-12.07062,-77.05456
07/02/2026,0752-CHORRILLOS,ATY-875,11689463,CASTREJON CUEVA ANDREA TOMASA,,644,3025072077,59998,JAMON PIZZA PQ 500GR 25LJ OK,0.5,15.42,QUISPE VALENCIA LUIS JAVIER,,PUEBLO LIBRE,AV BOLIVAR 598  FRENTE STELLA MARIS,-12.07181,-77.05865
07/02/2026,0752-CHORRILLOS,ATY-875,11689463,CASTREJON CUEVA ANDREA TOMASA,,644,3025072077,60000,TOCINO CUL PQ 500GR 20GR 25LJ OK,0.5,17.2,QUISPE VALENCIA LUIS JAVIER,,PUEBLO LIBRE,AV BOLIVAR 598  FRENTE STELLA MARIS,-12.07181,-77.05865
07/02/2026,0752-CHORRILLOS,ATY-875,11689463,CASTREJON CUEVA ANDREA TOMASA,,644,3025072077,60002,SALAME HUNGARO 50LJ 150GR OK,0.15,16.94,QUISPE VALENCIA LUIS JAVIER,,PUEBLO LIBRE,AV BOLIVAR 598  FRENTE STELLA MARIS,-12.07181,-77.05865
07/02/2026,0752-CHORRILLOS,ATY-875,11689463,CASTREJON CUEVA ANDREA TOMASA,,644,3025072077,60004,SUP CHORIZO PREC PQ 10U 0.8KG SEGO,0.8,9.03,QUISPE VALENCIA LUIS JAVIER,,PUEBLO LIBRE,AV BOLIVAR 598  FRENTE STELLA MARIS,-12.07181,-77.05865
07/02/2026,0752-CHORRILLOS,ATY-875,11689463,CASTREJON CUEVA ANDREA TOMASA,,644,3025072077,60006,SALAME PQ 0.5KG SEGO,0.5,14.36,QUISPE VALENCIA LUIS JAVIER,,PUEBLO LIBRE,AV BOLIVAR 598  FRENTE STELLA MARIS,-12.07181,-77.05865
07/02/2026,0752-CHORRILLOS,ATY-875,11759347,ROSITA ARAKAKI OSHIRO EIRL,#N/A,,3025069804,59812,JAMON PIZZERO 3.8KG AP BDT,3.8,57.02,QUISPE VALENCIA LUIS JAVIER,,#N/A,#N/A,-12.07292,-77.0592
07/02/2026,0752-CHORRILLOS,ATY-875,11759347,ROSITA ARAKAKI OSHIRO EIRL,#N/A,,3025069804,59814,QUESO EDAM REB 500GR SIGMA FS,2,79.2,QUISPE VALENCIA LUIS JAVIER,,#N/A,#N/A,-12.07292,-77.0592
07/02/2026,0752-CHORRILLOS,ATY-875,11759347,ROSITA ARAKAKI OSHIRO EIRL,#N/A,,3025069804,59816,PANCETA SH SP 1T BR CG PZA 0.6A1KG AP MT,7.2,181.01,QUISPE VALENCIA LUIS JAVIER,,#N/A,#N/A,-12.07292,-77.0592
07/02/2026,0752-CHORRILLOS,ATY-875,11750119,DISTRIBUIDORA ELSY SAC,,644,3025085689,61794,CABANOSSI 25G BDT,0.6,38.42,QUISPE VALENCIA LUIS JAVIER,,PUEBLO LIBRE,AV BRASIL 1998,-12.07833,-77.05663
07/02/2026,0752-CHORRILLOS,ATY-875,11750119,DISTRIBUIDORA ELSY SAC,,644,3025085689,61796,JAMON PIZZERO 100GR BDT,0.3,7.93,QUISPE VALENCIA LUIS JAVIER,,PUEBLO LIBRE,AV BRASIL 1998,-12.07833,-77.05663
07/02/2026,0752-CHORRILLOS,ATY-875,11750119,DISTRIBUIDORA ELSY SAC,,644,3025085689,61798,CHORIZO PARRI PREC 2U 140GR BDT,3.36,62.77,QUISPE VALENCIA LUIS JAVIER,,PUEBLO LIBRE,AV BRASIL 1998,-12.07833,-77.05663
07/02/2026,0752-CHORRILLOS,ATY-875,11599221,LUIS ALBERTO BANCES CHAPOÑAN,,702,3025070145,59870,JAMON PIZZA 3.4 - 3.5 KG OK,3.45,73.95,QUISPE VALENCIA LUIS JAVIER,,MAGDALENA DEL MAR,TARAPACA 530,-12.08725,-77.0665
07/02/2026,0752-CHORRILLOS,ATY-875,11599221,LUIS ALBERTO BANCES CHAPOÑAN,,702,3025070145,59872,JAMONADA ESPECIAL PZ 3KG OK,6,148.34,QUISPE VALENCIA LUIS JAVIER,,MAGDALENA DEL MAR,TARAPACA 530,-12.08725,-77.0665
07/02/2026,0752-CHORRILLOS,ATY-875,11599221,LUIS ALBERTO BANCES CHAPOÑAN,,702,3025070145,59874,CHICHARRON DE PRENSA PQ 100GR 7LJ OK,1.2,37.16,QUISPE VALENCIA LUIS JAVIER,,MAGDALENA DEL MAR,TARAPACA 530,-12.08725,-77.0665
07/02/2026,0752-CHORRILLOS,ATY-875,11608787,BANCES DAMIAN ALEJANDRO,,702,3025088229,61960,PACK J PIZZA Y EDAM 340GR OK,0.68,22.11,QUISPE VALENCIA LUIS JAVIER,,MAGDALENA DEL MAR,JR TACNA 1201,-12.08696,-77.07001
07/02/2026,0752-CHORRILLOS,ATY-875,11608787,BANCES DAMIAN ALEJANDRO,,702,3025088229,61962,JAMON PIZZA PQ 100GR 6LJ OK,0.4,11.54,QUISPE VALENCIA LUIS JAVIER,,MAGDALENA DEL MAR,JR TACNA 1201,-12.08696,-77.07001
07/02/2026,0752-CHORRILLOS,ATY-875,11608787,BANCES DAMIAN ALEJANDRO,,702,3025088229,61964,JAMONADA ESPECIAL PZ 3KG OK,3,74.17,QUISPE VALENCIA LUIS JAVIER,,MAGDALENA DEL MAR,JR TACNA 1201,-12.08696,-77.07001
07/02/2026,0752-CHORRILLOS,ATY-875,11608787,BANCES DAMIAN ALEJANDRO,,702,3025088229,61966,JAMONADA ESPECIAL PQ 100GR 8LJ OK,0.6,17.42,QUISPE VALENCIA LUIS JAVIER,,MAGDALENA DEL MAR,JR TACNA 1201,-12.08696,-77.07001
07/02/2026,0752-CHORRILLOS,ATY-875,11608787,BANCES DAMIAN ALEJANDRO,,702,3025088229,61968,POLACA PQ 100GR 8LJ OK,0.6,23.2,QUISPE VALENCIA LUIS JAVIER,,MAGDALENA DEL MAR,JR TACNA 1201,-12.08696,-77.07001
07/02/2026,0752-CHORRILLOS,ATY-875,11757291,GUZMAN FARFAN RUBEN JACINTO,,71B,3025068937,59668,QUESO CREMA 3.6KG MILKUNZ,7.2,179.99,QUISPE VALENCIA LUIS JAVIER,,PUEBLO LIBRE,JR DANIEL HERNANDEZ 1277,-12.08023,-77.07023
07/02/2026,0752-CHORRILLOS,ATY-875,11755669,DON BLAS PIZZA EIRL,,71B,3025093118,62142,TOCINO AHUM CP PZ 4KG AP SEGO,4,136.61,QUISPE VALENCIA LUIS JAVIER,,PUEBLO LIBRE,AV MANUEL CIPRIANO DULANTO 1544,-12.07669,-77.07141
07/02/2026,0752-CHORRILLOS,AVO-887,11655701,REYNA CAMPUZANO JESSICA,,703,3025059637,58592,CABANOSSI 25G BDT,0.15,9.61,COBEÑAS SALAS FELIX,,CHORRILLOS,AV ALIPIO PONCE 225,-12.17335,-76.99381
07/02/2026,0752-CHORRILLOS,AVO-887,11655701,REYNA CAMPUZANO JESSICA,,703,3025059637,58594,SALCHICHA HUACHO 150GR BDT,0.45,11.95,COBEÑAS SALAS FELIX,,CHORRILLOS,AV ALIPIO PONCE 225,-12.17335,-76.99381
07/02/2026,0752-CHORRILLOS,AVO-887,11655701,REYNA CAMPUZANO JESSICA,,703,3025059637,58596,JAMONADA ESPECIAL PQ 100GR 8LJ OK,0.4,11.61,COBEÑAS SALAS FELIX,,CHORRILLOS,AV ALIPIO PONCE 225,-12.17335,-76.99381
07/02/2026,0752-CHORRILLOS,AVO-887,11655701,REYNA CAMPUZANO JESSICA,,703,3025059637,58598,CHORIZO PARRI PREC 2U 140GR BDT,0.42,8.53,COBEÑAS SALAS FELIX,,CHORRILLOS,AV ALIPIO PONCE 225,-12.17335,-76.99381
07/02/2026,0752-CHORRILLOS,AVO-887,11617668,ÑAHUINLLA RAMIREZ NILDA ZENOBI,,703,3024996144,57574,PACK JAMONADA Y EDAM 180GR BDT,0.36,10.55,COBEÑAS SALAS FELIX,,CHORRILLOS,AV EL SOL MZ Y LT 15B,-12.1747,-77.0004
07/02/2026,0752-CHORRILLOS,AVO-887,11617668,ÑAHUINLLA RAMIREZ NILDA ZENOBI,,703,3024996144,57576,JAMONADA ESP 100GR BDT,0.5,9.62,COBEÑAS SALAS FELIX,,CHORRILLOS,AV EL SOL MZ Y LT 15B,-12.1747,-77.0004
07/02/2026,0752-CHORRILLOS,AVO-887,11617668,ÑAHUINLLA RAMIREZ NILDA ZENOBI,,703,3024996144,57578,MOLIDA CASERA CG UN 0.5KG SEGO,0.5,6.7,COBEÑAS SALAS FELIX,,CHORRILLOS,AV EL SOL MZ Y LT 15B,-12.1747,-77.0004
07/02/2026,0752-CHORRILLOS,AVO-887,11617668,ÑAHUINLLA RAMIREZ NILDA ZENOBI,,703,3024996144,57580,PACK JAMON Y QUESO 157 GR SEGO,0.31,11.24,COBEÑAS SALAS FELIX,,CHORRILLOS,AV EL SOL MZ Y LT 15B,-12.1747,-77.0004
07/02/2026,0752-CHORRILLOS,AVO-887,11669466,GONZALES REYES LIZ DENISSE,,703,3025077224,60710,PACK J PIZZA Y EDAM 340GR OK,0.68,22.11,COBEÑAS SALAS FELIX,,CHORRILLOS,JR TENIENTE JIMENEZ MZ X LT 11,-12.17401,-76.99959
07/02/2026,0752-CHORRILLOS,AVO-887,11669466,GONZALES REYES LIZ DENISSE,,703,3025077224,60712,SALCHICHA DEL NORTE PQ 3UN 250GR OK,0.5,15.81,COBEÑAS SALAS FELIX,,CHORRILLOS,JR TENIENTE JIMENEZ MZ X LT 11,-12.17401,-76.99959
07/02/2026,0752-CHORRILLOS,AVO-887,11677131,INVERSIONES VERAMENDI Z SAC,,740,3025094613,62272,CHORIZO PARRI PREC 500GR BDT,50,929.28,COBEÑAS SALAS FELIX,,CHORRILLOS,MCDO SANTA ROSA PTO 400,-12.1823,-77.00049
07/02/2026,0752-CHORRILLOS,AVO-887,11677131,INVERSIONES VERAMENDI Z SAC,,740,3025094613,62274,FUNDIDO SABOR CHEDDAR 2.27KG MILKUNZ,18.16,487.01,COBEÑAS SALAS FELIX,,CHORRILLOS,MCDO SANTA ROSA PTO 400,-12.1823,-77.00049
07/02/2026,0752-CHORRILLOS,AVO-887,11677131,INVERSIONES VERAMENDI Z SAC,,740,3025094613,62276,CHORIZO PARRI PREC 2U 140GR BDT,5.6,111.44,COBEÑAS SALAS FELIX,,CHORRILLOS,MCDO SANTA ROSA PTO 400,-12.1823,-77.00049
07/02/2026,0752-CHORRILLOS,AVO-887,11677131,INVERSIONES VERAMENDI Z SAC,,740,3025094613,62278,CHORIZO FINAS HIERBAS 0.5 KG SEGO,15,262.54,COBEÑAS SALAS FELIX,,CHORRILLOS,MCDO SANTA ROSA PTO 400,-12.1823,-77.00049
07/02/2026,0752-CHORRILLOS,AVO-887,11672353,VARGAS PANIAGUA GLADYS,,740,3025043133,57972,CHORIZO FINAS HIERBAS 960 GR SEGO,5.76,59.98,COBEÑAS SALAS FELIX,,CHORRILLOS,MCDO SANTA ROSA PTO 23,-12.18242,-77.00057
07/02/2026,0752-CHORRILLOS,AVO-887,11672353,VARGAS PANIAGUA GLADYS,,740,3025043133,57974,PACK J PIZZA Y EDAM 340GR OK,4.76,133.46,COBEÑAS SALAS FELIX,,CHORRILLOS,MCDO SANTA ROSA PTO 23,-12.18242,-77.00057
07/02/2026,0752-CHORRILLOS,AVO-887,11672353,VARGAS PANIAGUA GLADYS,,740,3025043133,57976,VIENESA 12CM PQ 5UN 175GR OK,1.75,36.95,COBEÑAS SALAS FELIX,,CHORRILLOS,MCDO SANTA ROSA PTO 23,-12.18242,-77.00057
07/02/2026,0752-CHORRILLOS,AVO-887,11672353,VARGAS PANIAGUA GLADYS,,740,3025043133,57978,JAMON REDONDO AHUMADO PQ 0.5KG SEGO,2.5,57.84,COBEÑAS SALAS FELIX,,CHORRILLOS,MCDO SANTA ROSA PTO 23,-12.18242,-77.00057
07/02/2026,0752-CHORRILLOS,AVO-887,11672353,VARGAS PANIAGUA GLADYS,,740,3025043133,57980,CHORIZO PREC PQ 0.5KG SEGO,40,609.15,COBEÑAS SALAS FELIX,,CHORRILLOS,MCDO SANTA ROSA PTO 23,-12.18242,-77.00057
07/02/2026,0752-CHORRILLOS,AVO-887,11672353,VARGAS PANIAGUA GLADYS,,740,3025043133,57982,CHORIZO PARRI PREC 2U 140GR BDT,1.68,33.43,COBEÑAS SALAS FELIX,,CHORRILLOS,MCDO SANTA ROSA PTO 23,-12.18242,-77.00057
07/02/2026,0752-CHORRILLOS,AVO-887,11696970,VALLE LEON CELIA,,740,3025046044,58012,CHORIZO PARRI PREC 500GR BDT,5,100.11,COBEÑAS SALAS FELIX,,CHORRILLOS,MCDO SANTA ROSA PTO 136,-12.1827,-77.00072
07/02/2026,0752-CHORRILLOS,AVO-887,11696970,VALLE LEON CELIA,,740,3025046044,58014,JAMONADA POLACA PZ 3KG OK,3,71.9,COBEÑAS SALAS FELIX,,CHORRILLOS,MCDO SANTA ROSA PTO 136,-12.1827,-77.00072
07/02/2026,0752-CHORRILLOS,AVO-887,11741981,COMERCIAL LOGISTICO LUCIANO EI,,740,3025081150,61256,SALCHICHA DEL NORTE PQ 3UN 250GR OK,0.25,7.75,COBEÑAS SALAS FELIX,,CHORRILLOS,AV GUARDIA CIVIL 433 INT 043,-12.18248,-77.0003
07/02/2026,0752-CHORRILLOS,AVO-887,11741981,COMERCIAL LOGISTICO LUCIANO EI,,740,3025081150,61258,SUPER HAMBURG POLLO PQ 1.008KG SEGO,8.06,71.63,COBEÑAS SALAS FELIX,,CHORRILLOS,AV GUARDIA CIVIL 433 INT 043,-12.18248,-77.0003
07/02/2026,0752-CHORRILLOS,AVO-887,11741981,COMERCIAL LOGISTICO LUCIANO EI,,740,3025093356,62224,SUP CHORIZO PREC 12U 960GR SEGO,96,795.66,COBEÑAS SALAS FELIX,,CHORRILLOS,AV GUARDIA CIVIL 433 INT 043,-12.18248,-77.0003
07/02/2026,0752-CHORRILLOS,AVO-887,11741981,COMERCIAL LOGISTICO LUCIANO EI,,740,3025093356,62226,CHORIZO PREC PQ 0.5KG SEGO,50,745.75,COBEÑAS SALAS FELIX,,CHORRILLOS,AV GUARDIA CIVIL 433 INT 043,-12.18248,-77.0003
07/02/2026,0752-CHORRILLOS,AVO-887,6422009,ESCRIBA OBREGON YESICA,,740,3025077764,60862,CHORIZO PARRI PREC 500GR BDT,6,119.62,COBEÑAS SALAS FELIX,,CHORRILLOS,MCDO SANTA ROSA PTO 47-48,-12.18265,-77.00026
07/02/2026,0752-CHORRILLOS,AVO-887,6422009,ESCRIBA OBREGON YESICA,,740,3025077764,60864,FRANKFURTER GASTRONOMIA 1KG BDT,12,220.68,COBEÑAS SALAS FELIX,,CHORRILLOS,MCDO SANTA ROSA PTO 47-48,-12.18265,-77.00026
07/02/2026,0752-CHORRILLOS,AVO-887,6422009,ESCRIBA OBREGON YESICA,,740,3025077764,60866,TOCINO ESP AHUMADO REBANADO 500G SEGO,15,370.8,COBEÑAS SALAS FELIX,,CHORRILLOS,MCDO SANTA ROSA PTO 47-48,-12.18265,-77.00026
07/02/2026,0752-CHORRILLOS,AVO-887,6422009,ESCRIBA OBREGON YESICA,,740,3025077764,60868,PACK J PIZZA Y EDAM 340GR OK,2.38,71.28,COBEÑAS SALAS FELIX,,CHORRILLOS,MCDO SANTA ROSA PTO 47-48,-12.18265,-77.00026
07/02/2026,0752-CHORRILLOS,AVO-887,6422009,ESCRIBA OBREGON YESICA,,740,3025077764,60870,VIENESA 12CM PQ 5UN 175GR OK,1.05,22.17,COBEÑAS SALAS FELIX,,CHORRILLOS,MCDO SANTA ROSA PTO 47-48,-12.18265,-77.00026
07/02/2026,0752-CHORRILLOS,AVO-887,6422009,ESCRIBA OBREGON YESICA,,740,3025077764,60872,GOUDA BARRA 3.3KG AP MILKUNZ,16.5,712.75,COBEÑAS SALAS FELIX,,CHORRILLOS,MCDO SANTA ROSA PTO 47-48,-12.18265,-77.00026
07/02/2026,0752-CHORRILLOS,AVO-887,6422009,ESCRIBA OBREGON YESICA,,740,3025077764,60874,JAMON REDONDO AHUMADO PQ 0.5KG SEGO,3,69.4,COBEÑAS SALAS FELIX,,CHORRILLOS,MCDO SANTA ROSA PTO 47-48,-12.18265,-77.00026
07/02/2026,0752-CHORRILLOS,AVO-887,11606596,MARIA HUAPAYA SERRANO,,740,3025086715,61868,CHORIZO PARRI PREC 500GR BDT,6,119.62,COBEÑAS SALAS FELIX,,CHORRILLOS,MCDO COMERCIANTES DE VILLA PTO 18,-12.185,-76.9983
07/02/2026,0752-CHORRILLOS,AVO-887,11606596,MARIA HUAPAYA SERRANO,,740,3025086715,61870,QUESO CREMA PHILADELP BRICK 180GR KRAFT,5.4,258.29,COBEÑAS SALAS FELIX,,CHORRILLOS,MCDO COMERCIANTES DE VILLA PTO 18,-12.185,-76.9983
07/02/2026,0752-CHORRILLOS,AVO-887,11597210,NORA MARTEL CALERO,,740,3025081858,61346,PIZZERO 3KG SEGO,24,214.42,COBEÑAS SALAS FELIX,,CHORRILLOS,MCDO COMERCIAL DE VILA PTO 8,-12.1852,-76.99809
07/02/2026,0752-CHORRILLOS,AVO-887,11597210,NORA MARTEL CALERO,,740,3025081858,61348,SUP CHORIZO PREC 12U 960GR SEGO,48,411.24,COBEÑAS SALAS FELIX,,CHORRILLOS,MCDO COMERCIAL DE VILA PTO 8,-12.1852,-76.99809
07/02/2026,0752-CHORRILLOS,AVO-887,11606326,NORMA URETA PONCE,,740,3025081873,61350,SUPER HAMBURG RES PQ 1.008KG SEGO,8.06,75.29,COBEÑAS SALAS FELIX,,CHORRILLOS,MCDO COMERCIAL DE VILLA PTO 11,-12.18484,-76.99812
07/02/2026,0752-CHORRILLOS,AVO-887,11688415,COMERCIAL GISSELA EIRL,,740,3025085550,61728,CABANOSSI AL VACIO 24U 600GR BDT,1.2,74.3,COBEÑAS SALAS FELIX,,CHORRILLOS,MCDO SANTA ROSA PTO 21,-12.18274,-77.00041
07/02/2026,0752-CHORRILLOS,AVO-887,11688415,COMERCIAL GISSELA EIRL,,740,3025085550,61730,PACK J PIZZA Y EDAM 340GR OK,4.76,133.46,COBEÑAS SALAS FELIX,,CHORRILLOS,MCDO SANTA ROSA PTO 21,-12.18274,-77.00041
07/02/2026,0752-CHORRILLOS,AVO-887,11688415,COMERCIAL GISSELA EIRL,,740,3025085550,61732,TOCINO CUL PQ 500GR 20GR 25LJ OK,6,169.46,COBEÑAS SALAS FELIX,,CHORRILLOS,MCDO SANTA ROSA PTO 21,-12.18274,-77.00041
07/02/2026,0752-CHORRILLOS,AVO-887,11688415,COMERCIAL GISSELA EIRL,,740,3025085550,61734,SALCH HUACHO UN 0.25KG SEGO,1,16.9,COBEÑAS SALAS FELIX,,CHORRILLOS,MCDO SANTA ROSA PTO 21,-12.18274,-77.00041
07/02/2026,0752-CHORRILLOS,AVO-887,11688415,COMERCIAL GISSELA EIRL,,740,3025085550,61736,SUPER HAMBURG RES PQ 1.008KG SEGO,8.06,75.29,COBEÑAS SALAS FELIX,,CHORRILLOS,MCDO SANTA ROSA PTO 21,-12.18274,-77.00041
07/02/2026,0752-CHORRILLOS,AVO-887,11688415,COMERCIAL GISSELA EIRL,,740,3025085550,61738,COSTILLA AHUM BLS 2KG SEGO,2,44.49,COBEÑAS SALAS FELIX,,CHORRILLOS,MCDO SANTA ROSA PTO 21,-12.18274,-77.00041
07/02/2026,0752-CHORRILLOS,AVO-887,11598482,ALIDA CAMPUSANO RODRIGUEZ,,740,3025065715,59056,VIENESA 12CM PQ 5UN 175GR OK,2.1,44.34,COBEÑAS SALAS FELIX,,CHORRILLOS,MCDO SANTA ROSA PTO 164,-12.18294,-77.00041
07/02/2026,0752-CHORRILLOS,AVO-887,11598482,ALIDA CAMPUSANO RODRIGUEZ,,740,3025065715,59058,CHORIZO PARRI PREC 2U 140GR BDT,1.68,33.43,COBEÑAS SALAS FELIX,,CHORRILLOS,MCDO SANTA ROSA PTO 164,-12.18294,-77.00041
07/02/2026,0752-CHORRILLOS,AVO-887,11679077,MOLINA HURTADO JUSTO RONALDO,,740,3025066130,59352,CHORIZO FINAS HIERBAS 960 GR SEGO,9.6,99.97,COBEÑAS SALAS FELIX,,CHORRILLOS,MCDO SANTA ROSA PTO 16,-12.18287,-77.00046
07/02/2026,0752-CHORRILLOS,AVO-887,11679077,MOLINA HURTADO JUSTO RONALDO,,740,3025066130,59354,VIENESA 12CM PQ 5UN 175GR OK,2.1,44.34,COBEÑAS SALAS FELIX,,CHORRILLOS,MCDO SANTA ROSA PTO 16,-12.18287,-77.00046
07/02/2026,0752-CHORRILLOS,AVO-887,11598046,SOANPRO SOCIEDAD ANONIMA DE PR,SOANPR 542211 ES,719,3025085033,61692,QUESO MANCHEGO DO3M 200GR MAESE MIGUEL,2.4,191.88,COBEÑAS SALAS FELIX,,CHORRILLOS,AV SAN MARCOS MZ AG LT 1,-12.19582,-77.01242
07/02/2026,0752-CHORRILLOS,AVO-887,11638046,SOTO PACHECO DANIEL,,703,3025099426,62634,HOT DOG SALCH NARANJA 24U 920GR SEGO -D,9.2,61.47,COBEÑAS SALAS FELIX,,CHORRILLOS,MCDO SARITA COLONIA PTO 160,-12.18713,-77.0074
07/02/2026,0752-CHORRILLOS,AVO-887,11638046,SOTO PACHECO DANIEL,,703,3025099426,62636,QUESO DE CHANCHO PZ 3KG OK,3,49.67,COBEÑAS SALAS FELIX,,CHORRILLOS,MCDO SARITA COLONIA PTO 160,-12.18713,-77.0074
07/02/2026,0752-CHORRILLOS,AVO-887,11638046,SOTO PACHECO DANIEL,,703,3025099426,62638,CHORIZO PARRI PREC 2U 140GR BDT,1.12,22.29,COBEÑAS SALAS FELIX,,CHORRILLOS,MCDO SARITA COLONIA PTO 160,-12.18713,-77.0074
07/02/2026,0752-CHORRILLOS,AVO-887,11598955,LEOPOLDO CORDOVA BAUTISTA,,703,3024996143,57560,HOT DOG SALCH NARANJA 24U 920GR SEGO -D,9.2,61.47,COBEÑAS SALAS FELIX,,CHORRILLOS,MCDO SARITA COLONIA PTO 3,-12.18691,-77.00758
07/02/2026,0752-CHORRILLOS,AVO-887,11598955,LEOPOLDO CORDOVA BAUTISTA,,703,3024996143,57562,MORTADELA ESPECIAL PZ 2.9KG OK,2.9,63.01,COBEÑAS SALAS FELIX,,CHORRILLOS,MCDO SARITA COLONIA PTO 3,-12.18691,-77.00758
07/02/2026,0752-CHORRILLOS,AVO-887,11598955,LEOPOLDO CORDOVA BAUTISTA,,703,3024996143,57564,VIENESA 12CM PQ 5UN 175GR OK,1.05,22.17,COBEÑAS SALAS FELIX,,CHORRILLOS,MCDO SARITA COLONIA PTO 3,-12.18691,-77.00758
07/02/2026,0752-CHORRILLOS,AVO-887,11598955,LEOPOLDO CORDOVA BAUTISTA,,703,3024996143,57566,PASTEL DE JAMON PZA 2KG SEGO,2,30.53,COBEÑAS SALAS FELIX,,CHORRILLOS,MCDO SARITA COLONIA PTO 3,-12.18691,-77.00758
07/02/2026,0752-CHORRILLOS,AVO-887,11598955,LEOPOLDO CORDOVA BAUTISTA,,703,3024996143,57568,CHORIZO PREC PQ 0.5KG SEGO,5,86.34,COBEÑAS SALAS FELIX,,CHORRILLOS,MCDO SARITA COLONIA PTO 3,-12.18691,-77.00758
07/02/2026,0752-CHORRILLOS,AVO-887,11598955,LEOPOLDO CORDOVA BAUTISTA,,703,3024996143,57570,SUPER HAMBURG RES PQ 1.008KG SEGO,4.03,37.64,COBEÑAS SALAS FELIX,,CHORRILLOS,MCDO SARITA COLONIA PTO 3,-12.18691,-77.00758
07/02/2026,0752-CHORRILLOS,AVO-887,11598955,LEOPOLDO CORDOVA BAUTISTA,,703,3024996143,57572,CHORIZO PARRI PREC 2U 140GR BDT,0.84,16.72,COBEÑAS SALAS FELIX,,CHORRILLOS,MCDO SARITA COLONIA PTO 3,-12.18691,-77.00758
07/02/2026,0752-CHORRILLOS,AVO-887,11597162,ROSARIO SALAZAR ORTEGA,,703,3025073646,60164,JAMON DEL PAIS 3.3KG SEGO,3.3,68.58,COBEÑAS SALAS FELIX,,CHORRILLOS,MCDO SARITA COLONIA PTO 1,-12.18678,-77.00765
07/02/2026,0752-CHORRILLOS,AVO-887,11597162,ROSARIO SALAZAR ORTEGA,,703,3025073646,60166,COSTILLA AHUM BLS 2KG SEGO,2,44.49,COBEÑAS SALAS FELIX,,CHORRILLOS,MCDO SARITA COLONIA PTO 1,-12.18678,-77.00765
07/02/2026,0752-CHORRILLOS,AVO-887,11597162,ROSARIO SALAZAR ORTEGA,,703,3025073646,60168,TOCINO AHUM CP MED PZ 2KG AP SEGO,2,67.34,COBEÑAS SALAS FELIX,,CHORRILLOS,MCDO SARITA COLONIA PTO 1,-12.18678,-77.00765
07/02/2026,0752-CHORRILLOS,AVO-887,11597162,ROSARIO SALAZAR ORTEGA,,703,3025073646,60170,CHORIZO PARRI PREC 2U 140GR BDT,2.8,55.72,COBEÑAS SALAS FELIX,,CHORRILLOS,MCDO SARITA COLONIA PTO 1,-12.18678,-77.00765
07/02/2026,0752-CHORRILLOS,AVO-887,11558794,CADENA DE COMERCIO PERU SAC,OXXO-MATELLINI-50MAT,722,3025078230,60918,CHORIZO PARRI PREC 500GR BDT,4.5,89.82,COBEÑAS SALAS FELIX,,CHORRILLOS,AV PROLONG.A.MATELLINI 183-191-197,-12.17807,-77.01117
07/02/2026,0752-CHORRILLOS,AVO-887,11558794,CADENA DE COMERCIO PERU SAC,OXXO-MATELLINI-50MAT,722,3025078230,60920,CABANOSSI AL VACIO 24U 600GR BDT,0.6,46.01,COBEÑAS SALAS FELIX,,CHORRILLOS,AV PROLONG.A.MATELLINI 183-191-197,-12.17807,-77.01117
07/02/2026,0752-CHORRILLOS,AVO-887,11558794,CADENA DE COMERCIO PERU SAC,OXXO-MATELLINI-50MAT,722,3025078230,60922,PACK JAMON Y QUESO 370GR BDT,3.33,88.11,COBEÑAS SALAS FELIX,,CHORRILLOS,AV PROLONG.A.MATELLINI 183-191-197,-12.17807,-77.01117
07/02/2026,0752-CHORRILLOS,AVO-887,11558794,CADENA DE COMERCIO PERU SAC,OXXO-MATELLINI-50MAT,722,3025078230,60924,FRANKFURTER GASTRONOMIA 1KG BDT,4,82.2,COBEÑAS SALAS FELIX,,CHORRILLOS,AV PROLONG.A.MATELLINI 183-191-197,-12.17807,-77.01117
07/02/2026,0752-CHORRILLOS,AVO-887,11558794,CADENA DE COMERCIO PERU SAC,OXXO-MATELLINI-50MAT,722,3025078230,60926,QUESO FUNDIDO SABOR CHEDDAR 170GR BDT,0.68,21.12,COBEÑAS SALAS FELIX,,CHORRILLOS,AV PROLONG.A.MATELLINI 183-191-197,-12.17807,-77.01117
07/02/2026,0752-CHORRILLOS,AVO-887,11710729,SAN SHERBEL FOOD SERVICES SAC,,719,3025066003,59088,MANTEQUILLA SIN SAL 1KG AP SIGMA FS,15,539.98,COBEÑAS SALAS FELIX,,CHORRILLOS,CA LAS FABRICAS 290,-12.17844,-77.019
07/02/2026,0752-CHORRILLOS,AVO-887,11752197,INVERSIONES TAPIAJARA CHICKEN,,708,3025100331,62826,CHULETA BARCA 200G CG BL 10UNX2KG OK,4,74.08,COBEÑAS SALAS FELIX,,CHORRILLOS,AV HUAYLAS 730 URB LOS LAURELES,-12.17122,-77.02228
07/02/2026,0752-CHORRILLOS,AVO-887,11752197,INVERSIONES TAPIAJARA CHICKEN,,708,3025100331,62828,FRANK AHUM CUL 15CM PQ 20UN 1KG OK,5,115.79,COBEÑAS SALAS FELIX,,CHORRILLOS,AV HUAYLAS 730 URB LOS LAURELES,-12.17122,-77.02228
07/02/2026,0752-CHORRILLOS,AVO-887,11752197,INVERSIONES TAPIAJARA CHICKEN,,708,3025100331,62830,CHORIZO PREC NAT CG PQ 2KG SEGO,2,33.93,COBEÑAS SALAS FELIX,,CHORRILLOS,AV HUAYLAS 730 URB LOS LAURELES,-12.17122,-77.02228
07/02/2026,0752-CHORRILLOS,AVO-887,11696530,ALVARADO ROJAS SUSANA,,740,3025077235,60724,CHORIZO FINAS HIERBAS 960 GR SEGO,9.6,99.97,COBEÑAS SALAS FELIX,,CHORRILLOS,MCDO 3 PTO 50 LA PARADITA,-12.16813,-77.02131
07/02/2026,0752-CHORRILLOS,AVO-887,11696530,ALVARADO ROJAS SUSANA,,740,3025077235,60726,VIENESA 12CM PQ 5UN 175GR OK,1.05,22.17,COBEÑAS SALAS FELIX,,CHORRILLOS,MCDO 3 PTO 50 LA PARADITA,-12.16813,-77.02131
07/02/2026,0752-CHORRILLOS,AVO-887,11679059,JAUREGUI SANCHEZ HEBERT RAYMUN,,740,3025081514,61286,VIENESA 12CM PQ 5UN 175GR OK,1.05,22.17,COBEÑAS SALAS FELIX,,CHORRILLOS,MCDO NRO 3 PTO 69  FRENTE A AVÍC,-12.16824,-77.0215
07/02/2026,0752-CHORRILLOS,AVO-887,11679059,JAUREGUI SANCHEZ HEBERT RAYMUN,,740,3025081514,61288,PASTEL DE JAMON PZA 2KG SEGO,2,30.53,COBEÑAS SALAS FELIX,,CHORRILLOS,MCDO NRO 3 PTO 69  FRENTE A AVÍC,-12.16824,-77.0215
07/02/2026,0752-CHORRILLOS,AVO-887,11603976,YOSELYN CONDORI OCHOA,,740,3025070116,59852,SUP CHORIZO PREC PQ 10U 0.8KG SEGO,4,42.89,COBEÑAS SALAS FELIX,,CHORRILLOS,MCDO 3 RICHARDSON PSTO 68 LA PARADI,-12.16797,-77.0215
07/02/2026,0752-CHORRILLOS,AVO-887,11603976,YOSELYN CONDORI OCHOA,,740,3025070116,59854,TOCINO AHUM CP MED PZ 2KG AP SEGO,2,67.34,COBEÑAS SALAS FELIX,,CHORRILLOS,MCDO 3 RICHARDSON PSTO 68 LA PARADI,-12.16797,-77.0215
07/02/2026,0752-CHORRILLOS,AVO-887,11697678,CHACALIAZA DE LA CRUZ ROSANNA,,740,3025069529,59770,COSTILLA AHUM BLS 2KG SEGO,2,44.49,COBEÑAS SALAS FELIX,,CHORRILLOS,MCDO LA PARADITA N°3 PTO 95,-12.16799,-77.02116
07/02/2026,0752-CHORRILLOS,AVO-887,11617948,HUAMANI BEJAR SONIA,,740,3025061943,58702,FRANKFURTER GASTRONOMIA 1KG BDT,7,128.73,COBEÑAS SALAS FELIX,,CHORRILLOS,MCDO SANTA ROSA PTO 11,-12.18238,-77.00054
07/02/2026,0752-CHORRILLOS,AVO-887,11655350,MINIMARKET MILAGRITOS H & V EI,,703,3025085020,61676,CABANOSSI 25G BDT,0.63,40.03,COBEÑAS SALAS FELIX,,SANTIAGO DE SURCO,JR LAS GAVIOTAS MZ A LOTE A 28 SAGI,-12.16251,-76.99563
07/02/2026,0752-CHORRILLOS,AVO-887,11655350,MINIMARKET MILAGRITOS H & V EI,,703,3025085020,61678,SALCHICHA HUACHO 150GR BDT,0.9,22.1,COBEÑAS SALAS FELIX,,SANTIAGO DE SURCO,JR LAS GAVIOTAS MZ A LOTE A 28 SAGI,-12.16251,-76.99563
07/02/2026,0752-CHORRILLOS,AVO-887,11655350,MINIMARKET MILAGRITOS H & V EI,,703,3025085020,61680,PACK J PIZZA Y EDAM 340GR OK,2.72,80.48,COBEÑAS SALAS FELIX,,SANTIAGO DE SURCO,JR LAS GAVIOTAS MZ A LOTE A 28 SAGI,-12.16251,-76.99563
07/02/2026,0752-CHORRILLOS,AVO-887,11655350,MINIMARKET MILAGRITOS H & V EI,,703,3025085020,61682,QUESO FUNDIDO SABOR CHEDDAR 170GR BDT,0.34,0,COBEÑAS SALAS FELIX,,SANTIAGO DE SURCO,JR LAS GAVIOTAS MZ A LOTE A 28 SAGI,-12.16251,-76.99563
07/02/2026,0752-CHORRILLOS,AVO-887,11655350,MINIMARKET MILAGRITOS H & V EI,,703,3025085020,61684,JAMON DEL PAIS PQ 150GR 8LJ OK,0.9,51.39,COBEÑAS SALAS FELIX,,SANTIAGO DE SURCO,JR LAS GAVIOTAS MZ A LOTE A 28 SAGI,-12.16251,-76.99563
07/02/2026,0752-CHORRILLOS,AVO-887,11655350,MINIMARKET MILAGRITOS H & V EI,,703,3025085020,61686,VIENESA 12CM PQ 5UN 175GR OK,2.1,45.25,COBEÑAS SALAS FELIX,,SANTIAGO DE SURCO,JR LAS GAVIOTAS MZ A LOTE A 28 SAGI,-12.16251,-76.99563
07/02/2026,0752-CHORRILLOS,AVO-887,11655350,MINIMARKET MILAGRITOS H & V EI,,703,3025085020,61688,TOCINO AHUMADO 100GR OK,0.6,36.1,COBEÑAS SALAS FELIX,,SANTIAGO DE SURCO,JR LAS GAVIOTAS MZ A LOTE A 28 SAGI,-12.16251,-76.99563
07/02/2026,0752-CHORRILLOS,AVO-887,11655350,MINIMARKET MILAGRITOS H & V EI,,703,3025085020,61690,CHORIZO PARRI PREC 2U 140GR BDT,0.84,17.06,COBEÑAS SALAS FELIX,,SANTIAGO DE SURCO,JR LAS GAVIOTAS MZ A LOTE A 28 SAGI,-12.16251,-76.99563
07/02/2026,0752-CHORRILLOS,AVO-887,11742365,MEDRANO MUÑOZ MARGARITA CELIA,,703,3025070578,59906,QUESO EDAM GAST 3.5KG AP BRAEDT A,3.5,109.13,COBEÑAS SALAS FELIX,,SANTIAGO DE SURCO,JR VISTA ALEGRE MZ A30 LT 2,-12.16323,-76.99588
07/02/2026,0752-CHORRILLOS,AVO-887,11742365,MEDRANO MUÑOZ MARGARITA CELIA,,703,3025070578,59908,SALCHICHA DEL NORTE BLS 2KG 100GR OK,2,61.59,COBEÑAS SALAS FELIX,,SANTIAGO DE SURCO,JR VISTA ALEGRE MZ A30 LT 2,-12.16323,-76.99588
07/02/2026,0752-CHORRILLOS,AVO-887,11742365,MEDRANO MUÑOZ MARGARITA CELIA,,703,3025070578,59910,TOCINO CUL PQ 500GR 20GR 25LJ OK,0.5,17.2,COBEÑAS SALAS FELIX,,SANTIAGO DE SURCO,JR VISTA ALEGRE MZ A30 LT 2,-12.16323,-76.99588
07/02/2026,0752-CHORRILLOS,AVO-887,11742365,MEDRANO MUÑOZ MARGARITA CELIA,,703,3025070578,59912,SALCH HUACHO UN 0.25KG SEGO,0.5,8.62,COBEÑAS SALAS FELIX,,SANTIAGO DE SURCO,JR VISTA ALEGRE MZ A30 LT 2,-12.16323,-76.99588
07/02/2026,0752-CHORRILLOS,AVO-887,11719307,DIAZ CARDENAS DAVID FROILAN,,703,3025081549,61296,CABANOSSI 25G BDT,0.08,4.8,COBEÑAS SALAS FELIX,,SANTIAGO DE SURCO,JR POSEIDON MZ A2 LT 29 URB SAGITAR,-12.164,-76.99713
07/02/2026,0752-CHORRILLOS,AVO-887,11719307,DIAZ CARDENAS DAVID FROILAN,,703,3025081549,61298,QUESO CREMA PHILADELP BRICK 180GR KRAFT,0.36,20.2,COBEÑAS SALAS FELIX,,SANTIAGO DE SURCO,JR POSEIDON MZ A2 LT 29 URB SAGITAR,-12.164,-76.99713
07/02/2026,0752-CHORRILLOS,AVO-887,11719307,DIAZ CARDENAS DAVID FROILAN,,703,3025081549,61300,QUESO FUNDIDO SABOR CHEDDAR 170GR BDT,0.17,0,COBEÑAS SALAS FELIX,,SANTIAGO DE SURCO,JR POSEIDON MZ A2 LT 29 URB SAGITAR,-12.164,-76.99713
07/02/2026,0752-CHORRILLOS,AVO-887,11719307,DIAZ CARDENAS DAVID FROILAN,,703,3025081549,61302,VIENESA 12CM PQ 5UN 175GR OK,1.05,22.63,COBEÑAS SALAS FELIX,,SANTIAGO DE SURCO,JR POSEIDON MZ A2 LT 29 URB SAGITAR,-12.164,-76.99713
07/02/2026,0752-CHORRILLOS,AVO-887,11719307,DIAZ CARDENAS DAVID FROILAN,,703,3025081549,61304,CHORIZO PARRI PREC 2U 140GR BDT,0.84,17.06,COBEÑAS SALAS FELIX,,SANTIAGO DE SURCO,JR POSEIDON MZ A2 LT 29 URB SAGITAR,-12.164,-76.99713
07/02/2026,0752-CHORRILLOS,AVO-887,11628401,MINIMARKET MARYTA EIRL,,638,3025074448,60370,JAMON PIZZA 3.4 - 3.5 KG OK,3.45,73.95,COBEÑAS SALAS FELIX,,SANTIAGO DE SURCO,JR LAS GAVIOTAS MZA A2 LT 24,-12.1646,-76.99686
07/02/2026,0752-CHORRILLOS,AVO-887,11628401,MINIMARKET MARYTA EIRL,,638,3025074448,60372,PACK J PIZZA Y EDAM 340GR OK,2.04,62.13,COBEÑAS SALAS FELIX,,SANTIAGO DE SURCO,JR LAS GAVIOTAS MZA A2 LT 24,-12.1646,-76.99686
07/02/2026,0752-CHORRILLOS,AVO-887,11628401,MINIMARKET MARYTA EIRL,,638,3025074448,60374,JAMONADA ESPECIAL PZ 3KG OK,3,74.17,COBEÑAS SALAS FELIX,,SANTIAGO DE SURCO,JR LAS GAVIOTAS MZA A2 LT 24,-12.1646,-76.99686
07/02/2026,0752-CHORRILLOS,AVO-887,11628401,MINIMARKET MARYTA EIRL,,638,3025074448,60376,JAMONADA POLLO PZ 2KG SEGO,2,19.91,COBEÑAS SALAS FELIX,,SANTIAGO DE SURCO,JR LAS GAVIOTAS MZA A2 LT 24,-12.1646,-76.99686
07/02/2026,0752-CHORRILLOS,AVO-887,11720435,CORAHUA CHOCCE TEOFILO,,703,3025076592,60626,TOCINO AHUMADO 80GR BDT,0.16,8.26,COBEÑAS SALAS FELIX,,SANTIAGO DE SURCO,JR LAS GAVIOTAS MZ 2 LT 16,-12.16534,-76.99723
07/02/2026,0752-CHORRILLOS,AVO-887,11720435,CORAHUA CHOCCE TEOFILO,,703,3025076592,60628,PACK J PIZZA Y EDAM 340GR OK,1.02,33.17,COBEÑAS SALAS FELIX,,SANTIAGO DE SURCO,JR LAS GAVIOTAS MZ 2 LT 16,-12.16534,-76.99723
07/02/2026,0752-CHORRILLOS,AVO-887,11720435,CORAHUA CHOCCE TEOFILO,,703,3025076592,60630,CHORIZO PARRI PREC 2U 140GR BDT,0.84,17.06,COBEÑAS SALAS FELIX,,SANTIAGO DE SURCO,JR LAS GAVIOTAS MZ 2 LT 16,-12.16534,-76.99723
07/02/2026,0752-CHORRILLOS,AVO-887,11717296,AMPUERO VEGA ALBERTO ALEJANDRO,,703,3025027749,57794,CABANOSSI 25G BDT,0.3,19.21,COBEÑAS SALAS FELIX,,SANTIAGO DE SURCO,JR LAS GAVIOTAS MZ A2 LT 5 SAGITARI,-12.16593,-76.99759
07/02/2026,0752-CHORRILLOS,AVO-887,11717296,AMPUERO VEGA ALBERTO ALEJANDRO,,703,3025027749,57796,HOT DOG SALCH NARANJA 24U 920GR SEGO -D,0.92,6.74,COBEÑAS SALAS FELIX,,SANTIAGO DE SURCO,JR LAS GAVIOTAS MZ A2 LT 5 SAGITARI,-12.16593,-76.99759
07/02/2026,0752-CHORRILLOS,AVO-887,11717296,AMPUERO VEGA ALBERTO ALEJANDRO,,703,3025027749,57798,PACK JAMON Y QUESO 370GR BDT,0.74,22.39,COBEÑAS SALAS FELIX,,SANTIAGO DE SURCO,JR LAS GAVIOTAS MZ A2 LT 5 SAGITARI,-12.16593,-76.99759
07/02/2026,0752-CHORRILLOS,AVO-887,11717296,AMPUERO VEGA ALBERTO ALEJANDRO,,703,3025027749,57800,VIENESA 12CM PQ 5UN 175GR OK,0.53,11.31,COBEÑAS SALAS FELIX,,SANTIAGO DE SURCO,JR LAS GAVIOTAS MZ A2 LT 5 SAGITARI,-12.16593,-76.99759
07/02/2026,0752-CHORRILLOS,AVO-887,11717296,AMPUERO VEGA ALBERTO ALEJANDRO,,703,3025027749,57802,HOT DOG SALCHIP ROSA PQ 24U SEGO,0.92,6.75,COBEÑAS SALAS FELIX,,SANTIAGO DE SURCO,JR LAS GAVIOTAS MZ A2 LT 5 SAGITARI,-12.16593,-76.99759
07/02/2026,0752-CHORRILLOS,AVO-887,11717296,AMPUERO VEGA ALBERTO ALEJANDRO,,703,3025027749,57804,CHORIZO PREC PQ 0.5KG SEGO,0.5,9.36,COBEÑAS SALAS FELIX,,SANTIAGO DE SURCO,JR LAS GAVIOTAS MZ A2 LT 5 SAGITARI,-12.16593,-76.99759
07/02/2026,0752-CHORRILLOS,AVO-887,11717296,AMPUERO VEGA ALBERTO ALEJANDRO,,703,3025027749,57806,TOCINO AHUMADO 100GR SEGO,0.4,19.04,COBEÑAS SALAS FELIX,,SANTIAGO DE SURCO,JR LAS GAVIOTAS MZ A2 LT 5 SAGITARI,-12.16593,-76.99759
07/02/2026,0752-CHORRILLOS,AVO-887,11717296,AMPUERO VEGA ALBERTO ALEJANDRO,,703,3025027749,57808,CHORIZO PARRI PREC 2U 140GR BDT,0.84,17.06,COBEÑAS SALAS FELIX,,SANTIAGO DE SURCO,JR LAS GAVIOTAS MZ A2 LT 5 SAGITARI,-12.16593,-76.99759
07/02/2026,0752-CHORRILLOS,AVO-887,6420093,HUAYLLASCO PILLACA FORTUNATA,,703,3025080146,61152,CHICH PREN CASERO PZ 2.5KG AP SEGO,2.5,35.52,COBEÑAS SALAS FELIX,,SANTIAGO DE SURCO,JR. POSEIDON MZA. A20 LOTE. 1,-12.16584,-76.99532
07/02/2026,0752-CHORRILLOS,AVO-887,6420093,HUAYLLASCO PILLACA FORTUNATA,,703,3025080146,61154,PASTEL DE JAMON PZA 2KG SEGO,2,31.15,COBEÑAS SALAS FELIX,,SANTIAGO DE SURCO,JR. POSEIDON MZA. A20 LOTE. 1,-12.16584,-76.99532
07/02/2026,0752-CHORRILLOS,AVO-887,11719797,SINCHE GOYCOCHEA ARACELY ESMER,,703,3025005162,57656,JAMON PIZZA 3.4 - 3.5 KG OK,3.45,73.95,COBEÑAS SALAS FELIX,,CHORRILLOS,MDO SAN SEBASTIAN PTO 83 LA CAMPIÑA,-12.16923,-76.99617
07/02/2026,0752-CHORRILLOS,AVO-887,11713747,CALLA TITO LUCIA,,703,3024713663,57124,CABANOSSI 25G BDT,0.3,19.21,COBEÑAS SALAS FELIX,,SANTIAGO DE SURCO,JR VULCANO MZ E LT 1 LOS HERALDOS,-12.16729,-76.99454
07/02/2026,0752-CHORRILLOS,AVO-887,11713747,CALLA TITO LUCIA,,703,3024713663,57126,CHORIZO PARRI PREC 500GR BDT,0.5,14.19,COBEÑAS SALAS FELIX,,SANTIAGO DE SURCO,JR VULCANO MZ E LT 1 LOS HERALDOS,-12.16729,-76.99454
07/02/2026,0752-CHORRILLOS,AVO-887,11713747,CALLA TITO LUCIA,,703,3024713663,57128,SALCHICHA HUACHO 150GR BDT,0.45,11.95,COBEÑAS SALAS FELIX,,SANTIAGO DE SURCO,JR VULCANO MZ E LT 1 LOS HERALDOS,-12.16729,-76.99454
07/02/2026,0752-CHORRILLOS,AVO-887,11713747,CALLA TITO LUCIA,,703,3024713663,57130,QUESO CREMA PHILADELP BRICK 180GR KRAFT,0.18,10.1,COBEÑAS SALAS FELIX,,SANTIAGO DE SURCO,JR VULCANO MZ E LT 1 LOS HERALDOS,-12.16729,-76.99454
07/02/2026,0752-CHORRILLOS,AVO-887,11713747,CALLA TITO LUCIA,,703,3024713663,57132,BOLA TIPO MOZZARELLA X 200G BDT,0.2,6.8,COBEÑAS SALAS FELIX,,SANTIAGO DE SURCO,JR VULCANO MZ E LT 1 LOS HERALDOS,-12.16729,-76.99454
07/02/2026,0752-CHORRILLOS,AVO-887,11713747,CALLA TITO LUCIA,,703,3024713663,57134,QUESO FUNDIDO SABOR CHEDDAR 170GR BDT,0.17,5.51,COBEÑAS SALAS FELIX,,SANTIAGO DE SURCO,JR VULCANO MZ E LT 1 LOS HERALDOS,-12.16729,-76.99454
07/02/2026,0752-CHORRILLOS,AVO-887,11713747,CALLA TITO LUCIA,,703,3024713663,57136,CHORIZO PARRI PREC 2U 140GR BDT,0.28,5.69,COBEÑAS SALAS FELIX,,SANTIAGO DE SURCO,JR VULCANO MZ E LT 1 LOS HERALDOS,-12.16729,-76.99454
07/02/2026,0752-CHORRILLOS,AVO-887,11744707,ALMANZA QUISPE NOEMI,,703,3024974206,57410,QUESO CREMA PHILADELP BRICK 180GR KRAFT,1.08,55.14,COBEÑAS SALAS FELIX,,CHORRILLOS,MCDO SAN SEBASTIAN PTO 37,-12.16913,-76.99652
07/02/2026,0752-CHORRILLOS,AVO-887,11744707,ALMANZA QUISPE NOEMI,,703,3024974206,57412,CHORIZO PARRI PREC 2U 140GR BDT,1.12,21.83,COBEÑAS SALAS FELIX,,CHORRILLOS,MCDO SAN SEBASTIAN PTO 37,-12.16913,-76.99652
07/02/2026,0752-CHORRILLOS,AVO-887,11748618,FLORES SOTO RAYDA EDITH,,703,3025069085,59694,CABANOSSI 25G BDT,0.25,16.01,COBEÑAS SALAS FELIX,,CHORRILLOS,MCDO SAN SEBASTIAN PTO 116,-12.16917,-76.99651
07/02/2026,0752-CHORRILLOS,AVO-887,11748618,FLORES SOTO RAYDA EDITH,,703,3025069085,59696,QUESO FUNDIDO SABOR CHEDDAR 170GR BDT,0.34,0,COBEÑAS SALAS FELIX,,CHORRILLOS,MCDO SAN SEBASTIAN PTO 116,-12.16917,-76.99651
07/02/2026,0752-CHORRILLOS,AVO-887,11748618,FLORES SOTO RAYDA EDITH,,703,3025069085,59698,VIENESA 12CM PQ 5UN 175GR OK,2.1,45.25,COBEÑAS SALAS FELIX,,CHORRILLOS,MCDO SAN SEBASTIAN PTO 116,-12.16917,-76.99651
07/02/2026,0752-CHORRILLOS,AVO-887,11748618,FLORES SOTO RAYDA EDITH,,703,3025069085,59700,CHORIZO PARRI PREC 2U 140GR BDT,1.12,21.83,COBEÑAS SALAS FELIX,,CHORRILLOS,MCDO SAN SEBASTIAN PTO 116,-12.16917,-76.99651
07/02/2026,0752-CHORRILLOS,AVO-887,11748618,FLORES SOTO RAYDA EDITH,,703,3025069085,59702,QUESO PARMESANO CU?A 0.15KG AP QKALAS,0.45,15.26,COBEÑAS SALAS FELIX,,CHORRILLOS,MCDO SAN SEBASTIAN PTO 116,-12.16917,-76.99651
07/02/2026,0752-CHORRILLOS,AVO-887,11757948,LORENZO ALVINO VERONICA,,638,3025060792,58658,SALCHICHA HUACHO 1KG AP BDT,1,26.54,COBEÑAS SALAS FELIX,,SANTIAGO DE SURCO,AV LAS GAVIOTAS MZ A3 LT 2 SAGITARI,-12.16745,-76.99829
07/02/2026,0752-CHORRILLOS,AVO-887,11757948,LORENZO ALVINO VERONICA,,638,3025060792,58660,JAMON PAVITA 3.8KG AP BDT BALANCE,3.8,143.88,COBEÑAS SALAS FELIX,,SANTIAGO DE SURCO,AV LAS GAVIOTAS MZ A3 LT 2 SAGITARI,-12.16745,-76.99829
07/02/2026,0752-CHORRILLOS,AVO-887,11757948,LORENZO ALVINO VERONICA,,638,3025060792,58662,JAMONADA ESPECIAL PZ 3KG OK,12,269.98,COBEÑAS SALAS FELIX,,SANTIAGO DE SURCO,AV LAS GAVIOTAS MZ A3 LT 2 SAGITARI,-12.16745,-76.99829
07/02/2026,0752-CHORRILLOS,AVO-887,11757948,LORENZO ALVINO VERONICA,,638,3025060792,58664,JAMON DEL PAIS 3.3KG SEGO,3.3,69.98,COBEÑAS SALAS FELIX,,SANTIAGO DE SURCO,AV LAS GAVIOTAS MZ A3 LT 2 SAGITARI,-12.16745,-76.99829
07/02/2026,0752-CHORRILLOS,AVO-887,11757948,LORENZO ALVINO VERONICA,,638,3025060792,58666,PASTEL DE JAMON PZA 2KG SEGO,2,31.15,COBEÑAS SALAS FELIX,,SANTIAGO DE SURCO,AV LAS GAVIOTAS MZ A3 LT 2 SAGITARI,-12.16745,-76.99829
07/02/2026,0752-CHORRILLOS,AVO-887,11757948,LORENZO ALVINO VERONICA,,638,3025060792,58668,JAMONADA POLLO PZ 2KG SEGO,12,113.51,COBEÑAS SALAS FELIX,,SANTIAGO DE SURCO,AV LAS GAVIOTAS MZ A3 LT 2 SAGITARI,-12.16745,-76.99829
07/02/2026,0752-CHORRILLOS,AVO-887,11757948,LORENZO ALVINO VERONICA,,638,3025060792,58670,PACK JAMON Y QUESO 157 GR SEGO,0.94,31.7,COBEÑAS SALAS FELIX,,SANTIAGO DE SURCO,AV LAS GAVIOTAS MZ A3 LT 2 SAGITARI,-12.16745,-76.99829
07/02/2026,0752-CHORRILLOS,AVO-887,11716756,GAGO RODRIGUEZ RUTH SOLEDAD,,703,3024904886,57268,QUESO FUNDIDO SABOR CHEDDAR 170GR BDT,0.17,0,COBEÑAS SALAS FELIX,,CHORRILLOS,CA LAS GAVIOTAS 876 LA CAMPIÑA ZONA,-12.17003,-76.99979
07/02/2026,0752-CHORRILLOS,AVO-887,11716756,GAGO RODRIGUEZ RUTH SOLEDAD,,703,3024904886,57270,JAMONADA ESPECIAL PQ 100GR 8LJ OK,0.3,8.71,COBEÑAS SALAS FELIX,,CHORRILLOS,CA LAS GAVIOTAS 876 LA CAMPIÑA ZONA,-12.17003,-76.99979
07/02/2026,0752-CHORRILLOS,AVO-887,11716756,GAGO RODRIGUEZ RUTH SOLEDAD,,703,3024904886,57272,VIENESA 12CM PQ 5UN 175GR OK,1.05,22.63,COBEÑAS SALAS FELIX,,CHORRILLOS,CA LAS GAVIOTAS 876 LA CAMPIÑA ZONA,-12.17003,-76.99979
07/02/2026,0752-CHORRILLOS,AVO-887,11716756,GAGO RODRIGUEZ RUTH SOLEDAD,,703,3024904886,57274,SALCHICHA DEL NORTE PQ 3UN 250GR OK,0.25,7.9,COBEÑAS SALAS FELIX,,CHORRILLOS,CA LAS GAVIOTAS 876 LA CAMPIÑA ZONA,-12.17003,-76.99979
07/02/2026,0752-CHORRILLOS,AVO-887,11749459,LAVADO DAMASO SILVIA,,703,3025054001,58286,JAMON DEL PAIS 200GR SEGO,0.4,12.68,COBEÑAS SALAS FELIX,,CHORRILLOS,AV LAS GAVIOTAS MZ T1 LT17  FRENTE,-12.16882,-76.99907
07/02/2026,0752-CHORRILLOS,AVO-887,11749459,LAVADO DAMASO SILVIA,,703,3025054001,58288,SUP CHORIZO PREC 12U 960GR SEGO,0.96,9.12,COBEÑAS SALAS FELIX,,CHORRILLOS,AV LAS GAVIOTAS MZ T1 LT17  FRENTE,-12.16882,-76.99907
07/02/2026,0752-CHORRILLOS,AVO-887,11749459,LAVADO DAMASO SILVIA,,703,3025054001,58290,SALCHICHA DEL NORTE PQ 3UN 250GR OK,0.25,7.9,COBEÑAS SALAS FELIX,,CHORRILLOS,AV LAS GAVIOTAS MZ T1 LT17  FRENTE,-12.16882,-76.99907
07/02/2026,0752-CHORRILLOS,AVO-887,11749459,LAVADO DAMASO SILVIA,,703,3025054001,58292,SALCH HUACHO UN 0.25KG SEGO,0.5,8.62,COBEÑAS SALAS FELIX,,CHORRILLOS,AV LAS GAVIOTAS MZ T1 LT17  FRENTE,-12.16882,-76.99907
07/02/2026,0752-CHORRILLOS,AVO-887,11659328,SIMARRA ALBINO MILAGROS PAOLA,,703,3025079758,61080,SALCHICHA HUACHO 150GR BDT,0.45,11.95,COBEÑAS SALAS FELIX,,CHORRILLOS,AV LAS GAVIOTAS 864 AV LA GAVIOTA 8,-12.17032,-76.99998
07/02/2026,0752-CHORRILLOS,AVO-887,11659328,SIMARRA ALBINO MILAGROS PAOLA,,703,3025079758,61082,HOT DOG TRADICIONAL 200GR BDT,0.4,6.22,COBEÑAS SALAS FELIX,,CHORRILLOS,AV LAS GAVIOTAS 864 AV LA GAVIOTA 8,-12.17032,-76.99998
07/02/2026,0752-CHORRILLOS,AVO-887,11659328,SIMARRA ALBINO MILAGROS PAOLA,,703,3025079758,61084,PACK J PIZZA Y EDAM 340GR OK,0.34,11.06,COBEÑAS SALAS FELIX,,CHORRILLOS,AV LAS GAVIOTAS 864 AV LA GAVIOTA 8,-12.17032,-76.99998
07/02/2026,0752-CHORRILLOS,AVO-887,11659328,SIMARRA ALBINO MILAGROS PAOLA,,703,3025079758,61086,PACK JAMONADA DE POLLO 80GX6PZA SEGO,0.48,5.75,COBEÑAS SALAS FELIX,,CHORRILLOS,AV LAS GAVIOTAS 864 AV LA GAVIOTA 8,-12.17032,-76.99998
07/02/2026,0752-CHORRILLOS,AVO-887,11659328,SIMARRA ALBINO MILAGROS PAOLA,,703,3025079758,61088,VIENESA 12CM PQ 5UN 175GR OK,0.18,3.77,COBEÑAS SALAS FELIX,,CHORRILLOS,AV LAS GAVIOTAS 864 AV LA GAVIOTA 8,-12.17032,-76.99998
07/02/2026,0752-CHORRILLOS,AYX-907,11600382,CESAR HUARCAYA ASTOCAZA,,625,3025067887,59482,CHORIZO PARRI PREC 500GR BDT,2.5,50.58,CABANILLAS BALBOA LUIS FERNANDO,,VILLA MARIA DEL TRIUNFO,MCDO MICAELA BASTIDAS PTO 84E,-12.17319,-76.94841
07/02/2026,0752-CHORRILLOS,AYX-907,11600382,CESAR HUARCAYA ASTOCAZA,,625,3025067887,59484,HOT DOG SALCHIP ROSA PQ 24U SEGO,4.6,31.53,CABANILLAS BALBOA LUIS FERNANDO,,VILLA MARIA DEL TRIUNFO,MCDO MICAELA BASTIDAS PTO 84E,-12.17319,-76.94841
07/02/2026,0752-CHORRILLOS,AYX-907,11600382,CESAR HUARCAYA ASTOCAZA,,625,3025067887,59486,COSTILLA AHUM BLS 2KG SEGO,2,44.49,CABANILLAS BALBOA LUIS FERNANDO,,VILLA MARIA DEL TRIUNFO,MCDO MICAELA BASTIDAS PTO 84E,-12.17319,-76.94841
07/02/2026,0752-CHORRILLOS,AYX-907,11600382,CESAR HUARCAYA ASTOCAZA,,625,3025067887,59488,CHORIZO PARRI PREC 2U 140GR BDT,0.7,13.93,CABANILLAS BALBOA LUIS FERNANDO,,VILLA MARIA DEL TRIUNFO,MCDO MICAELA BASTIDAS PTO 84E,-12.17319,-76.94841
07/02/2026,0752-CHORRILLOS,AYX-907,11710471,MENDOZA NARREA FELIPE ANCELMO,,625,3025079366,61040,HOT DOG SALCH NARANJA 24U 920GR SEGO -D,9.2,61.47,CABANILLAS BALBOA LUIS FERNANDO,,VILLA MARIA DEL TRIUNFO,MCDO MICAELA BASTIDAS PTO 178 PACHA,-12.17333,-76.94844
07/02/2026,0752-CHORRILLOS,AYX-907,11710471,MENDOZA NARREA FELIPE ANCELMO,,625,3025079366,61042,HOT DOG SALCHIP ROSA PQ 24U SEGO,9.2,63.05,CABANILLAS BALBOA LUIS FERNANDO,,VILLA MARIA DEL TRIUNFO,MCDO MICAELA BASTIDAS PTO 178 PACHA,-12.17333,-76.94844
07/02/2026,0752-CHORRILLOS,AYX-907,11651313,MARTINEZ MARTINEZ JUANA JHAQUE,,625,3025043140,57984,JAMON DE PAIS 1.6KG AP SEGO,8,148.22,CABANILLAS BALBOA LUIS FERNANDO,,VILLA MARIA DEL TRIUNFO,MCDO MICAELA BASTIDAS PTO 85C,-12.17343,-76.94842
07/02/2026,0752-CHORRILLOS,AYX-907,11678469,BECERRA HUAMAN YESSICA ROSALI,,625,3025087686,61934,HOT DOG SALCHIP ROSA PQ 24U SEGO,5.52,37.83,CABANILLAS BALBOA LUIS FERNANDO,,VILLA MARIA DEL TRIUNFO,MCDO MICAELA BASTIDAS PTO 78,-12.17373,-76.94834
07/02/2026,0752-CHORRILLOS,AYX-907,11678469,BECERRA HUAMAN YESSICA ROSALI,,625,3025087686,61936,CHORIZO PLANCHERO CG PQ  2KG SEGO,4,57.83,CABANILLAS BALBOA LUIS FERNANDO,,VILLA MARIA DEL TRIUNFO,MCDO MICAELA BASTIDAS PTO 78,-12.17373,-76.94834
07/02/2026,0752-CHORRILLOS,AYX-907,11745409,TOP CITY EIRL,IMPORTADORA TOP CITY,722,3024859389,57176,CHORIZO PARRI PREC 1KG BDT,38,956.08,CABANILLAS BALBOA LUIS FERNANDO,,VILLA EL SALVADOR,MZ M1 LT 3 ZI PARCELA 2,-12.19402,-76.93721
07/02/2026,0752-CHORRILLOS,AYX-907,11685973,SALAZAR LEON JIMMY ANTHONY,,626,3025075002,60468,CHORIZO PARRI PREC 2U 140GR BDT,1.96,37.01,CABANILLAS BALBOA LUIS FERNANDO,,VILLA MARIA DEL TRIUNFO,AV 27 DE DICIEMBRE MZ R LT 1,-12.18939,-76.92831
07/02/2026,0752-CHORRILLOS,AYX-907,11600663,BERTHA CCORA PEREZ,,625,3025074259,60262,CABANOSSI 25G BDT,0.3,18.84,CABANILLAS BALBOA LUIS FERNANDO,,VILLA MARIA DEL TRIUNFO,MCDO CENTRAL PTO 128,-12.1887,-76.92662
07/02/2026,0752-CHORRILLOS,AYX-907,11600663,BERTHA CCORA PEREZ,,625,3025074259,60264,HOT DOG SALCH NARANJA 24U 920GR SEGO -D,1.84,12.61,CABANILLAS BALBOA LUIS FERNANDO,,VILLA MARIA DEL TRIUNFO,MCDO CENTRAL PTO 128,-12.1887,-76.92662
07/02/2026,0752-CHORRILLOS,AYX-907,11600663,BERTHA CCORA PEREZ,,625,3025074259,60266,BOLA TIPO MOZZARELLA X 200G BDT,0.8,26.64,CABANILLAS BALBOA LUIS FERNANDO,,VILLA MARIA DEL TRIUNFO,MCDO CENTRAL PTO 128,-12.1887,-76.92662
07/02/2026,0752-CHORRILLOS,AYX-907,11600663,BERTHA CCORA PEREZ,,625,3025074259,60268,VIENESA 12CM PQ 5UN 175GR OK,0.7,14.78,CABANILLAS BALBOA LUIS FERNANDO,,VILLA MARIA DEL TRIUNFO,MCDO CENTRAL PTO 128,-12.1887,-76.92662
07/02/2026,0752-CHORRILLOS,AYX-907,11600663,BERTHA CCORA PEREZ,,625,3025074259,60270,CHORIZO PARRI PREC 2U 140GR BDT,1.12,22.29,CABANILLAS BALBOA LUIS FERNANDO,,VILLA MARIA DEL TRIUNFO,MCDO CENTRAL PTO 128,-12.1887,-76.92662
07/02/2026,0752-CHORRILLOS,AYX-907,11597866,AQUELINA HUARANGA ANDRES,,625,3025062484,58778,COSTILLA AHUM BLS 2KG SEGO,2,44.49,CABANILLAS BALBOA LUIS FERNANDO,,VILLA MARIA DEL TRIUNFO,MCDO CENTRAL 2 PTO 132,-12.18878,-76.92651
07/02/2026,0752-CHORRILLOS,AYX-907,11615617,CJUIRO CUSIHUAMAN MILAGROS,,625,3025070569,59904,CHORIZO PARRI PREC 500GR BDT,2.5,50.58,CABANILLAS BALBOA LUIS FERNANDO,,VILLA MARIA DEL TRIUNFO,MCDO CENTRAL N°2 PTO 129,-12.18877,-76.92644
07/02/2026,0752-CHORRILLOS,AYX-907,11597871,ALEJANDRA MELENDEZ ASPIROS,,625,3025078124,60876,TOCINO AHUMADO 80GR BDT,0.24,12.15,CABANILLAS BALBOA LUIS FERNANDO,,VILLA MARIA DEL TRIUNFO,MCDO CENTRAL 2 PTO 161,-12.18869,-76.92631
07/02/2026,0752-CHORRILLOS,AYX-907,11597871,ALEJANDRA MELENDEZ ASPIROS,,625,3025078124,60878,HOT DOG TRADICIONAL 200GR BDT,1.2,18.3,CABANILLAS BALBOA LUIS FERNANDO,,VILLA MARIA DEL TRIUNFO,MCDO CENTRAL 2 PTO 161,-12.18869,-76.92631
07/02/2026,0752-CHORRILLOS,AYX-907,11597871,ALEJANDRA MELENDEZ ASPIROS,,625,3025078124,60880,CHORIZO PARRI PREC 2U 140GR BDT,0.84,16.72,CABANILLAS BALBOA LUIS FERNANDO,,VILLA MARIA DEL TRIUNFO,MCDO CENTRAL 2 PTO 161,-12.18869,-76.92631
07/02/2026,0752-CHORRILLOS,AYX-907,11596867,REGINA SOLANO CHAVEZ DE MOLINA,,625,3025042965,57958,CHORIZO PARRI PREC 500GR BDT,2,40.55,CABANILLAS BALBOA LUIS FERNANDO,,VILLA MARIA DEL TRIUNFO,MCDO NUEVA ESPERANZA PTO 21,-12.17311,-76.93251
07/02/2026,0752-CHORRILLOS,AYX-907,11596867,REGINA SOLANO CHAVEZ DE MOLINA,,625,3025042965,57960,JAMON PIZZERO 100GR BDT,0.6,15.54,CABANILLAS BALBOA LUIS FERNANDO,,VILLA MARIA DEL TRIUNFO,MCDO NUEVA ESPERANZA PTO 21,-12.17311,-76.93251
07/02/2026,0752-CHORRILLOS,AYX-907,11596867,REGINA SOLANO CHAVEZ DE MOLINA,,625,3025042965,57962,PIZZERO 3KG SEGO,3,29.78,CABANILLAS BALBOA LUIS FERNANDO,,VILLA MARIA DEL TRIUNFO,MCDO NUEVA ESPERANZA PTO 21,-12.17311,-76.93251
07/02/2026,0752-CHORRILLOS,AYX-907,11596867,REGINA SOLANO CHAVEZ DE MOLINA,,625,3025042965,57964,BOLA TIPO MOZZARELLA X 200G BDT,0.8,26.64,CABANILLAS BALBOA LUIS FERNANDO,,VILLA MARIA DEL TRIUNFO,MCDO NUEVA ESPERANZA PTO 21,-12.17311,-76.93251
07/02/2026,0752-CHORRILLOS,AYX-907,11596867,REGINA SOLANO CHAVEZ DE MOLINA,,625,3025042965,57966,CHORIZO FINAS HIERBAS 960 GR SEGO,3.84,39.99,CABANILLAS BALBOA LUIS FERNANDO,,VILLA MARIA DEL TRIUNFO,MCDO NUEVA ESPERANZA PTO 21,-12.17311,-76.93251
07/02/2026,0752-CHORRILLOS,AYX-907,11596867,REGINA SOLANO CHAVEZ DE MOLINA,,625,3025042965,57968,CHORIZO PARRI PREC 2U 140GR BDT,1.12,22.29,CABANILLAS BALBOA LUIS FERNANDO,,VILLA MARIA DEL TRIUNFO,MCDO NUEVA ESPERANZA PTO 21,-12.17311,-76.93251
07/02/2026,0752-CHORRILLOS,AYX-907,11596805,ELIZABETH CORZO OLORTEGUI,,625,3025079224,61004,CHORIZO PARRI PREC 500GR BDT,2,40.55,CABANILLAS BALBOA LUIS FERNANDO,,VILLA MARIA DEL TRIUNFO,MCDO NVA ESPERANZA PTO23,-12.17322,-76.93252
07/02/2026,0752-CHORRILLOS,AYX-907,11596805,ELIZABETH CORZO OLORTEGUI,,625,3025079224,61006,BOLA TIPO MOZZARELLA X 200G BDT,0.6,19.98,CABANILLAS BALBOA LUIS FERNANDO,,VILLA MARIA DEL TRIUNFO,MCDO NVA ESPERANZA PTO23,-12.17322,-76.93252
07/02/2026,0752-CHORRILLOS,AYX-907,11596805,ELIZABETH CORZO OLORTEGUI,,625,3025079224,61008,PACK J PIZZA Y EDAM 340GR OK,2.38,71.28,CABANILLAS BALBOA LUIS FERNANDO,,VILLA MARIA DEL TRIUNFO,MCDO NVA ESPERANZA PTO23,-12.17322,-76.93252
07/02/2026,0752-CHORRILLOS,AYX-907,11596805,ELIZABETH CORZO OLORTEGUI,,625,3025079224,61010,VIENESA 12CM PQ 5UN 175GR OK,0.88,18.48,CABANILLAS BALBOA LUIS FERNANDO,,VILLA MARIA DEL TRIUNFO,MCDO NVA ESPERANZA PTO23,-12.17322,-76.93252
07/02/2026,0752-CHORRILLOS,AYX-907,11596805,ELIZABETH CORZO OLORTEGUI,,625,3025079224,61012,CHORIZO PREC PQ 0.5KG SEGO,1,18.35,CABANILLAS BALBOA LUIS FERNANDO,,VILLA MARIA DEL TRIUNFO,MCDO NVA ESPERANZA PTO23,-12.17322,-76.93252
07/02/2026,0752-CHORRILLOS,AYX-907,11596805,ELIZABETH CORZO OLORTEGUI,,625,3025079224,61014,CHORIZO PARRI PREC 2U 140GR BDT,0.56,11.14,CABANILLAS BALBOA LUIS FERNANDO,,VILLA MARIA DEL TRIUNFO,MCDO NVA ESPERANZA PTO23,-12.17322,-76.93252
07/02/2026,0752-CHORRILLOS,AYX-907,11596805,ELIZABETH CORZO OLORTEGUI,,625,3025079224,61016,PACK JAMON Y QUESO 157 GR SEGO,0.47,15.21,CABANILLAS BALBOA LUIS FERNANDO,,VILLA MARIA DEL TRIUNFO,MCDO NVA ESPERANZA PTO23,-12.17322,-76.93252
07/02/2026,0752-CHORRILLOS,AYX-907,11623424,ROMAYNA ROMERO EDILIA,,625,3025079311,61026,CABANOSSI 25G BDT,0.13,7.85,CABANILLAS BALBOA LUIS FERNANDO,,VILLA MARIA DEL TRIUNFO,MCDO NVA ESPERANZA PT 22,-12.1733,-76.93254
07/02/2026,0752-CHORRILLOS,AYX-907,11623424,ROMAYNA ROMERO EDILIA,,625,3025079311,61028,COSTILLA AHUM BLS 2KG SEGO,2,44.49,CABANILLAS BALBOA LUIS FERNANDO,,VILLA MARIA DEL TRIUNFO,MCDO NVA ESPERANZA PT 22,-12.1733,-76.93254
07/02/2026,0752-CHORRILLOS,AYX-907,11623424,ROMAYNA ROMERO EDILIA,,625,3025079311,61030,CHORIZO PARRI PREC 2U 140GR BDT,0.42,8.36,CABANILLAS BALBOA LUIS FERNANDO,,VILLA MARIA DEL TRIUNFO,MCDO NVA ESPERANZA PT 22,-12.1733,-76.93254
07/02/2026,0752-CHORRILLOS,AYX-907,11710155,EPEQUIN LLAJA YOSELIN MAGALI,,625,3025081232,61276,SUP CHORIZO PREC 12U 960GR SEGO,5.76,53.64,CABANILLAS BALBOA LUIS FERNANDO,,VILLA MARIA DEL TRIUNFO,MCDO NUEVA ESPERANZA PTO 24,-12.17334,-76.93249
07/02/2026,0752-CHORRILLOS,AYX-907,11710155,EPEQUIN LLAJA YOSELIN MAGALI,,625,3025081232,61278,BOLA TIPO MOZZARELLA X 200G BDT,1.6,53.27,CABANILLAS BALBOA LUIS FERNANDO,,VILLA MARIA DEL TRIUNFO,MCDO NUEVA ESPERANZA PTO 24,-12.17334,-76.93249
07/02/2026,0752-CHORRILLOS,AYX-907,11710155,EPEQUIN LLAJA YOSELIN MAGALI,,625,3025081232,61280,COSTILLA AHUM BLS 2KG SEGO,2,44.49,CABANILLAS BALBOA LUIS FERNANDO,,VILLA MARIA DEL TRIUNFO,MCDO NUEVA ESPERANZA PTO 24,-12.17334,-76.93249
07/02/2026,0752-CHORRILLOS,AYX-907,11710155,EPEQUIN LLAJA YOSELIN MAGALI,,625,3025081232,61282,CHORIZO PARRI PREC 2U 140GR BDT,1.68,33.43,CABANILLAS BALBOA LUIS FERNANDO,,VILLA MARIA DEL TRIUNFO,MCDO NUEVA ESPERANZA PTO 24,-12.17334,-76.93249
07/02/2026,0752-CHORRILLOS,AYX-907,11710155,EPEQUIN LLAJA YOSELIN MAGALI,,625,3025081232,61284,PACK JAMON Y QUESO 157 GR SEGO,1.26,40.55,CABANILLAS BALBOA LUIS FERNANDO,,VILLA MARIA DEL TRIUNFO,MCDO NUEVA ESPERANZA PTO 24,-12.17334,-76.93249
07/02/2026,0752-CHORRILLOS,AYX-907,11655473,SIERRA CABALLA SINTYA EMILY,,625,3025005158,57650,QUESO CREMA PHILADELP BRICK 180GR KRAFT,1.08,56.41,CABANILLAS BALBOA LUIS FERNANDO,,VILLA MARIA DEL TRIUNFO,MCDO NUEVA ESPERANZA PTO 19,-12.17333,-76.93254
07/02/2026,0752-CHORRILLOS,AYX-907,11655473,SIERRA CABALLA SINTYA EMILY,,625,3025005158,57652,BOLA TIPO MOZZARELLA X 200G BDT,1.2,39.95,CABANILLAS BALBOA LUIS FERNANDO,,VILLA MARIA DEL TRIUNFO,MCDO NUEVA ESPERANZA PTO 19,-12.17333,-76.93254
07/02/2026,0752-CHORRILLOS,AYX-907,11655473,SIERRA CABALLA SINTYA EMILY,,625,3025005158,57654,CHORIZO PARRI PREC 2U 140GR BDT,0.84,16.72,CABANILLAS BALBOA LUIS FERNANDO,,VILLA MARIA DEL TRIUNFO,MCDO NUEVA ESPERANZA PTO 19,-12.17333,-76.93254
07/02/2026,0752-CHORRILLOS,AYX-907,11754738,APOLINAR PALOMINO SANTIAGO FEL,,718,3025076608,60638,PIZZA GASTRONOMICO 0.5KG BDT,6,68.4,CABANILLAS BALBOA LUIS FERNANDO,,VILLA MARIA DEL TRIUNFO,AV 28 DE JULLO 793 NUEVA ESPERANZA,-12.17392,-76.93382
07/02/2026,0752-CHORRILLOS,AYX-907,11635966,COMADI FOOD SAC,,713,3025095045,62328,CHORIZO PARRI PREC 1KG BDT,60,1080,CABANILLAS BALBOA LUIS FERNANDO,,VILLA MARIA DEL TRIUNFO,AV VILLA MARIA EL TRIUNFO 1309,-12.15948,-76.94059
07/02/2026,0752-CHORRILLOS,AYX-907,6414137,ESCOBAR PUQUIO HENRY EDER,,625,3025069488,59732,CHORIZO PARRI PREC 500GR BDT,2,40.55,CABANILLAS BALBOA LUIS FERNANDO,,VILLA MARIA DEL TRIUNFO,MCD SAN FRANCISCO PTO 54,-12.16319,-76.94634
07/02/2026,0752-CHORRILLOS,AYX-907,6414137,ESCOBAR PUQUIO HENRY EDER,,625,3025069488,59734,PATE 100GR BDT,0.5,11.8,CABANILLAS BALBOA LUIS FERNANDO,,VILLA MARIA DEL TRIUNFO,MCD SAN FRANCISCO PTO 54,-12.16319,-76.94634
07/02/2026,0752-CHORRILLOS,AYX-907,6414137,ESCOBAR PUQUIO HENRY EDER,,625,3025069488,59736,HOT DOG SALCH NARANJA 24U 920GR SEGO -D,9.2,63.05,CABANILLAS BALBOA LUIS FERNANDO,,VILLA MARIA DEL TRIUNFO,MCD SAN FRANCISCO PTO 54,-12.16319,-76.94634
07/02/2026,0752-CHORRILLOS,AYX-907,6414137,ESCOBAR PUQUIO HENRY EDER,,625,3025069488,59738,FRANKFURTER GASTRONOMIA 1KG BDT,1,18.39,CABANILLAS BALBOA LUIS FERNANDO,,VILLA MARIA DEL TRIUNFO,MCD SAN FRANCISCO PTO 54,-12.16319,-76.94634
07/02/2026,0752-CHORRILLOS,AYX-907,6414137,ESCOBAR PUQUIO HENRY EDER,,625,3025069488,59740,VIENESA 12CM PQ 5UN 175GR OK,3.5,73.9,CABANILLAS BALBOA LUIS FERNANDO,,VILLA MARIA DEL TRIUNFO,MCD SAN FRANCISCO PTO 54,-12.16319,-76.94634
07/02/2026,0752-CHORRILLOS,AYX-907,6414137,ESCOBAR PUQUIO HENRY EDER,,625,3025069488,59742,TOCINO CUL PQ 500GR 20GR 25LJ OK,6,169.46,CABANILLAS BALBOA LUIS FERNANDO,,VILLA MARIA DEL TRIUNFO,MCD SAN FRANCISCO PTO 54,-12.16319,-76.94634
07/02/2026,0752-CHORRILLOS,AYX-907,6414137,ESCOBAR PUQUIO HENRY EDER,,625,3025069488,59744,PASTEL DE JAMON PZA 2KG SEGO,2,30.53,CABANILLAS BALBOA LUIS FERNANDO,,VILLA MARIA DEL TRIUNFO,MCD SAN FRANCISCO PTO 54,-12.16319,-76.94634
07/02/2026,0752-CHORRILLOS,AYX-907,6414137,ESCOBAR PUQUIO HENRY EDER,,625,3025069488,59746,HOT DOG SALCHIP ROSA PQ 24U SEGO,9.2,63.05,CABANILLAS BALBOA LUIS FERNANDO,,VILLA MARIA DEL TRIUNFO,MCD SAN FRANCISCO PTO 54,-12.16319,-76.94634
07/02/2026,0752-CHORRILLOS,AYX-907,6414137,ESCOBAR PUQUIO HENRY EDER,,625,3025069488,59748,CHORIZO PLANCHERO CG PQ  2KG SEGO,2,28.92,CABANILLAS BALBOA LUIS FERNANDO,,VILLA MARIA DEL TRIUNFO,MCD SAN FRANCISCO PTO 54,-12.16319,-76.94634
07/02/2026,0752-CHORRILLOS,AYX-907,6414137,ESCOBAR PUQUIO HENRY EDER,,625,3025069488,59750,CHORIZO PREC PQ 0.5KG SEGO,4,69.39,CABANILLAS BALBOA LUIS FERNANDO,,VILLA MARIA DEL TRIUNFO,MCD SAN FRANCISCO PTO 54,-12.16319,-76.94634
07/02/2026,0752-CHORRILLOS,AYX-907,6414137,ESCOBAR PUQUIO HENRY EDER,,625,3025069488,59752,CHORIZO PARRI PREC 2U 140GR BDT,1.4,27.86,CABANILLAS BALBOA LUIS FERNANDO,,VILLA MARIA DEL TRIUNFO,MCD SAN FRANCISCO PTO 54,-12.16319,-76.94634
07/02/2026,0752-CHORRILLOS,AYX-907,11597663,ROCIO CHAVEZ CARDENAS,,625,3025080074,61112,CABANOSSI 25G BDT,0.5,31.4,CABANILLAS BALBOA LUIS FERNANDO,,VILLA MARIA DEL TRIUNFO,MCDO SAN FRANCISCO PTO 53,-12.16324,-76.94661
07/02/2026,0752-CHORRILLOS,AYX-907,11597663,ROCIO CHAVEZ CARDENAS,,625,3025080074,61114,CHORIZO PARRI PREC 500GR BDT,12,233.16,CABANILLAS BALBOA LUIS FERNANDO,,VILLA MARIA DEL TRIUNFO,MCDO SAN FRANCISCO PTO 53,-12.16324,-76.94661
07/02/2026,0752-CHORRILLOS,AYX-907,11597663,ROCIO CHAVEZ CARDENAS,,625,3025080074,61116,HOT DOG SALCH NARANJA 24U 920GR SEGO -D,4.6,31.53,CABANILLAS BALBOA LUIS FERNANDO,,VILLA MARIA DEL TRIUNFO,MCDO SAN FRANCISCO PTO 53,-12.16324,-76.94661
07/02/2026,0752-CHORRILLOS,AYX-907,11597663,ROCIO CHAVEZ CARDENAS,,625,3025080074,61118,SALCHICHA HUACHO 150GR BDT,0.6,15.6,CABANILLAS BALBOA LUIS FERNANDO,,VILLA MARIA DEL TRIUNFO,MCDO SAN FRANCISCO PTO 53,-12.16324,-76.94661
07/02/2026,0752-CHORRILLOS,AYX-907,11597663,ROCIO CHAVEZ CARDENAS,,625,3025080074,61120,VIENESA AHUMADA 1KG SEGO,3,28.65,CABANILLAS BALBOA LUIS FERNANDO,,VILLA MARIA DEL TRIUNFO,MCDO SAN FRANCISCO PTO 53,-12.16324,-76.94661
07/02/2026,0752-CHORRILLOS,AYX-907,11597663,ROCIO CHAVEZ CARDENAS,,625,3025080074,61122,BOLA TIPO MOZZARELLA X 200G BDT,1.2,39.95,CABANILLAS BALBOA LUIS FERNANDO,,VILLA MARIA DEL TRIUNFO,MCDO SAN FRANCISCO PTO 53,-12.16324,-76.94661
07/02/2026,0752-CHORRILLOS,AYX-907,11597663,ROCIO CHAVEZ CARDENAS,,625,3025080074,61124,SALCH VIENESA ESP PQ 10UN 500GR OK,10,101.68,CABANILLAS BALBOA LUIS FERNANDO,,VILLA MARIA DEL TRIUNFO,MCDO SAN FRANCISCO PTO 53,-12.16324,-76.94661
07/02/2026,0752-CHORRILLOS,AYX-907,11597663,ROCIO CHAVEZ CARDENAS,,625,3025080074,61126,VIENESA 12CM PQ 5UN 175GR OK,2.63,55.43,CABANILLAS BALBOA LUIS FERNANDO,,VILLA MARIA DEL TRIUNFO,MCDO SAN FRANCISCO PTO 53,-12.16324,-76.94661
07/02/2026,0752-CHORRILLOS,AYX-907,11597663,ROCIO CHAVEZ CARDENAS,,625,3025080074,61128,CHORIZO PARRILLERO PQ 4UN 400GR OK,0.8,28.14,CABANILLAS BALBOA LUIS FERNANDO,,VILLA MARIA DEL TRIUNFO,MCDO SAN FRANCISCO PTO 53,-12.16324,-76.94661
07/02/2026,0752-CHORRILLOS,AYX-907,11597663,ROCIO CHAVEZ CARDENAS,,625,3025080074,61130,TOCINO CUL PQ 500GR 20GR 25LJ OK,6,169.46,CABANILLAS BALBOA LUIS FERNANDO,,VILLA MARIA DEL TRIUNFO,MCDO SAN FRANCISCO PTO 53,-12.16324,-76.94661
07/02/2026,0752-CHORRILLOS,AYX-907,11597663,ROCIO CHAVEZ CARDENAS,,625,3025080074,61132,TOCINO AHUMADO 100GR OK,0.5,29.49,CABANILLAS BALBOA LUIS FERNANDO,,VILLA MARIA DEL TRIUNFO,MCDO SAN FRANCISCO PTO 53,-12.16324,-76.94661
07/02/2026,0752-CHORRILLOS,AYX-907,11597663,ROCIO CHAVEZ CARDENAS,,625,3025080074,61134,SUPER HAMBURG POLLO PQ 1.008KG SEGO,3.02,26.86,CABANILLAS BALBOA LUIS FERNANDO,,VILLA MARIA DEL TRIUNFO,MCDO SAN FRANCISCO PTO 53,-12.16324,-76.94661
07/02/2026,0752-CHORRILLOS,AYX-907,11597663,ROCIO CHAVEZ CARDENAS,,625,3025080074,61136,CHORIZO PARRI PREC 2U 140GR BDT,1.4,27.86,CABANILLAS BALBOA LUIS FERNANDO,,VILLA MARIA DEL TRIUNFO,MCDO SAN FRANCISCO PTO 53,-12.16324,-76.94661
07/02/2026,0752-CHORRILLOS,AYX-907,11597663,ROCIO CHAVEZ CARDENAS,,625,3025080074,61138,CHORIZO FINAS HIERBAS 0.5 KG SEGO,1.5,26.26,CABANILLAS BALBOA LUIS FERNANDO,,VILLA MARIA DEL TRIUNFO,MCDO SAN FRANCISCO PTO 53,-12.16324,-76.94661
07/02/2026,0752-CHORRILLOS,AYX-907,11597663,ROCIO CHAVEZ CARDENAS,,625,3025080075,61140,HOT DOG SALCHIP ROSA PQ 24U SEGO,5.52,37.83,CABANILLAS BALBOA LUIS FERNANDO,,VILLA MARIA DEL TRIUNFO,MCDO SAN FRANCISCO PTO 53,-12.16324,-76.94661
07/02/2026,0752-CHORRILLOS,AYX-907,11597663,ROCIO CHAVEZ CARDENAS,,625,3025080075,61142,CABANOSSI UN 25GR 0.026KG SEGO,0.16,8.81,CABANILLAS BALBOA LUIS FERNANDO,,VILLA MARIA DEL TRIUNFO,MCDO SAN FRANCISCO PTO 53,-12.16324,-76.94661
07/02/2026,0752-CHORRILLOS,AYX-907,11597663,ROCIO CHAVEZ CARDENAS,,625,3025080075,61144,CHORIZO FINAS HIERBAS 0.5 KG SEGO,1.5,26.26,CABANILLAS BALBOA LUIS FERNANDO,,VILLA MARIA DEL TRIUNFO,MCDO SAN FRANCISCO PTO 53,-12.16324,-76.94661
07/02/2026,0752-CHORRILLOS,AYX-907,11639387,ROJAS TORRES LORENZA,,625,3025076408,60582,CHORIZO PARRI PREC 500GR BDT,2,40.55,CABANILLAS BALBOA LUIS FERNANDO,,VILLA MARIA DEL TRIUNFO,MCD SAN FRANCISCO PTO 51,-12.16323,-76.9467
07/02/2026,0752-CHORRILLOS,AYX-907,11639387,ROJAS TORRES LORENZA,,625,3025076408,60584,JAMONADA LONCH 3KG AP BDT,3,48.92,CABANILLAS BALBOA LUIS FERNANDO,,VILLA MARIA DEL TRIUNFO,MCD SAN FRANCISCO PTO 51,-12.16323,-76.9467
07/02/2026,0752-CHORRILLOS,AYX-907,11639387,ROJAS TORRES LORENZA,,625,3025076408,60586,PIZZERO 3KG SEGO,24,214.42,CABANILLAS BALBOA LUIS FERNANDO,,VILLA MARIA DEL TRIUNFO,MCD SAN FRANCISCO PTO 51,-12.16323,-76.9467
07/02/2026,0752-CHORRILLOS,AYX-907,11639387,ROJAS TORRES LORENZA,,625,3025076408,60588,CHORIZO PARRI PREC 2U 140GR BDT,1.4,27.86,CABANILLAS BALBOA LUIS FERNANDO,,VILLA MARIA DEL TRIUNFO,MCD SAN FRANCISCO PTO 51,-12.16323,-76.9467
07/02/2026,0752-CHORRILLOS,AYX-907,11688364,RUIZ SOLLER LUIS ALBERTO,,625,3025088232,61970,HOT DOG TRADICIONAL 200GR BDT,1.2,18.3,CABANILLAS BALBOA LUIS FERNANDO,,VILLA MARIA DEL TRIUNFO,MCDO SAN FRANCISCO PTO 47,-12.16313,-76.94668
07/02/2026,0752-CHORRILLOS,AYX-907,11688364,RUIZ SOLLER LUIS ALBERTO,,625,3025088232,61972,CHORIZO FINAS HIERBAS 960 GR SEGO,5.76,59.98,CABANILLAS BALBOA LUIS FERNANDO,,VILLA MARIA DEL TRIUNFO,MCDO SAN FRANCISCO PTO 47,-12.16313,-76.94668
07/02/2026,0752-CHORRILLOS,AYX-907,11688364,RUIZ SOLLER LUIS ALBERTO,,625,3025088232,61974,PACK SUPER CHORIZO PREC80GX6PZA SEGO,0.96,13.26,CABANILLAS BALBOA LUIS FERNANDO,,VILLA MARIA DEL TRIUNFO,MCDO SAN FRANCISCO PTO 47,-12.16313,-76.94668
07/02/2026,0752-CHORRILLOS,AYX-907,11688364,RUIZ SOLLER LUIS ALBERTO,,625,3025088232,61976,SALCHICHA DE POLLO 200G SEGO,1.2,10.88,CABANILLAS BALBOA LUIS FERNANDO,,VILLA MARIA DEL TRIUNFO,MCDO SAN FRANCISCO PTO 47,-12.16313,-76.94668
07/02/2026,0752-CHORRILLOS,AYX-907,11688364,RUIZ SOLLER LUIS ALBERTO,,625,3025088232,61978,TOCINO CUL PQ 500GR 20GR 25LJ OK,6,169.46,CABANILLAS BALBOA LUIS FERNANDO,,VILLA MARIA DEL TRIUNFO,MCDO SAN FRANCISCO PTO 47,-12.16313,-76.94668
07/02/2026,0752-CHORRILLOS,AYX-907,11688364,RUIZ SOLLER LUIS ALBERTO,,625,3025088232,61980,CHORIZO PREC PQ 0.5KG SEGO,4,69.39,CABANILLAS BALBOA LUIS FERNANDO,,VILLA MARIA DEL TRIUNFO,MCDO SAN FRANCISCO PTO 47,-12.16313,-76.94668
07/02/2026,0752-CHORRILLOS,AYX-907,11688364,RUIZ SOLLER LUIS ALBERTO,,625,3025088232,61982,CHORIZO FINAS HIERBAS 0.5 KG SEGO,1.5,26.26,CABANILLAS BALBOA LUIS FERNANDO,,VILLA MARIA DEL TRIUNFO,MCDO SAN FRANCISCO PTO 47,-12.16313,-76.94668
07/02/2026,0752-CHORRILLOS,AYX-907,11636553,MOGOLLON GARCIA JOSE,,625,3025033741,57858,CHORIZO PARRI PREC 500GR BDT,5,100.11,CABANILLAS BALBOA LUIS FERNANDO,,VILLA MARIA DEL TRIUNFO,MCDO SAN FRANCISCO PTO 48,-12.16304,-76.94666
07/02/2026,0752-CHORRILLOS,AYX-907,11636553,MOGOLLON GARCIA JOSE,,625,3025033741,57860,SALCHICHA HUACHO 150GR BDT,1.5,39,CABANILLAS BALBOA LUIS FERNANDO,,VILLA MARIA DEL TRIUNFO,MCDO SAN FRANCISCO PTO 48,-12.16304,-76.94666
07/02/2026,0752-CHORRILLOS,AYX-907,11636553,MOGOLLON GARCIA JOSE,,625,3025033741,57862,PACK CHORIZOS COCKTAIL GOURMET 370G OK,1.11,43.5,CABANILLAS BALBOA LUIS FERNANDO,,VILLA MARIA DEL TRIUNFO,MCDO SAN FRANCISCO PTO 48,-12.16304,-76.94666
07/02/2026,0752-CHORRILLOS,AYX-907,11636553,MOGOLLON GARCIA JOSE,,625,3025033741,57864,SUP CHORIZO PREC 12U 960GR SEGO,19.2,169.86,CABANILLAS BALBOA LUIS FERNANDO,,VILLA MARIA DEL TRIUNFO,MCDO SAN FRANCISCO PTO 48,-12.16304,-76.94666
07/02/2026,0752-CHORRILLOS,AYX-907,11636553,MOGOLLON GARCIA JOSE,,625,3025033741,57866,JAMONADA ESPECIAL PZ 3KG OK,9,196.25,CABANILLAS BALBOA LUIS FERNANDO,,VILLA MARIA DEL TRIUNFO,MCDO SAN FRANCISCO PTO 48,-12.16304,-76.94666
07/02/2026,0752-CHORRILLOS,AYX-907,11636553,MOGOLLON GARCIA JOSE,,625,3025033741,57868,JAMONADA POLACA PZ 3KG OK,6,143.8,CABANILLAS BALBOA LUIS FERNANDO,,VILLA MARIA DEL TRIUNFO,MCDO SAN FRANCISCO PTO 48,-12.16304,-76.94666
07/02/2026,0752-CHORRILLOS,AYX-907,11636553,MOGOLLON GARCIA JOSE,,625,3025033741,57870,VIENESA 12CM PQ 5UN 175GR OK,8.75,184.75,CABANILLAS BALBOA LUIS FERNANDO,,VILLA MARIA DEL TRIUNFO,MCDO SAN FRANCISCO PTO 48,-12.16304,-76.94666
07/02/2026,0752-CHORRILLOS,AYX-907,11636553,MOGOLLON GARCIA JOSE,,625,3025033741,57872,SALCH HUACHO UN 0.25KG SEGO,1.25,21.12,CABANILLAS BALBOA LUIS FERNANDO,,VILLA MARIA DEL TRIUNFO,MCDO SAN FRANCISCO PTO 48,-12.16304,-76.94666
07/02/2026,0752-CHORRILLOS,AYX-907,11636553,MOGOLLON GARCIA JOSE,,625,3025033741,57874,RELLENO UN 0.5KG SEGO,1.5,19.67,CABANILLAS BALBOA LUIS FERNANDO,,VILLA MARIA DEL TRIUNFO,MCDO SAN FRANCISCO PTO 48,-12.16304,-76.94666
07/02/2026,0752-CHORRILLOS,AYX-907,11636553,MOGOLLON GARCIA JOSE,,625,3025033741,57876,COSTILLA AHUM BLS 2KG SEGO,6,133.46,CABANILLAS BALBOA LUIS FERNANDO,,VILLA MARIA DEL TRIUNFO,MCDO SAN FRANCISCO PTO 48,-12.16304,-76.94666
07/02/2026,0752-CHORRILLOS,AYX-907,11636553,MOGOLLON GARCIA JOSE,,625,3025033741,57878,CHORIZO PARRI PREC 2U 140GR BDT,4.2,83.58,CABANILLAS BALBOA LUIS FERNANDO,,VILLA MARIA DEL TRIUNFO,MCDO SAN FRANCISCO PTO 48,-12.16304,-76.94666
07/02/2026,0752-CHORRILLOS,AYX-907,11636553,MOGOLLON GARCIA JOSE,,625,3025101425,62854,HAMBURG DE RES PQ 8UN 85GR OK,5.44,145.69,CABANILLAS BALBOA LUIS FERNANDO,,VILLA MARIA DEL TRIUNFO,MCDO SAN FRANCISCO PTO 48,-12.16304,-76.94666
07/02/2026,0752-CHORRILLOS,AYX-907,11743823,GUTIERREZ MARTINEZ SANDY CAROL,,624,3025074935,60436,CABANOSSI AL VACIO 24U 600GR BDT,0.6,37.91,CABANILLAS BALBOA LUIS FERNANDO,,VILLA EL SALVADOR,PLAYA VENECIA MZ B LT 01  COSTADO P,-12.22699,-76.97361
07/02/2026,0752-CHORRILLOS,AYX-907,11743823,GUTIERREZ MARTINEZ SANDY CAROL,,624,3025074935,60438,QUESO FUNDIDO SABOR CHEDDAR 170GR BDT,0.17,0,CABANILLAS BALBOA LUIS FERNANDO,,VILLA EL SALVADOR,PLAYA VENECIA MZ B LT 01  COSTADO P,-12.22699,-76.97361
07/02/2026,0752-CHORRILLOS,AYX-907,11743823,GUTIERREZ MARTINEZ SANDY CAROL,,624,3025074935,60440,PACK SUPER CHORIZO PREC80GX6PZA SEGO,0.96,12.84,CABANILLAS BALBOA LUIS FERNANDO,,VILLA EL SALVADOR,PLAYA VENECIA MZ B LT 01  COSTADO P,-12.22699,-76.97361
07/02/2026,0752-CHORRILLOS,AYX-907,11743823,GUTIERREZ MARTINEZ SANDY CAROL,,624,3025074935,60442,PACK JAMONADA DE POLLO 80GX6PZA SEGO,0.96,10.92,CABANILLAS BALBOA LUIS FERNANDO,,VILLA EL SALVADOR,PLAYA VENECIA MZ B LT 01  COSTADO P,-12.22699,-76.97361
07/02/2026,0752-CHORRILLOS,AYX-907,11743823,GUTIERREZ MARTINEZ SANDY CAROL,,624,3025074935,60444,JAMON PIZZA PQ 100GR 6LJ OK,0.6,17.32,CABANILLAS BALBOA LUIS FERNANDO,,VILLA EL SALVADOR,PLAYA VENECIA MZ B LT 01  COSTADO P,-12.22699,-76.97361
07/02/2026,0752-CHORRILLOS,AYX-907,11743823,GUTIERREZ MARTINEZ SANDY CAROL,,624,3025074935,60446,VIENESA 12CM PQ 5UN 175GR OK,1.05,22.63,CABANILLAS BALBOA LUIS FERNANDO,,VILLA EL SALVADOR,PLAYA VENECIA MZ B LT 01  COSTADO P,-12.22699,-76.97361
07/02/2026,0752-CHORRILLOS,AYX-907,11746965,ALZOLAR LEON JULIO CESAR,PIZZAS Y PASTAS JBM,718,3025072300,60062,TOCINO CUL PQ 500GR 20GR 25LJ OK,10,204,CABANILLAS BALBOA LUIS FERNANDO,,VILLA EL SALVADOR,MZ E1 LT 35 SEC 1 ET 4,-12.22376,-76.92319
07/02/2026,0752-CHORRILLOS,AYX-907,11749228,CORPORACION ELC CHICKENS EIRL,,718,3025079660,61062,CHORIZO PARRI PREC 500GR BDT,19,351.5,CABANILLAS BALBOA LUIS FERNANDO,,VILLA MARIA DEL TRIUNFO,AV 27 DE DICIEMBRE TABLADA DE LURIN,-12.18769,-76.92547
07/02/2026,0752-CHORRILLOS,AYX-907,11735868,KAMILA SERVICIO ALIMENTARIO SA,,716,3025074790,60424,QUESO CREMA  1.9KG PHILADELPHIA,15.2,646,CABANILLAS BALBOA LUIS FERNANDO,,VILLA EL SALVADOR,MZ A  LT 16 SEC 3 GRUPO 22  CRUCE A,-12.22514,-76.94022
07/02/2026,0752-CHORRILLOS,AYX-907,11745979,NEGOCIOS DE ENTRETENIMIENTO NE,,718,3025074400,60352,SUPER TOCINO AHUMADO SEGO 500GR,2,35.16,CABANILLAS BALBOA LUIS FERNANDO,,VILLA EL SALVADOR,GRPO 8 MZ I LT 20 INT 5 SEC 3,-12.2164,-76.93475
07/02/2026,0752-CHORRILLOS,AYX-907,11745979,NEGOCIOS DE ENTRETENIMIENTO NE,,718,3025074400,60354,CHO FINAS HIERBAS CUL 83G 0.5KG BDT,6,132,CABANILLAS BALBOA LUIS FERNANDO,,VILLA EL SALVADOR,GRPO 8 MZ I LT 20 INT 5 SEC 3,-12.2164,-76.93475
07/02/2026,0752-CHORRILLOS,AYX-907,11704818,NEWREST PERU SAC,UNACEM,714,3025017485,57702,PCH POL SH SP BR 2U CG CJ 15KG AP PERDIX,75,978.75,CABANILLAS BALBOA LUIS FERNANDO,,VILLA MARIA DEL TRIUNFO,AV ATOCONGO 2440 URB JOSE GALVEZ,-12.19236,-76.90885
07/02/2026,0752-CHORRILLOS,AYX-907,11716507,D'ABBRUZZO FRANCESCO,,718,3025095619,62346,JAMON PIZZERO 500GR BDT,1,18.42,CABANILLAS BALBOA LUIS FERNANDO,,VILLA EL SALVADOR,SECT 3 GRUPO 14 MZ M3 LT 23,-12.21757,-76.93734
07/02/2026,0752-CHORRILLOS,AYX-907,11716507,D'ABBRUZZO FRANCESCO,,718,3025095619,62348,PEPPERONI 500GR AP BDT,1,77,CABANILLAS BALBOA LUIS FERNANDO,,VILLA EL SALVADOR,SECT 3 GRUPO 14 MZ M3 LT 23,-12.21757,-76.93734
07/02/2026,0752-CHORRILLOS,AYX-907,11716507,D'ABBRUZZO FRANCESCO,,718,3025095619,62350,QUESO CREMA PHILADELP BRICK 180GR KRAFT,0.54,30.63,CABANILLAS BALBOA LUIS FERNANDO,,VILLA EL SALVADOR,SECT 3 GRUPO 14 MZ M3 LT 23,-12.21757,-76.93734
07/02/2026,0752-CHORRILLOS,AYX-907,11716507,D'ABBRUZZO FRANCESCO,,718,3025095619,62352,SUP CHORIZO PREC PQ 10U 0.8KG SEGO,1.6,23.02,CABANILLAS BALBOA LUIS FERNANDO,,VILLA EL SALVADOR,SECT 3 GRUPO 14 MZ M3 LT 23,-12.21757,-76.93734
07/02/2026,0752-CHORRILLOS,AYX-907,11758763,TERRA ORGANICO SAC,,718,3025046049,58016,PECHUGA POLLO SH SP BR 6U CG CJ 12KG MT,12,133.2,CABANILLAS BALBOA LUIS FERNANDO,,VILLA EL SALVADOR,MZ B LT 16 SEC 6 GRUPO 11,-12.19221,-76.95285
07/02/2026,0752-CHORRILLOS,AYX-907,11635040,SURICHAQUI MANRIQUE NATIVIDAD,,626,3025087011,61872,SUP CHORIZO PREC 12U 960GR SEGO,67.2,575.74,CABANILLAS BALBOA LUIS FERNANDO,,VILLA MARIA DEL TRIUNFO,JR.SANTOS CHOCANO 107,-12.15375,-76.95259
07/02/2026,0752-CHORRILLOS,AYX-907,11635040,SURICHAQUI MANRIQUE NATIVIDAD,,626,3025087011,61874,TOCINO ESP AHUMADO 2KG AP SEGO,12,298.91,CABANILLAS BALBOA LUIS FERNANDO,,VILLA MARIA DEL TRIUNFO,JR.SANTOS CHOCANO 107,-12.15375,-76.95259
07/02/2026,0752-CHORRILLOS,AYX-907,11635040,SURICHAQUI MANRIQUE NATIVIDAD,,626,3025087011,61876,HOT DOG SALCHIP ROSA PQ 24U SEGO,46,315.25,CABANILLAS BALBOA LUIS FERNANDO,,VILLA MARIA DEL TRIUNFO,JR.SANTOS CHOCANO 107,-12.15375,-76.95259
07/02/2026,0752-CHORRILLOS,AYX-907,11635040,SURICHAQUI MANRIQUE NATIVIDAD,,626,3025087011,61878,CHORIZO PARRI PREC 2U 140GR BDT,2.1,41.79,CABANILLAS BALBOA LUIS FERNANDO,,VILLA MARIA DEL TRIUNFO,JR.SANTOS CHOCANO 107,-12.15375,-76.95259
07/02/2026,0752-CHORRILLOS,AYX-907,11704581,QUISPE PALOMINO JACINTO,,626,3025088209,61956,VIENESA AHUMADA 1KG SEGO,20,183.74,CABANILLAS BALBOA LUIS FERNANDO,,VILLA MARIA DEL TRIUNFO,JR SANTOS CHOCANO 120,-12.15356,-76.9528
07/02/2026,0752-CHORRILLOS,AYX-907,11704581,QUISPE PALOMINO JACINTO,,626,3025088209,61958,JAMON DE PAIS 1.6KG AP SEGO,3.2,59.29,CABANILLAS BALBOA LUIS FERNANDO,,VILLA MARIA DEL TRIUNFO,JR SANTOS CHOCANO 120,-12.15356,-76.9528
07/02/2026,0752-CHORRILLOS,AYX-907,11604219,TOMASA QUISPE SUMA,,626,3025021444,57738,COSTILLA AHUM BLS 2KG SEGO,2,45.39,CABANILLAS BALBOA LUIS FERNANDO,,VILLA MARIA DEL TRIUNFO,AV MARIATEGUI 960,-12.15378,-76.95212
07/02/2026,0752-CHORRILLOS,AYX-907,11605381,DEMOFILO MARIN BLANCO,,626,3025060392,58632,VIENESA AHUMADA 1KG SEGO,10,95.5,CABANILLAS BALBOA LUIS FERNANDO,,VILLA MARIA DEL TRIUNFO,AV. MARIATEGUI NRO 960 (FRENTE MCDO,-12.15374,-76.95211
07/02/2026,0752-CHORRILLOS,AYX-907,11605381,DEMOFILO MARIN BLANCO,,626,3025060392,58634,SUP CHORIZO PREC 12U 960GR SEGO,11.52,102.77,CABANILLAS BALBOA LUIS FERNANDO,,VILLA MARIA DEL TRIUNFO,AV. MARIATEGUI NRO 960 (FRENTE MCDO,-12.15374,-76.95211
07/02/2026,0752-CHORRILLOS,AYX-907,11605381,DEMOFILO MARIN BLANCO,,626,3025060392,58636,CHORIZO FINAS HIERBAS 960 GR SEGO,11.52,119.96,CABANILLAS BALBOA LUIS FERNANDO,,VILLA MARIA DEL TRIUNFO,AV. MARIATEGUI NRO 960 (FRENTE MCDO,-12.15374,-76.95211
07/02/2026,0752-CHORRILLOS,AYX-907,11605381,DEMOFILO MARIN BLANCO,,626,3025060392,58638,PASTEL DE JAMON PZA 2KG SEGO,2,30.53,CABANILLAS BALBOA LUIS FERNANDO,,VILLA MARIA DEL TRIUNFO,AV. MARIATEGUI NRO 960 (FRENTE MCDO,-12.15374,-76.95211
07/02/2026,0752-CHORRILLOS,AYX-907,11605381,DEMOFILO MARIN BLANCO,,626,3025060392,58640,MORTADELA PZ 2KG SEGO,2,26.6,CABANILLAS BALBOA LUIS FERNANDO,,VILLA MARIA DEL TRIUNFO,AV. MARIATEGUI NRO 960 (FRENTE MCDO,-12.15374,-76.95211
07/02/2026,0752-CHORRILLOS,AYX-907,11605381,DEMOFILO MARIN BLANCO,,626,3025060392,58642,CABANOSSI UN 25GR 0.026KG SEGO,0.52,29.36,CABANILLAS BALBOA LUIS FERNANDO,,VILLA MARIA DEL TRIUNFO,AV. MARIATEGUI NRO 960 (FRENTE MCDO,-12.15374,-76.95211
07/02/2026,0752-CHORRILLOS,AYX-907,11605381,DEMOFILO MARIN BLANCO,,626,3025060392,58644,PEPERONI PQ 0.5KG SEGO,1,24.12,CABANILLAS BALBOA LUIS FERNANDO,,VILLA MARIA DEL TRIUNFO,AV. MARIATEGUI NRO 960 (FRENTE MCDO,-12.15374,-76.95211
07/02/2026,0752-CHORRILLOS,AYX-907,11605381,DEMOFILO MARIN BLANCO,,626,3025060392,58646,CHORIZO PARRI PREC 2U 140GR BDT,1.68,33.43,CABANILLAS BALBOA LUIS FERNANDO,,VILLA MARIA DEL TRIUNFO,AV. MARIATEGUI NRO 960 (FRENTE MCDO,-12.15374,-76.95211
07/02/2026,0752-CHORRILLOS,AYX-907,6351993,SANDOVAL LOPEZ NELLY NORMA,,626,3025074385,60332,PACK JAMON Y QUESO 370GR BDT,2.96,80.17,CABANILLAS BALBOA LUIS FERNANDO,,VILLA MARIA DEL TRIUNFO,AV JC MARIATEGUI 960,-12.15368,-76.95202
07/02/2026,0752-CHORRILLOS,AYX-907,6351993,SANDOVAL LOPEZ NELLY NORMA,,626,3025074385,60334,QUESO CREMA PHILADELP BRICK 180GR KRAFT,4.68,228.44,CABANILLAS BALBOA LUIS FERNANDO,,VILLA MARIA DEL TRIUNFO,AV JC MARIATEGUI 960,-12.15368,-76.95202
07/02/2026,0752-CHORRILLOS,AYX-907,6351993,SANDOVAL LOPEZ NELLY NORMA,,626,3025074385,60336,SUP CHORIZO PREC 12U 960GR SEGO,3.84,36.48,CABANILLAS BALBOA LUIS FERNANDO,,VILLA MARIA DEL TRIUNFO,AV JC MARIATEGUI 960,-12.15368,-76.95202
07/02/2026,0752-CHORRILLOS,AYX-907,6351993,SANDOVAL LOPEZ NELLY NORMA,,626,3025074385,60338,BOLA TIPO MOZZARELLA X 200G BDT,0.8,27.18,CABANILLAS BALBOA LUIS FERNANDO,,VILLA MARIA DEL TRIUNFO,AV JC MARIATEGUI 960,-12.15368,-76.95202
07/02/2026,0752-CHORRILLOS,AYX-907,6351993,SANDOVAL LOPEZ NELLY NORMA,,626,3025074385,60340,QUESO FUNDIDO SABOR CHEDDAR 170GR BDT,0.34,0,CABANILLAS BALBOA LUIS FERNANDO,,VILLA MARIA DEL TRIUNFO,AV JC MARIATEGUI 960,-12.15368,-76.95202
07/02/2026,0752-CHORRILLOS,AYX-907,6351993,SANDOVAL LOPEZ NELLY NORMA,,626,3025074385,60342,VIENESA 12CM PQ 5UN 175GR OK,2.1,45.25,CABANILLAS BALBOA LUIS FERNANDO,,VILLA MARIA DEL TRIUNFO,AV JC MARIATEGUI 960,-12.15368,-76.95202
07/02/2026,0752-CHORRILLOS,AYX-907,11740641,LUDEÑA BERMUDO HECTOR,,718,3025062990,58944,CHORIZO PARRI PREC 500GR BDT,1,22,CABANILLAS BALBOA LUIS FERNANDO,,VILLA MARIA DEL TRIUNFO,CA MARIATEGUI 2185,-12.14394,-76.94982
07/02/2026,0752-CHORRILLOS,AYX-907,11740449,CORPORACION LI SAC,,626,3025068452,59562,CABANOSSI AL VACIO 24U 600GR BDT,0.6,37.91,CABANILLAS BALBOA LUIS FERNANDO,,VILLA MARIA DEL TRIUNFO,AV JOSE OLAYA MZ A166 LT 18 JCM SCT,-12.1432,-76.94424
07/02/2026,0752-CHORRILLOS,AYX-907,11740449,CORPORACION LI SAC,,626,3025068452,59564,TOCINO AHUMADO 80GR BDT,0.64,33.03,CABANILLAS BALBOA LUIS FERNANDO,,VILLA MARIA DEL TRIUNFO,AV JOSE OLAYA MZ A166 LT 18 JCM SCT,-12.1432,-76.94424
07/02/2026,0752-CHORRILLOS,AYX-907,11740449,CORPORACION LI SAC,,626,3025068452,59566,JAMONADA POLLO 100GR BDT,1.2,28.74,CABANILLAS BALBOA LUIS FERNANDO,,VILLA MARIA DEL TRIUNFO,AV JOSE OLAYA MZ A166 LT 18 JCM SCT,-12.1432,-76.94424
07/02/2026,0752-CHORRILLOS,AYX-907,11740449,CORPORACION LI SAC,,626,3025068452,59568,HOT DOG SALCH NARANJA 24U 920GR SEGO -D,11.04,80.93,CABANILLAS BALBOA LUIS FERNANDO,,VILLA MARIA DEL TRIUNFO,AV JOSE OLAYA MZ A166 LT 18 JCM SCT,-12.1432,-76.94424
07/02/2026,0752-CHORRILLOS,AYX-907,11740449,CORPORACION LI SAC,,626,3025068452,59570,PACK JAMON Y QUESO 370GR BDT,4.44,120.25,CABANILLAS BALBOA LUIS FERNANDO,,VILLA MARIA DEL TRIUNFO,AV JOSE OLAYA MZ A166 LT 18 JCM SCT,-12.1432,-76.94424
07/02/2026,0752-CHORRILLOS,AYX-907,11740449,CORPORACION LI SAC,,626,3025068452,59572,SALCHICHA HUACHO 150GR BDT,1.5,35.84,CABANILLAS BALBOA LUIS FERNANDO,,VILLA MARIA DEL TRIUNFO,AV JOSE OLAYA MZ A166 LT 18 JCM SCT,-12.1432,-76.94424
07/02/2026,0752-CHORRILLOS,AYX-907,11740449,CORPORACION LI SAC,,626,3025068452,59574,QUESO CREMA PHILADELP BRICK 180GR KRAFT,2.16,105.44,CABANILLAS BALBOA LUIS FERNANDO,,VILLA MARIA DEL TRIUNFO,AV JOSE OLAYA MZ A166 LT 18 JCM SCT,-12.1432,-76.94424
07/02/2026,0752-CHORRILLOS,AYX-907,11740449,CORPORACION LI SAC,,626,3025068452,59576,VIENESA AHUMADA 1KG SEGO,12,167.88,CABANILLAS BALBOA LUIS FERNANDO,,VILLA MARIA DEL TRIUNFO,AV JOSE OLAYA MZ A166 LT 18 JCM SCT,-12.1432,-76.94424
07/02/2026,0752-CHORRILLOS,AYX-907,11740449,CORPORACION LI SAC,,626,3025068452,59578,HOT DOG TRADICIONAL 200GR BDT,2.4,37.34,CABANILLAS BALBOA LUIS FERNANDO,,VILLA MARIA DEL TRIUNFO,AV JOSE OLAYA MZ A166 LT 18 JCM SCT,-12.1432,-76.94424
07/02/2026,0752-CHORRILLOS,AYX-907,11740449,CORPORACION LI SAC,,626,3025068452,59580,BOLA TIPO MOZZARELLA X 200G BDT,2.4,81.54,CABANILLAS BALBOA LUIS FERNANDO,,VILLA MARIA DEL TRIUNFO,AV JOSE OLAYA MZ A166 LT 18 JCM SCT,-12.1432,-76.94424
07/02/2026,0752-CHORRILLOS,AYX-907,11740449,CORPORACION LI SAC,,626,3025068452,59582,PACK J PIZZA Y EDAM 340GR OK,4.08,120.72,CABANILLAS BALBOA LUIS FERNANDO,,VILLA MARIA DEL TRIUNFO,AV JOSE OLAYA MZ A166 LT 18 JCM SCT,-12.1432,-76.94424
07/02/2026,0752-CHORRILLOS,AYX-907,11740449,CORPORACION LI SAC,,626,3025068452,59584,PACK SUPER CHORIZO PREC80GX6PZA SEGO,0.96,12.84,CABANILLAS BALBOA LUIS FERNANDO,,VILLA MARIA DEL TRIUNFO,AV JOSE OLAYA MZ A166 LT 18 JCM SCT,-12.1432,-76.94424
07/02/2026,0752-CHORRILLOS,AYX-907,11740449,CORPORACION LI SAC,,626,3025068452,59586,PACK JAMONADA DE POLLO 80GX6PZA SEGO,0.96,10.92,CABANILLAS BALBOA LUIS FERNANDO,,VILLA MARIA DEL TRIUNFO,AV JOSE OLAYA MZ A166 LT 18 JCM SCT,-12.1432,-76.94424
07/02/2026,0752-CHORRILLOS,AYX-907,11740449,CORPORACION LI SAC,,626,3025068452,59588,PACK SALCHICHA DE POLLO 100GX 6PZA SEGO,1.2,11.84,CABANILLAS BALBOA LUIS FERNANDO,,VILLA MARIA DEL TRIUNFO,AV JOSE OLAYA MZ A166 LT 18 JCM SCT,-12.1432,-76.94424
07/02/2026,0752-CHORRILLOS,AYX-907,11740449,CORPORACION LI SAC,,626,3025068452,59590,SALCHICHA DE POLLO 200G SEGO,2.4,21.77,CABANILLAS BALBOA LUIS FERNANDO,,VILLA MARIA DEL TRIUNFO,AV JOSE OLAYA MZ A166 LT 18 JCM SCT,-12.1432,-76.94424
07/02/2026,0752-CHORRILLOS,AYX-907,11740449,CORPORACION LI SAC,,626,3025068452,59592,PACK JAMONADA Y EDAM 180GR BDT,2.16,60.14,CABANILLAS BALBOA LUIS FERNANDO,,VILLA MARIA DEL TRIUNFO,AV JOSE OLAYA MZ A166 LT 18 JCM SCT,-12.1432,-76.94424
07/02/2026,0752-CHORRILLOS,AYX-907,11740449,CORPORACION LI SAC,,626,3025068452,59594,JAMONADA ESP 100GR BDT,1.2,23.09,CABANILLAS BALBOA LUIS FERNANDO,,VILLA MARIA DEL TRIUNFO,AV JOSE OLAYA MZ A166 LT 18 JCM SCT,-12.1432,-76.94424
07/02/2026,0752-CHORRILLOS,AYX-907,11740449,CORPORACION LI SAC,,626,3025068452,59596,PACK COCKTAIL PQ 16UN 320G OK,0.96,36.65,CABANILLAS BALBOA LUIS FERNANDO,,VILLA MARIA DEL TRIUNFO,AV JOSE OLAYA MZ A166 LT 18 JCM SCT,-12.1432,-76.94424
07/02/2026,0752-CHORRILLOS,AYX-907,11740449,CORPORACION LI SAC,,626,3025068452,59598,PACK J AMERICANO Y EDAM 360GR SEGO,4.32,118.24,CABANILLAS BALBOA LUIS FERNANDO,,VILLA MARIA DEL TRIUNFO,AV JOSE OLAYA MZ A166 LT 18 JCM SCT,-12.1432,-76.94424
07/02/2026,0752-CHORRILLOS,AYX-907,11740449,CORPORACION LI SAC,,626,3025068452,59600,HOT DOG SALCHIP ROSA PQ 24U SEGO,11.04,80.95,CABANILLAS BALBOA LUIS FERNANDO,,VILLA MARIA DEL TRIUNFO,AV JOSE OLAYA MZ A166 LT 18 JCM SCT,-12.1432,-76.94424
07/02/2026,0752-CHORRILLOS,AYX-907,11740449,CORPORACION LI SAC,,626,3025068452,59602,CHORIZO PARRI PREC 2U 140GR BDT,1.68,32.07,CABANILLAS BALBOA LUIS FERNANDO,,VILLA MARIA DEL TRIUNFO,AV JOSE OLAYA MZ A166 LT 18 JCM SCT,-12.1432,-76.94424
07/02/2026,0752-CHORRILLOS,AYX-907,11740449,CORPORACION LI SAC,,626,3025068452,59604,PACK JAMON Y QUESO 157 GR SEGO,1.88,63.39,CABANILLAS BALBOA LUIS FERNANDO,,VILLA MARIA DEL TRIUNFO,AV JOSE OLAYA MZ A166 LT 18 JCM SCT,-12.1432,-76.94424
07/02/2026,0752-CHORRILLOS,AYX-907,11740449,CORPORACION LI SAC,,626,3025068452,59606,QUESO PARMESANO CU?A 0.15KG AP QKALAS,0.45,15.26,CABANILLAS BALBOA LUIS FERNANDO,,VILLA MARIA DEL TRIUNFO,AV JOSE OLAYA MZ A166 LT 18 JCM SCT,-12.1432,-76.94424
07/02/2026,0752-CHORRILLOS,AYX-936,11757662,DOÑA MARCE S A C,DOÑA MARCE,71B,3025020867,57730,CABANOSSI 150G CJ X 6 UND BDT,1.05,55.65,ESPINOZA LAZARO VICTOR CESAR,,LINCE,JR BELISARIO FLORES 777,-12.08306,-77.04276
07/02/2026,0752-CHORRILLOS,AYX-936,11712418,CORPORACION HAZZLO SAC,,719,3025084580,61648,MANTEQUILLA SIN SAL 1KG AP SIGMA FS,2,82.08,ESPINOZA LAZARO VICTOR CESAR,,LINCE,JR LEON VELARDE 510,-12.08293,-77.04011
07/02/2026,0752-CHORRILLOS,AYX-936,11712418,CORPORACION HAZZLO SAC,,719,3025084580,61650,PECH POLLO SH SP BR 6U CG CJ 12KG PERDIX,12,197.5,ESPINOZA LAZARO VICTOR CESAR,,LINCE,JR LEON VELARDE 510,-12.08293,-77.04011
07/02/2026,0752-CHORRILLOS,AYX-936,11712418,CORPORACION HAZZLO SAC,,719,3025084580,61652,QUESO CREMA  1.9KG PHILADELPHIA,3.8,161.5,ESPINOZA LAZARO VICTOR CESAR,,LINCE,JR LEON VELARDE 510,-12.08293,-77.04011
07/02/2026,0752-CHORRILLOS,AYX-936,11712418,CORPORACION HAZZLO SAC,,719,3025084580,61654,QUESO MANCHEGO DO3M 200GR MAESE MIGUEL,0.8,63.96,ESPINOZA LAZARO VICTOR CESAR,,LINCE,JR LEON VELARDE 510,-12.08293,-77.04011
07/02/2026,0752-CHORRILLOS,AYX-936,11748445,ALCCIMA SAC,ALCCIMA SAC,708,3025084310,61592,QUESO EDAM GAST 0.5KG BRAEDT A,5,152.5,ESPINOZA LAZARO VICTOR CESAR,,JESUS MARIA,JR DOMINGO CUETO SN,-12.08011,-77.03946
07/02/2026,0752-CHORRILLOS,AYX-936,11605832,PANESI SAC,,627,3025078980,60964,JAMON PIZZERO 3.8KG AP BDT,3.8,72.51,ESPINOZA LAZARO VICTOR CESAR,,LIMA,AV PETIT THOUARS NRO 1499,-12.07935,-77.034
07/02/2026,0752-CHORRILLOS,AYX-936,11605832,PANESI SAC,,627,3025078980,60966,JAMON DEL PAIS 3.3KG SEGO,3.3,69.98,ESPINOZA LAZARO VICTOR CESAR,,LIMA,AV PETIT THOUARS NRO 1499,-12.07935,-77.034
07/02/2026,0752-CHORRILLOS,AYX-936,11752071,BAUTISTA BAUTISTA JESSICA FLOR,,627,3025021462,57740,JAMON PIZZERO 3.8KG AP BDT,3.8,72.51,ESPINOZA LAZARO VICTOR CESAR,,LINCE,AV CARLOS ARRIETA 1469A,-12.07869,-77.03172
07/02/2026,0752-CHORRILLOS,AYX-936,11752071,BAUTISTA BAUTISTA JESSICA FLOR,,627,3025021462,57742,TOCINO AHUMADO 80GR BDT,0.16,8.26,ESPINOZA LAZARO VICTOR CESAR,,LINCE,AV CARLOS ARRIETA 1469A,-12.07869,-77.03172
07/02/2026,0752-CHORRILLOS,AYX-936,11752071,BAUTISTA BAUTISTA JESSICA FLOR,,627,3025021462,57744,PACK JAMON Y QUESO 370GR BDT,1.48,42.1,ESPINOZA LAZARO VICTOR CESAR,,LINCE,AV CARLOS ARRIETA 1469A,-12.07869,-77.03172
07/02/2026,0752-CHORRILLOS,AYX-936,11752071,BAUTISTA BAUTISTA JESSICA FLOR,,627,3025021462,57746,QUESO CREMA PHILADELP BRICK 180GR KRAFT,0.36,20.2,ESPINOZA LAZARO VICTOR CESAR,,LINCE,AV CARLOS ARRIETA 1469A,-12.07869,-77.03172
07/02/2026,0752-CHORRILLOS,AYX-936,11752071,BAUTISTA BAUTISTA JESSICA FLOR,,627,3025021462,57748,CHORIZO FINAS HIERBAS 400GR BDT,0.8,26.46,ESPINOZA LAZARO VICTOR CESAR,,LINCE,AV CARLOS ARRIETA 1469A,-12.07869,-77.03172
07/02/2026,0752-CHORRILLOS,AYX-936,11752071,BAUTISTA BAUTISTA JESSICA FLOR,,627,3025021462,57750,PACK CHORIZ COCKTAIL SABOR LE?A 370GR OK,0.74,23.94,ESPINOZA LAZARO VICTOR CESAR,,LINCE,AV CARLOS ARRIETA 1469A,-12.07869,-77.03172
07/02/2026,0752-CHORRILLOS,AYX-936,11752071,BAUTISTA BAUTISTA JESSICA FLOR,,627,3025021462,57752,JAMONADA ESPECIAL PZ 3KG OK,3,74.17,ESPINOZA LAZARO VICTOR CESAR,,LINCE,AV CARLOS ARRIETA 1469A,-12.07869,-77.03172
07/02/2026,0752-CHORRILLOS,AYX-936,11752071,BAUTISTA BAUTISTA JESSICA FLOR,,627,3025021462,57754,VIENESA 12CM PQ 5UN 175GR OK,0.53,11.31,ESPINOZA LAZARO VICTOR CESAR,,LINCE,AV CARLOS ARRIETA 1469A,-12.07869,-77.03172
07/02/2026,0752-CHORRILLOS,AYX-936,11752071,BAUTISTA BAUTISTA JESSICA FLOR,,627,3025021462,57756,CHORIZO PARRI PREC 2U 140GR BDT,1.12,21.83,ESPINOZA LAZARO VICTOR CESAR,,LINCE,AV CARLOS ARRIETA 1469A,-12.07869,-77.03172
07/02/2026,0752-CHORRILLOS,AYX-936,11751750,PANELIZ SAC,,627,3025095015,62296,QUESO CREMA PHILADELP BRICK 180GR KRAFT,0.18,10.1,ESPINOZA LAZARO VICTOR CESAR,,LIMA,CA CMDTE JOSE TORRES PAZ 1201,-12.0761,-77.03106
07/02/2026,0752-CHORRILLOS,AYX-936,11751750,PANELIZ SAC,,627,3025095015,62298,JAMONADA ESPECIAL PZ 3KG OK,3,74.17,ESPINOZA LAZARO VICTOR CESAR,,LIMA,CA CMDTE JOSE TORRES PAZ 1201,-12.0761,-77.03106
07/02/2026,0752-CHORRILLOS,AYX-936,11751750,PANELIZ SAC,,627,3025095015,62300,MORTADELA ESP PQ 100GR 8LJ OK,0.6,15.67,ESPINOZA LAZARO VICTOR CESAR,,LIMA,CA CMDTE JOSE TORRES PAZ 1201,-12.0761,-77.03106
07/02/2026,0752-CHORRILLOS,AYX-936,11751750,PANELIZ SAC,,627,3025095015,62302,VIENESA 12CM PQ 5UN 175GR OK,0.53,11.31,ESPINOZA LAZARO VICTOR CESAR,,LIMA,CA CMDTE JOSE TORRES PAZ 1201,-12.0761,-77.03106
07/02/2026,0752-CHORRILLOS,AYX-936,11751750,PANELIZ SAC,,627,3025095015,62304,CHICHARRON DE PRENSA PQ 100GR 7LJ OK,0.6,18.58,ESPINOZA LAZARO VICTOR CESAR,,LIMA,CA CMDTE JOSE TORRES PAZ 1201,-12.0761,-77.03106
07/02/2026,0752-CHORRILLOS,AYX-936,11751750,PANELIZ SAC,,627,3025095015,62306,MOLIDA ECO CG UN 1KG SEGO,2,25.43,ESPINOZA LAZARO VICTOR CESAR,,LIMA,CA CMDTE JOSE TORRES PAZ 1201,-12.0761,-77.03106
07/02/2026,0752-CHORRILLOS,AYX-936,11606225,GRANDA HERRERA ROSARIO,,627,3025061960,58704,CABANOSSI 25G BDT,0.3,19.21,ESPINOZA LAZARO VICTOR CESAR,,LIMA,JR COMANDANTE TORRES PAZ 1007 SANTA,-12.07408,-77.03139
07/02/2026,0752-CHORRILLOS,AYX-936,11606225,GRANDA HERRERA ROSARIO,,627,3025061960,58706,TOCINO AHUMADO 80GR BDT,0.4,20.65,ESPINOZA LAZARO VICTOR CESAR,,LIMA,JR COMANDANTE TORRES PAZ 1007 SANTA,-12.07408,-77.03139
07/02/2026,0752-CHORRILLOS,AYX-936,11606225,GRANDA HERRERA ROSARIO,,627,3025061960,58708,SALCHICHA HUACHO 150GR BDT,0.6,15.13,ESPINOZA LAZARO VICTOR CESAR,,LIMA,JR COMANDANTE TORRES PAZ 1007 SANTA,-12.07408,-77.03139
07/02/2026,0752-CHORRILLOS,AYX-936,11606225,GRANDA HERRERA ROSARIO,,627,3025061960,58710,BOLA TIPO MOZZARELLA X 200G BDT,0.6,20.39,ESPINOZA LAZARO VICTOR CESAR,,LIMA,JR COMANDANTE TORRES PAZ 1007 SANTA,-12.07408,-77.03139
07/02/2026,0752-CHORRILLOS,AYX-936,11606225,GRANDA HERRERA ROSARIO,,627,3025061960,58712,QUESO FUNDIDO SABOR CHEDDAR 170GR BDT,0.17,0,ESPINOZA LAZARO VICTOR CESAR,,LIMA,JR COMANDANTE TORRES PAZ 1007 SANTA,-12.07408,-77.03139
07/02/2026,0752-CHORRILLOS,AYX-936,11606225,GRANDA HERRERA ROSARIO,,627,3025061960,58714,JAMON PIZZA PQ 100GR 6LJ OK,1,28.86,ESPINOZA LAZARO VICTOR CESAR,,LIMA,JR COMANDANTE TORRES PAZ 1007 SANTA,-12.07408,-77.03139
07/02/2026,0752-CHORRILLOS,AYX-936,11606225,GRANDA HERRERA ROSARIO,,627,3025061960,58716,VIENESA 12CM PQ 5UN 175GR OK,1.4,30.17,ESPINOZA LAZARO VICTOR CESAR,,LIMA,JR COMANDANTE TORRES PAZ 1007 SANTA,-12.07408,-77.03139
07/02/2026,0752-CHORRILLOS,AYX-936,11606225,GRANDA HERRERA ROSARIO,,627,3025061960,58718,CHORIZO PARRI PREC 2U 140GR BDT,1.4,27.01,ESPINOZA LAZARO VICTOR CESAR,,LIMA,JR COMANDANTE TORRES PAZ 1007 SANTA,-12.07408,-77.03139
07/02/2026,0752-CHORRILLOS,AYX-936,11698905,NONNA EMILIA PIZZA SAC,,720,3025067903,59492,FRANKFURTER GASTRONOMIA 2KG BDT,4,94.78,ESPINOZA LAZARO VICTOR CESAR,,LA VICTORIA,JR ITALIA 1043 PJ MATUTE  ESTADIO A,-12.0699,-77.02012
07/02/2026,0752-CHORRILLOS,AYX-936,11698905,NONNA EMILIA PIZZA SAC,,720,3025067903,59494,JAMON PIZZERO 500GR BDT,13,238.94,ESPINOZA LAZARO VICTOR CESAR,,LA VICTORIA,JR ITALIA 1043 PJ MATUTE  ESTADIO A,-12.0699,-77.02012
07/02/2026,0752-CHORRILLOS,AYX-936,11698905,NONNA EMILIA PIZZA SAC,,720,3025067903,59496,PEPPERONI GASTRONOM?A 500GR BDT,13,331.27,ESPINOZA LAZARO VICTOR CESAR,,LA VICTORIA,JR ITALIA 1043 PJ MATUTE  ESTADIO A,-12.0699,-77.02012
07/02/2026,0752-CHORRILLOS,AYX-936,11730495,NEGOCIOS E INVERSIONES C & B S,NARCISO,71B,3025085647,61774,HOT DOG POLLO 500GR BDT,12,204.09,ESPINOZA LAZARO VICTOR CESAR,,LA VICTORIA,AV IQUITOS 1481,-12.07524,-77.02908
07/02/2026,0752-CHORRILLOS,AYX-936,11730495,NEGOCIOS E INVERSIONES C & B S,NARCISO,71B,3025085647,61776,SUP CHORIZO PREC 12U 960GR SEGO,9.6,115.2,ESPINOZA LAZARO VICTOR CESAR,,LA VICTORIA,AV IQUITOS 1481,-12.07524,-77.02908
07/02/2026,0752-CHORRILLOS,AYX-936,11730495,NEGOCIOS E INVERSIONES C & B S,NARCISO,71B,3025085647,61778,CHORIZO FINAS HIERBAS 960 GR SEGO,0.96,11.57,ESPINOZA LAZARO VICTOR CESAR,,LA VICTORIA,AV IQUITOS 1481,-12.07524,-77.02908
07/02/2026,0752-CHORRILLOS,AYX-936,11730495,NEGOCIOS E INVERSIONES C & B S,NARCISO,71B,3025085647,61780,JAMON DEL PAIS 2001 25LJ CG 500GR BF,2,56,ESPINOZA LAZARO VICTOR CESAR,,LA VICTORIA,AV IQUITOS 1481,-12.07524,-77.02908
07/02/2026,0752-CHORRILLOS,AYX-936,11730495,NEGOCIOS E INVERSIONES C & B S,NARCISO,71B,3025085647,61782,JAMON AMERICANO PQ 0.5KG SEGO,7.5,101.28,ESPINOZA LAZARO VICTOR CESAR,,LA VICTORIA,AV IQUITOS 1481,-12.07524,-77.02908
07/02/2026,0752-CHORRILLOS,AYX-936,11730495,NEGOCIOS E INVERSIONES C & B S,NARCISO,71B,3025085647,61784,SALCH HUACHO UN 0.25KG SEGO,5.5,97.63,ESPINOZA LAZARO VICTOR CESAR,,LA VICTORIA,AV IQUITOS 1481,-12.07524,-77.02908
07/02/2026,0752-CHORRILLOS,AYX-936,11730495,NEGOCIOS E INVERSIONES C & B S,NARCISO,71B,3025085647,61786,RELLENO UN 0.5KG SEGO,10.5,120.59,ESPINOZA LAZARO VICTOR CESAR,,LA VICTORIA,AV IQUITOS 1481,-12.07524,-77.02908
07/02/2026,0752-CHORRILLOS,AYX-936,11600244,ROMERO BUENDIA GIOVANNA JACKLI,,627,3025093109,62126,QUESO FUNDIDO SABOR CHEDDAR 170GR BDT,0.17,0,ESPINOZA LAZARO VICTOR CESAR,,LIMA,JOSE A ROCA 199 (ALT PARQUE DE LAS,-12.07158,-77.03207
07/02/2026,0752-CHORRILLOS,AYX-936,11600244,ROMERO BUENDIA GIOVANNA JACKLI,,627,3025093109,62128,JAMON PIZZA PQ 100GR 6LJ OK,0.3,8.66,ESPINOZA LAZARO VICTOR CESAR,,LIMA,JOSE A ROCA 199 (ALT PARQUE DE LAS,-12.07158,-77.03207
07/02/2026,0752-CHORRILLOS,AYX-936,11600244,ROMERO BUENDIA GIOVANNA JACKLI,,627,3025093109,62130,JAMONADA ESPECIAL PQ 100GR 8LJ OK,0.3,8.71,ESPINOZA LAZARO VICTOR CESAR,,LIMA,JOSE A ROCA 199 (ALT PARQUE DE LAS,-12.07158,-77.03207
07/02/2026,0752-CHORRILLOS,AYX-936,11600244,ROMERO BUENDIA GIOVANNA JACKLI,,627,3025093109,62132,VIENESA 12CM PQ 5UN 175GR OK,1.05,22.63,ESPINOZA LAZARO VICTOR CESAR,,LIMA,JOSE A ROCA 199 (ALT PARQUE DE LAS,-12.07158,-77.03207
07/02/2026,0752-CHORRILLOS,AYX-936,11600244,ROMERO BUENDIA GIOVANNA JACKLI,,627,3025093109,62134,CABANOSSI UN 25GR 0.026KG SEGO,0.31,17.99,ESPINOZA LAZARO VICTOR CESAR,,LIMA,JOSE A ROCA 199 (ALT PARQUE DE LAS,-12.07158,-77.03207
07/02/2026,0752-CHORRILLOS,AYX-936,11640487,HUBNER MENDIETA MONICA PAOLA,,627,3025077694,60808,SALCHICHA HUACHO 150GR BDT,1.2,28.67,ESPINOZA LAZARO VICTOR CESAR,,LIMA,AV PARQUE DE LA RESERVA 787 SANTA B,-12.07129,-77.03216
07/02/2026,0752-CHORRILLOS,AYX-936,11640487,HUBNER MENDIETA MONICA PAOLA,,627,3025077694,60810,PACK J PIZZA Y EDAM 340GR OK,1.7,52.52,ESPINOZA LAZARO VICTOR CESAR,,LIMA,AV PARQUE DE LA RESERVA 787 SANTA B,-12.07129,-77.03216
07/02/2026,0752-CHORRILLOS,AYX-936,11640487,HUBNER MENDIETA MONICA PAOLA,,627,3025077694,60812,JAMONADA ESPECIAL PQ 100GR 8LJ OK,0.6,17.42,ESPINOZA LAZARO VICTOR CESAR,,LIMA,AV PARQUE DE LA RESERVA 787 SANTA B,-12.07129,-77.03216
07/02/2026,0752-CHORRILLOS,AYX-936,11640487,HUBNER MENDIETA MONICA PAOLA,,627,3025077694,60814,PASTEL DE JAMON PQ 150GR OK,0.3,9.55,ESPINOZA LAZARO VICTOR CESAR,,LIMA,AV PARQUE DE LA RESERVA 787 SANTA B,-12.07129,-77.03216
07/02/2026,0752-CHORRILLOS,AYX-936,11640487,HUBNER MENDIETA MONICA PAOLA,,627,3025077694,60816,MORTADELA ESP PQ 100GR 8LJ OK,0.4,10.44,ESPINOZA LAZARO VICTOR CESAR,,LIMA,AV PARQUE DE LA RESERVA 787 SANTA B,-12.07129,-77.03216
07/02/2026,0752-CHORRILLOS,AYX-936,11640487,HUBNER MENDIETA MONICA PAOLA,,627,3025077694,60818,CHICHARRON DE PRENSA PQ 100GR 7LJ OK,0.5,15.49,ESPINOZA LAZARO VICTOR CESAR,,LIMA,AV PARQUE DE LA RESERVA 787 SANTA B,-12.07129,-77.03216
07/02/2026,0752-CHORRILLOS,AYX-936,11721336,BARTUREN QUISPE JOSE ANANIAS,,627,3025082912,61398,PACK JAMONADA Y EDAM 180GR BDT,0.36,10.55,ESPINOZA LAZARO VICTOR CESAR,,JESUS MARIA,AV ARENALES 964,-12.07431,-77.03718
07/02/2026,0752-CHORRILLOS,AYX-936,11721336,BARTUREN QUISPE JOSE ANANIAS,,627,3025082912,61400,JAMON PIZZA PQ 100GR 6LJ OK,0.2,5.77,ESPINOZA LAZARO VICTOR CESAR,,JESUS MARIA,AV ARENALES 964,-12.07431,-77.03718
07/02/2026,0752-CHORRILLOS,AYX-936,11721336,BARTUREN QUISPE JOSE ANANIAS,,627,3025082912,61402,JAMONADA ESPECIAL PQ 100GR 8LJ OK,0.2,5.81,ESPINOZA LAZARO VICTOR CESAR,,JESUS MARIA,AV ARENALES 964,-12.07431,-77.03718
07/02/2026,0752-CHORRILLOS,AYX-936,11721336,BARTUREN QUISPE JOSE ANANIAS,,627,3025082912,61404,VIENESA 12CM PQ 5UN 175GR OK,0.35,7.54,ESPINOZA LAZARO VICTOR CESAR,,JESUS MARIA,AV ARENALES 964,-12.07431,-77.03718
07/02/2026,0752-CHORRILLOS,AYX-936,11721336,BARTUREN QUISPE JOSE ANANIAS,,627,3025082912,61406,TOCINO AHUMADO 100GR OK,0.2,12.03,ESPINOZA LAZARO VICTOR CESAR,,JESUS MARIA,AV ARENALES 964,-12.07431,-77.03718
07/02/2026,0752-CHORRILLOS,AYX-936,11721336,BARTUREN QUISPE JOSE ANANIAS,,627,3025082912,61408,CHORIZO PARRI PREC 2U 140GR BDT,0.56,11.37,ESPINOZA LAZARO VICTOR CESAR,,JESUS MARIA,AV ARENALES 964,-12.07431,-77.03718
07/02/2026,0752-CHORRILLOS,AYX-936,11617037,FERNANDEZ VARGAS CATY,,627,3025074368,60310,QUESO CREMA PHILADELP BRICK 180GR KRAFT,0.36,20.2,ESPINOZA LAZARO VICTOR CESAR,,JESUS MARIA,AV ARENALES 976,-12.07435,-77.03716
07/02/2026,0752-CHORRILLOS,AYX-936,11617037,FERNANDEZ VARGAS CATY,,627,3025074368,60312,QUESO FUNDIDO SABOR CHEDDAR 170GR BDT,0.34,0,ESPINOZA LAZARO VICTOR CESAR,,JESUS MARIA,AV ARENALES 976,-12.07435,-77.03716
07/02/2026,0752-CHORRILLOS,AYX-936,11617037,FERNANDEZ VARGAS CATY,,627,3025074368,60314,JAMON PIZZA PQ 100GR 6LJ OK,0.6,17.32,ESPINOZA LAZARO VICTOR CESAR,,JESUS MARIA,AV ARENALES 976,-12.07435,-77.03716
07/02/2026,0752-CHORRILLOS,AYX-936,11617037,FERNANDEZ VARGAS CATY,,627,3025074368,60316,JAMONADA ESPECIAL PQ 100GR 8LJ OK,0.6,17.42,ESPINOZA LAZARO VICTOR CESAR,,JESUS MARIA,AV ARENALES 976,-12.07435,-77.03716
07/02/2026,0752-CHORRILLOS,AYX-936,11617037,FERNANDEZ VARGAS CATY,,627,3025074368,60318,VIENESA 12CM PQ 5UN 175GR OK,2.1,45.25,ESPINOZA LAZARO VICTOR CESAR,,JESUS MARIA,AV ARENALES 976,-12.07435,-77.03716
07/02/2026,0752-CHORRILLOS,AYX-936,11617037,FERNANDEZ VARGAS CATY,,627,3025074368,60320,TOCINO AHUMADO 100GR OK,1.2,72.2,ESPINOZA LAZARO VICTOR CESAR,,JESUS MARIA,AV ARENALES 976,-12.07435,-77.03716
07/02/2026,0752-CHORRILLOS,AYX-936,11641194,GARCIA PONGO SELA,,627,3025083412,61448,QUESO FUNDIDO SABOR CHEDDAR 170GR BDT,0.34,0,ESPINOZA LAZARO VICTOR CESAR,,JESUS MARIA,AV. ARENALES  974,-12.07436,-77.03719
07/02/2026,0752-CHORRILLOS,AYX-936,11641194,GARCIA PONGO SELA,,627,3025083412,61450,VIENESA 12CM PQ 5UN 175GR OK,2.1,45.25,ESPINOZA LAZARO VICTOR CESAR,,JESUS MARIA,AV. ARENALES  974,-12.07436,-77.03719
07/02/2026,0752-CHORRILLOS,AYX-936,11641194,GARCIA PONGO SELA,,627,3025083412,61452,CHORIZO PARRI PREC 2U 140GR BDT,1.12,21.83,ESPINOZA LAZARO VICTOR CESAR,,JESUS MARIA,AV. ARENALES  974,-12.07436,-77.03719
07/02/2026,0752-CHORRILLOS,AYX-936,11606630,LA BODEGA DE LIMA SAC,,627,3025076761,60682,JAMON PIZZERO 3.8KG AP BDT,3.8,72.51,ESPINOZA LAZARO VICTOR CESAR,,JESUS MARIA,AV ARENALES 1100,-12.07586,-77.03702
07/02/2026,0752-CHORRILLOS,AYX-936,11606630,LA BODEGA DE LIMA SAC,,627,3025076761,60684,JAMONADA ESPECIAL PZ 3KG OK,3,74.17,ESPINOZA LAZARO VICTOR CESAR,,JESUS MARIA,AV ARENALES 1100,-12.07586,-77.03702
07/02/2026,0752-CHORRILLOS,AYX-936,11606630,LA BODEGA DE LIMA SAC,,627,3025076761,60686,CHORIZO PARRILLERO PQ 4UN 400GR OK,0.8,28.71,ESPINOZA LAZARO VICTOR CESAR,,JESUS MARIA,AV ARENALES 1100,-12.07586,-77.03702
07/02/2026,0752-CHORRILLOS,AYX-936,11606630,LA BODEGA DE LIMA SAC,,627,3025076761,60688,CHICHARRON DE PRENSA PZ 2.2 A 2.6KG OK,2.6,81.27,ESPINOZA LAZARO VICTOR CESAR,,JESUS MARIA,AV ARENALES 1100,-12.07586,-77.03702
07/02/2026,0752-CHORRILLOS,AYX-936,11640779,JANCCO ROQUE MARIO,,627,3025084560,61634,QUESO FUNDIDO SABOR CHEDDAR 170GR BDT,0.17,0,ESPINOZA LAZARO VICTOR CESAR,,LIMA,JR CARLOS ARRIETA 1098 SANTA BEATRI,-12.07498,-77.03241
07/02/2026,0752-CHORRILLOS,AYX-936,11640779,JANCCO ROQUE MARIO,,627,3025084560,61636,PACK SUPER CHORIZO PREC80GX6PZA SEGO,0.48,6.76,ESPINOZA LAZARO VICTOR CESAR,,LIMA,JR CARLOS ARRIETA 1098 SANTA BEATRI,-12.07498,-77.03241
07/02/2026,0752-CHORRILLOS,AYX-936,11640779,JANCCO ROQUE MARIO,,627,3025084560,61638,VIENESA 12CM PQ 5UN 175GR OK,1.05,22.63,ESPINOZA LAZARO VICTOR CESAR,,LIMA,JR CARLOS ARRIETA 1098 SANTA BEATRI,-12.07498,-77.03241
07/02/2026,0752-CHORRILLOS,AYX-936,11640779,JANCCO ROQUE MARIO,,627,3025084560,61640,TOCINO AHUMADO 100GR OK,0.3,18.05,ESPINOZA LAZARO VICTOR CESAR,,LIMA,JR CARLOS ARRIETA 1098 SANTA BEATRI,-12.07498,-77.03241
07/02/2026,0752-CHORRILLOS,AYX-936,11635675,GONZA TITO ROSA TERESA,,627,3025082957,61414,CABANOSSI 25G BDT,0.3,19.21,ESPINOZA LAZARO VICTOR CESAR,,LIMA,JR MARIANO CARRANZA 585,-12.0751,-77.03253
07/02/2026,0752-CHORRILLOS,AYX-936,11635675,GONZA TITO ROSA TERESA,,627,3025082957,61416,VIENESA 12CM PQ 5UN 175GR OK,0.53,11.31,ESPINOZA LAZARO VICTOR CESAR,,LIMA,JR MARIANO CARRANZA 585,-12.0751,-77.03253
07/02/2026,0752-CHORRILLOS,AYX-936,11635675,GONZA TITO ROSA TERESA,,627,3025082957,61418,CHORIZO PARRI PREC 2U 140GR BDT,1.12,21.83,ESPINOZA LAZARO VICTOR CESAR,,LIMA,JR MARIANO CARRANZA 585,-12.0751,-77.03253
07/02/2026,0752-CHORRILLOS,AYX-936,11606273,BAGUETERIA SOLANGE EIRL,,627,3025057407,58506,JAMON PIZZERO 3.8KG AP BDT,3.8,72.51,ESPINOZA LAZARO VICTOR CESAR,,LIMA,CA ENRIQUE BARRON 1199,-12.07609,-77.03292
07/02/2026,0752-CHORRILLOS,AYX-936,11606273,BAGUETERIA SOLANGE EIRL,,627,3025057407,58508,SALCHICHA HUACHO 150GR BDT,3.6,86.01,ESPINOZA LAZARO VICTOR CESAR,,LIMA,CA ENRIQUE BARRON 1199,-12.07609,-77.03292
07/02/2026,0752-CHORRILLOS,AYX-936,11606273,BAGUETERIA SOLANGE EIRL,,627,3025057407,58510,QUESO CREMA PHILADELP BRICK 180GR KRAFT,2.16,105.44,ESPINOZA LAZARO VICTOR CESAR,,LIMA,CA ENRIQUE BARRON 1199,-12.07609,-77.03292
07/02/2026,0752-CHORRILLOS,AYX-936,11606273,BAGUETERIA SOLANGE EIRL,,627,3025057407,58512,CHORIZO PARRI PREC 2U 140GR BDT,3.36,62.77,ESPINOZA LAZARO VICTOR CESAR,,LIMA,CA ENRIQUE BARRON 1199,-12.07609,-77.03292
07/02/2026,0752-CHORRILLOS,AYX-936,11604320,CHIRI TITO FELIPA RAQUEL,,627,3025073694,60176,FRANKFURTER GASTRONOMIA 1KG BDT,2,38.85,ESPINOZA LAZARO VICTOR CESAR,,LIMA,JR MANUEL SEGURA 535 DPTO 56 URB SA,-12.0791,-77.03222
07/02/2026,0752-CHORRILLOS,AYX-936,11604320,CHIRI TITO FELIPA RAQUEL,,627,3025073694,60178,QUESO EDAM GAST 3.5KG AP BRAEDT A,3.5,109.13,ESPINOZA LAZARO VICTOR CESAR,,LIMA,JR MANUEL SEGURA 535 DPTO 56 URB SA,-12.0791,-77.03222
07/02/2026,0752-CHORRILLOS,AYX-936,11604320,CHIRI TITO FELIPA RAQUEL,,627,3025073694,60180,COSTILLA AHUM BLS 2KG SEGO,4,90.79,ESPINOZA LAZARO VICTOR CESAR,,LIMA,JR MANUEL SEGURA 535 DPTO 56 URB SA,-12.0791,-77.03222
07/02/2026,0752-CHORRILLOS,AYX-936,11604320,CHIRI TITO FELIPA RAQUEL,,627,3025073694,60182,CHORIZO PARRI PREC 2U 140GR BDT,1.12,21.83,ESPINOZA LAZARO VICTOR CESAR,,LIMA,JR MANUEL SEGURA 535 DPTO 56 URB SA,-12.0791,-77.03222
07/02/2026,0752-CHORRILLOS,AYX-936,11606476,CORSAFA EIRL,,627,3025084242,61574,JAMONADA LONCH 3KG AP BDT,12,181.71,ESPINOZA LAZARO VICTOR CESAR,,LINCE,AV  MILITAR NRO 1901,-12.08313,-77.03142
07/02/2026,0752-CHORRILLOS,AYX-936,11606476,CORSAFA EIRL,,627,3025084242,61576,CHORIZO PARRI PREC 2U 140GR BDT,0.42,8.53,ESPINOZA LAZARO VICTOR CESAR,,LINCE,AV  MILITAR NRO 1901,-12.08313,-77.03142
07/02/2026,0752-CHORRILLOS,AYX-936,11606476,CORSAFA EIRL,,627,3025084242,61578,PACK JAMON Y QUESO 157 GR SEGO,0.94,31.7,ESPINOZA LAZARO VICTOR CESAR,,LINCE,AV  MILITAR NRO 1901,-12.08313,-77.03142
07/02/2026,0752-CHORRILLOS,AYX-936,11649986,INGA DAMIAN BEATRIZ,,645,3025054795,58294,JAMON PIZZERO 3.8KG AP BDT,3.8,72.51,ESPINOZA LAZARO VICTOR CESAR,,LA VICTORIA,MCDO PALERMO PTO 61,-12.0815,-77.02302
07/02/2026,0752-CHORRILLOS,AYX-936,11555220,HUARACHI ITO EFRAIN,,645,3024925350,57328,CABANOSSI 25G BDT,0.2,12.81,ESPINOZA LAZARO VICTOR CESAR,,LA VICTORIA,MCDO SANTA CATALINA PTO 60,-12.08134,-77.02297
07/02/2026,0752-CHORRILLOS,AYX-936,11555220,HUARACHI ITO EFRAIN,,645,3024925350,57330,QUESO CREMA PHILADELP BRICK 180GR KRAFT,1.08,55.14,ESPINOZA LAZARO VICTOR CESAR,,LA VICTORIA,MCDO SANTA CATALINA PTO 60,-12.08134,-77.02297
07/02/2026,0752-CHORRILLOS,AYX-936,11555220,HUARACHI ITO EFRAIN,,645,3024925350,57332,TOCINO AHUMADO 100GR OK,0.4,24.07,ESPINOZA LAZARO VICTOR CESAR,,LA VICTORIA,MCDO SANTA CATALINA PTO 60,-12.08134,-77.02297
07/02/2026,0752-CHORRILLOS,AYX-936,11555220,HUARACHI ITO EFRAIN,,645,3024925350,57334,SUP CHORIZO PREC PQ 10U 0.8KG SEGO,4,45.15,ESPINOZA LAZARO VICTOR CESAR,,LA VICTORIA,MCDO SANTA CATALINA PTO 60,-12.08134,-77.02297
07/02/2026,0752-CHORRILLOS,AYX-936,11555220,HUARACHI ITO EFRAIN,,645,3024925350,57336,CHORIZO PARRI PREC 2U 140GR BDT,1.12,21.83,ESPINOZA LAZARO VICTOR CESAR,,LA VICTORIA,MCDO SANTA CATALINA PTO 60,-12.08134,-77.02297
07/02/2026,0752-CHORRILLOS,AYX-936,11543085,QUESOS EL CHARACATO SAC,,645,3025062297,58744,JAMON PIZZERO 3.8KG AP BDT,15.2,265.55,ESPINOZA LAZARO VICTOR CESAR,,LA VICTORIA,AV PALERMO 536,-12.08075,-77.02328
07/02/2026,0752-CHORRILLOS,AYX-936,11543085,QUESOS EL CHARACATO SAC,,645,3025062297,58746,CABANOSSI AL VACIO 24U 600GR BDT,0.6,37.15,ESPINOZA LAZARO VICTOR CESAR,,LA VICTORIA,AV PALERMO 536,-12.08075,-77.02328
07/02/2026,0752-CHORRILLOS,AYX-936,11543085,QUESOS EL CHARACATO SAC,,645,3025062297,58748,PATE 100GR BDT,0.6,14.16,ESPINOZA LAZARO VICTOR CESAR,,LA VICTORIA,AV PALERMO 536,-12.08075,-77.02328
07/02/2026,0752-CHORRILLOS,AYX-936,11543085,QUESOS EL CHARACATO SAC,,645,3025062297,58750,SALCHICHA HUACHO 150GR BDT,0.9,23.4,ESPINOZA LAZARO VICTOR CESAR,,LA VICTORIA,AV PALERMO 536,-12.08075,-77.02328
07/02/2026,0752-CHORRILLOS,AYX-936,11543085,QUESOS EL CHARACATO SAC,,645,3025062297,58752,HOT DOG TRADICIONAL 200GR BDT,2.4,36.6,ESPINOZA LAZARO VICTOR CESAR,,LA VICTORIA,AV PALERMO 536,-12.08075,-77.02328
07/02/2026,0752-CHORRILLOS,AYX-936,11543085,QUESOS EL CHARACATO SAC,,645,3025062297,58754,JAMON PIZZA 3.4 - 3.5 KG OK,13.8,265.08,ESPINOZA LAZARO VICTOR CESAR,,LA VICTORIA,AV PALERMO 536,-12.08075,-77.02328
07/02/2026,0752-CHORRILLOS,AYX-936,11543085,QUESOS EL CHARACATO SAC,,645,3025062297,58756,PASTEL DE JAMON PZ 3KG OK,3,79.1,ESPINOZA LAZARO VICTOR CESAR,,LA VICTORIA,AV PALERMO 536,-12.08075,-77.02328
07/02/2026,0752-CHORRILLOS,AYX-936,11543085,QUESOS EL CHARACATO SAC,,645,3025062297,58758,JAMONADA POLACA PZ 3KG OK,3,71.9,ESPINOZA LAZARO VICTOR CESAR,,LA VICTORIA,AV PALERMO 536,-12.08075,-77.02328
07/02/2026,0752-CHORRILLOS,AYX-936,11543085,QUESOS EL CHARACATO SAC,,645,3025062297,58760,VIENESA 12CM PQ 5UN 175GR OK,1.4,29.56,ESPINOZA LAZARO VICTOR CESAR,,LA VICTORIA,AV PALERMO 536,-12.08075,-77.02328
07/02/2026,0752-CHORRILLOS,AYX-936,11543085,QUESOS EL CHARACATO SAC,,645,3025062297,58762,QUESO DE CHANCHO PZ 3KG OK,3,49.67,ESPINOZA LAZARO VICTOR CESAR,,LA VICTORIA,AV PALERMO 536,-12.08075,-77.02328
07/02/2026,0752-CHORRILLOS,AYX-936,11543085,QUESOS EL CHARACATO SAC,,645,3025062297,58764,TOCINO CUL PQ 500GR 20GR 25LJ OK,1,29.42,ESPINOZA LAZARO VICTOR CESAR,,LA VICTORIA,AV PALERMO 536,-12.08075,-77.02328
07/02/2026,0752-CHORRILLOS,AYX-936,11543085,QUESOS EL CHARACATO SAC,,645,3025062297,58766,CHORIZO PARRI PREC 2U 140GR BDT,1.68,33.43,ESPINOZA LAZARO VICTOR CESAR,,LA VICTORIA,AV PALERMO 536,-12.08075,-77.02328
07/02/2026,0752-CHORRILLOS,AYX-936,11686518,VILCAPAZA CORDOVA ELVIS RAFAEL,,627,3025078761,60946,JAMON PAIS GOUR PZ 3.4 A 4.3KG OK,3.5,222.78,ESPINOZA LAZARO VICTOR CESAR,,JESUS MARIA,AV ARENALES 1068 SANTA BEATRIZ,-12.07546,-77.03708
07/02/2026,0752-CHORRILLOS,AYX-936,11709251,INVERSORES CONSULTORES Y SERVI,,627,3025081842,61326,CABANOSSI 25G BDT,0.3,19.21,ESPINOZA LAZARO VICTOR CESAR,,LIMA,AV PETIT THOUARS 1164,-12.07605,-77.03461
07/02/2026,0752-CHORRILLOS,AYX-936,11709251,INVERSORES CONSULTORES Y SERVI,,627,3025081842,61328,PATE 100GR BDT,0.2,4.82,ESPINOZA LAZARO VICTOR CESAR,,LIMA,AV PETIT THOUARS 1164,-12.07605,-77.03461
07/02/2026,0752-CHORRILLOS,AYX-936,11709251,INVERSORES CONSULTORES Y SERVI,,627,3025081842,61330,TOCINO AHUMADO 80GR BDT,0.32,16.52,ESPINOZA LAZARO VICTOR CESAR,,LIMA,AV PETIT THOUARS 1164,-12.07605,-77.03461
07/02/2026,0752-CHORRILLOS,AYX-936,11709251,INVERSORES CONSULTORES Y SERVI,,627,3025081842,61332,PACK JAMON Y QUESO 370GR BDT,1.48,42.1,ESPINOZA LAZARO VICTOR CESAR,,LIMA,AV PETIT THOUARS 1164,-12.07605,-77.03461
07/02/2026,0752-CHORRILLOS,AYX-936,11709251,INVERSORES CONSULTORES Y SERVI,,627,3025081842,61334,BOLA TIPO MOZZARELLA X 200G BDT,0.6,20.39,ESPINOZA LAZARO VICTOR CESAR,,LIMA,AV PETIT THOUARS 1164,-12.07605,-77.03461
07/02/2026,0752-CHORRILLOS,AYX-936,11709251,INVERSORES CONSULTORES Y SERVI,,627,3025081842,61336,QUESO FUNDIDO SABOR CHEDDAR 170GR BDT,0.51,16.53,ESPINOZA LAZARO VICTOR CESAR,,LIMA,AV PETIT THOUARS 1164,-12.07605,-77.03461
07/02/2026,0752-CHORRILLOS,AYX-936,11709251,INVERSORES CONSULTORES Y SERVI,,627,3025081842,61338,QUESO EDAM 90GR BDT,0.36,15.62,ESPINOZA LAZARO VICTOR CESAR,,LIMA,AV PETIT THOUARS 1164,-12.07605,-77.03461
07/02/2026,0752-CHORRILLOS,AYX-936,11709251,INVERSORES CONSULTORES Y SERVI,,627,3025081842,61340,JAMON PIZZA PQ 100GR 6LJ OK,0.4,11.54,ESPINOZA LAZARO VICTOR CESAR,,LIMA,AV PETIT THOUARS 1164,-12.07605,-77.03461
07/02/2026,0752-CHORRILLOS,AYX-936,11709251,INVERSORES CONSULTORES Y SERVI,,627,3025081842,61342,JAMONADA ESPECIAL PQ 100GR 8LJ OK,0.4,11.61,ESPINOZA LAZARO VICTOR CESAR,,LIMA,AV PETIT THOUARS 1164,-12.07605,-77.03461
07/02/2026,0752-CHORRILLOS,AYX-936,11709251,INVERSORES CONSULTORES Y SERVI,,627,3025081842,61344,CHICHARRON DE PRENSA PQ 100GR 7LJ OK,0.4,12.39,ESPINOZA LAZARO VICTOR CESAR,,LIMA,AV PETIT THOUARS 1164,-12.07605,-77.03461
07/02/2026,0752-CHORRILLOS,AYX-936,11724086,SANCHEZ POMA TANIA,,627,3025085629,61764,QUESO CREMA PHILADELP BRICK 180GR KRAFT,0.36,20.2,ESPINOZA LAZARO VICTOR CESAR,,LIMA,AV PETIT THOUARS 998,-12.07423,-77.03491
07/02/2026,0752-CHORRILLOS,AYX-936,11724086,SANCHEZ POMA TANIA,,627,3025085629,61766,JAMON PIZZA PQ 100GR 6LJ OK,0.2,5.77,ESPINOZA LAZARO VICTOR CESAR,,LIMA,AV PETIT THOUARS 998,-12.07423,-77.03491
07/02/2026,0752-CHORRILLOS,AYX-936,11724086,SANCHEZ POMA TANIA,,627,3025085629,61768,MORTADELA ESP PQ 100GR 8LJ OK,0.1,2.61,ESPINOZA LAZARO VICTOR CESAR,,LIMA,AV PETIT THOUARS 998,-12.07423,-77.03491
07/02/2026,0752-CHORRILLOS,AYX-936,11724086,SANCHEZ POMA TANIA,,627,3025085629,61770,VIENESA 12CM PQ 5UN 175GR OK,0.7,15.08,ESPINOZA LAZARO VICTOR CESAR,,LIMA,AV PETIT THOUARS 998,-12.07423,-77.03491
07/02/2026,0752-CHORRILLOS,AYX-936,11724086,SANCHEZ POMA TANIA,,627,3025085629,61772,TOCINO AHUMADO 100GR SEGO,0.3,14.28,ESPINOZA LAZARO VICTOR CESAR,,LIMA,AV PETIT THOUARS 998,-12.07423,-77.03491
07/02/2026,0752-CHORRILLOS,AYX-936,11667362,GABRIEL PAHUACHO KIMBERLY NATA,,627,3025087279,61880,QUESO CREMA PHILADELP BRICK 180GR KRAFT,0.72,37.84,ESPINOZA LAZARO VICTOR CESAR,,LIMA,CA EMILIO FERNANDEZ 549,-12.07283,-77.03293
07/02/2026,0752-CHORRILLOS,AYX-936,11667362,GABRIEL PAHUACHO KIMBERLY NATA,,627,3025087279,61882,JAMONADA ESP POLLO PQ 100GR 8LJ OK,0.6,17.49,ESPINOZA LAZARO VICTOR CESAR,,LIMA,CA EMILIO FERNANDEZ 549,-12.07283,-77.03293
07/02/2026,0752-CHORRILLOS,AYX-936,11603333,WILMER'S MEAT MARKET EIRL,,627,3025062702,58818,QUESO CREMA PHILADELP BRICK 180GR KRAFT,12.96,619.88,ESPINOZA LAZARO VICTOR CESAR,,LINCE,JR TOMAS GUIDO 351 INT 50 (MCDO LOB,-12.08658,-77.03257
07/02/2026,0752-CHORRILLOS,AYX-936,11603333,WILMER'S MEAT MARKET EIRL,,627,3025062702,58820,PANCETA CP SH CG PZA 4.5 A 6KG OK,10.6,233.26,ESPINOZA LAZARO VICTOR CESAR,,LINCE,JR TOMAS GUIDO 351 INT 50 (MCDO LOB,-12.08658,-77.03257
07/02/2026,0752-CHORRILLOS,AYX-936,11603333,WILMER'S MEAT MARKET EIRL,,627,3025062702,58822,JAMON DEL PAIS 3.3KG SEGO,9.9,205.73,ESPINOZA LAZARO VICTOR CESAR,,LINCE,JR TOMAS GUIDO 351 INT 50 (MCDO LOB,-12.08658,-77.03257
07/02/2026,0752-CHORRILLOS,AYX-936,11603333,WILMER'S MEAT MARKET EIRL,,627,3025062702,58824,PEPERONI PQ 0.5KG SEGO,3,72.36,ESPINOZA LAZARO VICTOR CESAR,,LINCE,JR TOMAS GUIDO 351 INT 50 (MCDO LOB,-12.08658,-77.03257
07/02/2026,0752-CHORRILLOS,AYX-936,11603333,WILMER'S MEAT MARKET EIRL,,627,3025062702,58826,SALAME PQ 0.5KG SEGO,2,56.3,ESPINOZA LAZARO VICTOR CESAR,,LINCE,JR TOMAS GUIDO 351 INT 50 (MCDO LOB,-12.08658,-77.03257
07/02/2026,0752-CHORRILLOS,AYX-936,11689516,UCHUPE LLANTIRHUAY LUZMILA,,642,3025055183,58296,QUESO CREMA PHILADELP BRICK 180GR KRAFT,2.16,105.44,ESPINOZA LAZARO VICTOR CESAR,,LINCE,CA TOMAS GUIDO 476 CERCA AL MERCA,-12.08653,-77.03133
07/02/2026,0752-CHORRILLOS,AYX-936,11689516,UCHUPE LLANTIRHUAY LUZMILA,,642,3025055183,58298,SUPER JAMONADA 2KG SEGO,4,32.82,ESPINOZA LAZARO VICTOR CESAR,,LINCE,CA TOMAS GUIDO 476 CERCA AL MERCA,-12.08653,-77.03133
07/02/2026,0752-CHORRILLOS,AYX-936,11689516,UCHUPE LLANTIRHUAY LUZMILA,,642,3025055183,58300,PACK JAMON Y QUESO 157 GR SEGO,0.47,15.85,ESPINOZA LAZARO VICTOR CESAR,,LINCE,CA TOMAS GUIDO 476 CERCA AL MERCA,-12.08653,-77.03133
07/02/2026,0752-CHORRILLOS,AYX-936,11622271,ORTEGA SUAREZ RICHARD OMAR,,642,3025074830,60426,PATE 100GR BDT,0.6,14.47,ESPINOZA LAZARO VICTOR CESAR,,LINCE,JR FRANCISCO LAZO 2378,-12.08717,-77.02983
07/02/2026,0752-CHORRILLOS,AYX-936,11622271,ORTEGA SUAREZ RICHARD OMAR,,642,3025074830,60428,PACK J PIZZA Y EDAM 340GR OK,0.68,22.11,ESPINOZA LAZARO VICTOR CESAR,,LINCE,JR FRANCISCO LAZO 2378,-12.08717,-77.02983
07/02/2026,0752-CHORRILLOS,AYX-936,11622271,ORTEGA SUAREZ RICHARD OMAR,,642,3025074830,60430,QUESO FUNDIDO SABOR CHEDDAR 170GR BDT,0.17,0,ESPINOZA LAZARO VICTOR CESAR,,LINCE,JR FRANCISCO LAZO 2378,-12.08717,-77.02983
07/02/2026,0752-CHORRILLOS,AYX-936,11622271,ORTEGA SUAREZ RICHARD OMAR,,642,3025074830,60432,VIENESA 12CM PQ 5UN 175GR OK,1.05,22.63,ESPINOZA LAZARO VICTOR CESAR,,LINCE,JR FRANCISCO LAZO 2378,-12.08717,-77.02983
07/02/2026,0752-CHORRILLOS,AYX-936,11622271,ORTEGA SUAREZ RICHARD OMAR,,642,3025074830,60434,CHORIZO PARRI PREC 2U 140GR BDT,0.84,17.06,ESPINOZA LAZARO VICTOR CESAR,,LINCE,JR FRANCISCO LAZO 2378,-12.08717,-77.02983
07/02/2026,0752-CHORRILLOS,AYX-936,11698769,ALIMENTOS PARA TI DISTRIBUCION,,71B,3025073633,60134,QUESO CREMA  1.9KG PHILADELPHIA,3.8,161.5,ESPINOZA LAZARO VICTOR CESAR,,LINCE,JR PEDRO CONDE 572,-12.08754,-77.03029
07/02/2026,0752-CHORRILLOS,AYX-936,11606204,LES GOURMANDS SAC,,627,3025079703,61072,QUESO CREMA PHILADELP BRICK 180GR KRAFT,1.8,87.86,ESPINOZA LAZARO VICTOR CESAR,,LINCE,JR RISSO 460 INT. 102,-12.0854,-77.03167
07/02/2026,0752-CHORRILLOS,AYX-936,11606204,LES GOURMANDS SAC,,627,3025079703,61074,QUESO EDAM GAST 3.5KG AP BRAEDT A,7,213.38,ESPINOZA LAZARO VICTOR CESAR,,LINCE,JR RISSO 460 INT. 102,-12.0854,-77.03167
07/02/2026,0752-CHORRILLOS,AYX-936,11604984,COMERCIAL LA CRUCENITA,,642,3025069855,59818,JAMON PIZZERO 3.8KG AP BDT,15.2,266.83,ESPINOZA LAZARO VICTOR CESAR,,LINCE,AV IGNACIO MERINO 2339,-12.08705,-77.03204
07/02/2026,0752-CHORRILLOS,AYX-936,11604984,COMERCIAL LA CRUCENITA,,642,3025069855,59820,FRANKFURTER GASTRONOMIA 1KG BDT,6,116.55,ESPINOZA LAZARO VICTOR CESAR,,LINCE,AV IGNACIO MERINO 2339,-12.08705,-77.03204
07/02/2026,0752-CHORRILLOS,AYX-936,11604984,COMERCIAL LA CRUCENITA,,642,3025069855,59822,QUESO FUNDIDO SABOR CHEDDAR 170GR BDT,0.34,0,ESPINOZA LAZARO VICTOR CESAR,,LINCE,AV IGNACIO MERINO 2339,-12.08705,-77.03204
07/02/2026,0752-CHORRILLOS,AYX-936,11604984,COMERCIAL LA CRUCENITA,,642,3025069855,59824,VIENESA 12CM PQ 5UN 175GR OK,2.1,45.25,ESPINOZA LAZARO VICTOR CESAR,,LINCE,AV IGNACIO MERINO 2339,-12.08705,-77.03204
07/02/2026,0752-CHORRILLOS,AYX-936,11707332,BELGRAVIA SA,BELGRAVIA SA,719,3025001757,57640,JAMON SANDWICH 500GR BDT,4,128.88,ESPINOZA LAZARO VICTOR CESAR,,LINCE,AV ARENALES 2304,-12.0873,-77.0354
07/02/2026,0752-CHORRILLOS,AYX-936,11707332,BELGRAVIA SA,BELGRAVIA SA,719,3025001757,57642,QUESO EDAM GAST 0.5KG BRAEDT A,5,198,ESPINOZA LAZARO VICTOR CESAR,,LINCE,AV ARENALES 2304,-12.0873,-77.0354
07/02/2026,0752-CHORRILLOS,AZX-935,11736489,BALTAZAR HUAMAN GUALBERTO,,624,3024917407,57304,PIZZERO 3KG SEGO,6,62.69,PRUDENCIO CABRERA SERGIO ANDRE,,LURIN,MCDO VIRGEN DEL CARMEN PTO 45,-12.29004,-76.85349
07/02/2026,0752-CHORRILLOS,AZX-935,11736489,BALTAZAR HUAMAN GUALBERTO,,624,3024917407,57306,SUP CHORIZO PREC 12U 960GR SEGO,5.76,54.73,PRUDENCIO CABRERA SERGIO ANDRE,,LURIN,MCDO VIRGEN DEL CARMEN PTO 45,-12.29004,-76.85349
07/02/2026,0752-CHORRILLOS,AZX-935,11736489,BALTAZAR HUAMAN GUALBERTO,,624,3024917407,57308,JAMONADA ESP PZ 2KG SEGO,2,27.49,PRUDENCIO CABRERA SERGIO ANDRE,,LURIN,MCDO VIRGEN DEL CARMEN PTO 45,-12.29004,-76.85349
07/02/2026,0752-CHORRILLOS,AZX-935,11666070,QUIPE MALLQUI ROSA,,624,3024959847,57394,QUESO EDAM 90GR BDT,0.72,30.62,PRUDENCIO CABRERA SERGIO ANDRE,,LURIN,MCDO ALCANTARA LURIN PTO 5  FRENTE,-12.27683,-76.86939
07/02/2026,0752-CHORRILLOS,AZX-935,11666070,QUIPE MALLQUI ROSA,,624,3024959847,57396,VIENESA 12CM PQ 5UN 175GR OK,2.1,44.34,PRUDENCIO CABRERA SERGIO ANDRE,,LURIN,MCDO ALCANTARA LURIN PTO 5  FRENTE,-12.27683,-76.86939
07/02/2026,0752-CHORRILLOS,AZX-935,11740383,LUJAN RIOS DE SALAZAR SEGUNDA,,624,3024996153,57582,CABANOSSI 25G BDT,0.25,16.01,PRUDENCIO CABRERA SERGIO ANDRE,,LURIN,CA VICTOR RAUL HAYA DE LA TORRE MZ,-12.27699,-76.86897
07/02/2026,0752-CHORRILLOS,AZX-935,11740383,LUJAN RIOS DE SALAZAR SEGUNDA,,624,3024996153,57584,HOT DOG SALCH NARANJA 24U 920GR SEGO -D,1.84,13.49,PRUDENCIO CABRERA SERGIO ANDRE,,LURIN,CA VICTOR RAUL HAYA DE LA TORRE MZ,-12.27699,-76.86897
07/02/2026,0752-CHORRILLOS,AZX-935,11740383,LUJAN RIOS DE SALAZAR SEGUNDA,,624,3024996153,57586,QUESO CREMA PHILADELP BRICK 180GR KRAFT,1.08,55.14,PRUDENCIO CABRERA SERGIO ANDRE,,LURIN,CA VICTOR RAUL HAYA DE LA TORRE MZ,-12.27699,-76.86897
07/02/2026,0752-CHORRILLOS,AZX-935,11740383,LUJAN RIOS DE SALAZAR SEGUNDA,,624,3024996153,57588,HAMBURG DE RES PQ 8UN 85GR OK,0.68,18.58,PRUDENCIO CABRERA SERGIO ANDRE,,LURIN,CA VICTOR RAUL HAYA DE LA TORRE MZ,-12.27699,-76.86897
07/02/2026,0752-CHORRILLOS,AZX-935,11740383,LUJAN RIOS DE SALAZAR SEGUNDA,,624,3024996153,57590,HOT DOG SALCHIP ROSA PQ 24U SEGO,1.84,13.49,PRUDENCIO CABRERA SERGIO ANDRE,,LURIN,CA VICTOR RAUL HAYA DE LA TORRE MZ,-12.27699,-76.86897
07/02/2026,0752-CHORRILLOS,AZX-935,11740383,LUJAN RIOS DE SALAZAR SEGUNDA,,624,3024996153,57592,CHORIZO PARRI PREC 2U 140GR BDT,0.7,14.22,PRUDENCIO CABRERA SERGIO ANDRE,,LURIN,CA VICTOR RAUL HAYA DE LA TORRE MZ,-12.27699,-76.86897
07/02/2026,0752-CHORRILLOS,AZX-935,11740383,LUJAN RIOS DE SALAZAR SEGUNDA,,624,3024996153,57594,CHORIZO FINAS HIERBAS 0.5 KG SEGO,0.5,9.4,PRUDENCIO CABRERA SERGIO ANDRE,,LURIN,CA VICTOR RAUL HAYA DE LA TORRE MZ,-12.27699,-76.86897
07/02/2026,0752-CHORRILLOS,AZX-935,11736215,FARFAN ACHULLI JAVIER,,624,3025028086,57816,PIZZERO 3KG SEGO,6,62.69,PRUDENCIO CABRERA SERGIO ANDRE,,LURIN,JR INDEPENDENCIA MZ 4 LT 6,-12.29238,-76.85398
07/02/2026,0752-CHORRILLOS,AZX-935,11732055,LACE VILLANO WILSON FREDDY,,624,3025047738,58018,MORCILLA COCTEL 1KG AP BDT,1,40.31,PRUDENCIO CABRERA SERGIO ANDRE,,LURIN,PJ AH JOSE OLAYA BALANDRA MZ A LT 4,-12.30755,-76.83899
07/02/2026,0752-CHORRILLOS,AZX-935,11732055,LACE VILLANO WILSON FREDDY,,624,3025047738,58020,PACK J PIZZA Y EDAM 340GR OK,1.36,44.22,PRUDENCIO CABRERA SERGIO ANDRE,,LURIN,PJ AH JOSE OLAYA BALANDRA MZ A LT 4,-12.30755,-76.83899
07/02/2026,0752-CHORRILLOS,AZX-935,11732055,LACE VILLANO WILSON FREDDY,,624,3025047738,58022,VIENESA 12CM PQ 5UN 175GR OK,0.7,15.08,PRUDENCIO CABRERA SERGIO ANDRE,,LURIN,PJ AH JOSE OLAYA BALANDRA MZ A LT 4,-12.30755,-76.83899
07/02/2026,0752-CHORRILLOS,AZX-935,11732055,LACE VILLANO WILSON FREDDY,,624,3025047738,58024,MOLIDA CASERA CG UN 0.5KG SEGO,1.5,20.1,PRUDENCIO CABRERA SERGIO ANDRE,,LURIN,PJ AH JOSE OLAYA BALANDRA MZ A LT 4,-12.30755,-76.83899
07/02/2026,0752-CHORRILLOS,AZX-935,11732055,LACE VILLANO WILSON FREDDY,,624,3025047738,58026,CHORIZO PARRI PREC 2U 140GR BDT,0.56,11.37,PRUDENCIO CABRERA SERGIO ANDRE,,LURIN,PJ AH JOSE OLAYA BALANDRA MZ A LT 4,-12.30755,-76.83899
07/02/2026,0752-CHORRILLOS,AZX-935,11732055,LACE VILLANO WILSON FREDDY,,624,3025047738,58028,QUESO PARIA CU?A 250GR AP QKALAS,0.5,13.56,PRUDENCIO CABRERA SERGIO ANDRE,,LURIN,PJ AH JOSE OLAYA BALANDRA MZ A LT 4,-12.30755,-76.83899
07/02/2026,0752-CHORRILLOS,AZX-935,11732055,LACE VILLANO WILSON FREDDY,,624,3025047738,58030,QUESO ANDINO CU?A 250GR AP QKALAS,0.5,14.24,PRUDENCIO CABRERA SERGIO ANDRE,,LURIN,PJ AH JOSE OLAYA BALANDRA MZ A LT 4,-12.30755,-76.83899
07/02/2026,0752-CHORRILLOS,AZX-935,11732055,LACE VILLANO WILSON FREDDY,,624,3025047738,58032,QUESO PARMESANO CU?A 0.15KG AP QKALAS,0.3,10.18,PRUDENCIO CABRERA SERGIO ANDRE,,LURIN,PJ AH JOSE OLAYA BALANDRA MZ A LT 4,-12.30755,-76.83899
07/02/2026,0752-CHORRILLOS,AZX-935,11667296,ALTAMIRANO HURTADO ROBERTO CIP,,624,3025053260,58116,QUESO CREMA PHILADELP BRICK 180GR KRAFT,1.08,55.14,PRUDENCIO CABRERA SERGIO ANDRE,,LURIN,JR BOLIVAR 338,-12.2725,-76.86821
07/02/2026,0752-CHORRILLOS,AZX-935,11667296,ALTAMIRANO HURTADO ROBERTO CIP,,624,3025053260,58118,MORTADELA ESPECIAL PZ 2.9KG OK,5.8,128.59,PRUDENCIO CABRERA SERGIO ANDRE,,LURIN,JR BOLIVAR 338,-12.2725,-76.86821
07/02/2026,0752-CHORRILLOS,AZX-935,11667296,ALTAMIRANO HURTADO ROBERTO CIP,,624,3025053260,58120,CHORIZO PARRI PREC 2U 140GR BDT,0.84,17.06,PRUDENCIO CABRERA SERGIO ANDRE,,LURIN,JR BOLIVAR 338,-12.2725,-76.86821
07/02/2026,0752-CHORRILLOS,AZX-935,11647647,CHIRINOS GUILLEN KARINA LIZETH,,624,3025055302,58378,PACK J PIZZA Y EDAM 340GR OK,1.7,52.52,PRUDENCIO CABRERA SERGIO ANDRE,,LURIN,CALLE LOS BUFEOS JAGUAR MZ M LT 4 L,-12.30896,-76.8381
07/02/2026,0752-CHORRILLOS,AZX-935,11658602,CORIGLIANO ASATO MARIO GUIDO,,624,3025063948,58996,HOT DOG TRADICIONAL 200GR BDT,1,15.56,PRUDENCIO CABRERA SERGIO ANDRE,,LURIN,JR.BOLOGNESI 173 LURIN  REFERENCIA,-12.27478,-76.86981
07/02/2026,0752-CHORRILLOS,AZX-935,11658602,CORIGLIANO ASATO MARIO GUIDO,,624,3025063948,58998,FRANKFURTER GASTRONOMIA 1KG BDT,6,116.55,PRUDENCIO CABRERA SERGIO ANDRE,,LURIN,JR.BOLOGNESI 173 LURIN  REFERENCIA,-12.27478,-76.86981
07/02/2026,0752-CHORRILLOS,AZX-935,11658602,CORIGLIANO ASATO MARIO GUIDO,,624,3025063948,59000,CHORIZO PREC PQ 0.5KG SEGO,2.5,44.59,PRUDENCIO CABRERA SERGIO ANDRE,,LURIN,JR.BOLOGNESI 173 LURIN  REFERENCIA,-12.27478,-76.86981
07/02/2026,0752-CHORRILLOS,AZX-935,11658602,CORIGLIANO ASATO MARIO GUIDO,,624,3025063948,59002,TOCINO AHUM CP MED PZ 2KG AP SEGO,4,137.43,PRUDENCIO CABRERA SERGIO ANDRE,,LURIN,JR.BOLOGNESI 173 LURIN  REFERENCIA,-12.27478,-76.86981
07/02/2026,0752-CHORRILLOS,AZX-935,11749062,GRUPO DE TODITO SAC,,624,3025067034,59412,CHORIZO PARRI PREC 500GR BDT,3,77.5,PRUDENCIO CABRERA SERGIO ANDRE,,PACHACAMAC,AV COLONIAL MZ A33 LT 5 PJ LADO E,-12.22714,-76.85929
07/02/2026,0752-CHORRILLOS,AZX-935,11749062,GRUPO DE TODITO SAC,,624,3025067034,59414,SUP CHORIZO PREC 12U 960GR SEGO,2.88,27.36,PRUDENCIO CABRERA SERGIO ANDRE,,PACHACAMAC,AV COLONIAL MZ A33 LT 5 PJ LADO E,-12.22714,-76.85929
07/02/2026,0752-CHORRILLOS,AZX-935,11749062,GRUPO DE TODITO SAC,,624,3025067034,59416,CHORIZO FINAS HIERBAS 960 GR SEGO,3.84,45.87,PRUDENCIO CABRERA SERGIO ANDRE,,PACHACAMAC,AV COLONIAL MZ A33 LT 5 PJ LADO E,-12.22714,-76.85929
07/02/2026,0752-CHORRILLOS,AZX-935,11749062,GRUPO DE TODITO SAC,,624,3025067034,59418,VIENESA 12CM PQ 5UN 175GR OK,0.7,15.08,PRUDENCIO CABRERA SERGIO ANDRE,,PACHACAMAC,AV COLONIAL MZ A33 LT 5 PJ LADO E,-12.22714,-76.85929
07/02/2026,0752-CHORRILLOS,AZX-935,11749062,GRUPO DE TODITO SAC,,624,3025067034,59420,CHORIZO PREC PQ 0.5KG SEGO,3,53.08,PRUDENCIO CABRERA SERGIO ANDRE,,PACHACAMAC,AV COLONIAL MZ A33 LT 5 PJ LADO E,-12.22714,-76.85929
07/02/2026,0752-CHORRILLOS,AZX-935,11749062,GRUPO DE TODITO SAC,,624,3025067034,59422,CHORIZO PARRI PREC 2U 140GR BDT,0.84,17.06,PRUDENCIO CABRERA SERGIO ANDRE,,PACHACAMAC,AV COLONIAL MZ A33 LT 5 PJ LADO E,-12.22714,-76.85929
07/02/2026,0752-CHORRILLOS,AZX-935,11755986,PEREZ CAMARGO LISSETT YULIANA,,624,3025068006,59550,PACK JAMONADA Y EDAM 180GR BDT,0.72,20.04,PRUDENCIO CABRERA SERGIO ANDRE,,LURIN,AV ANTIGUA PANAMERICANA SUR MZ A LT,-12.30767,-76.83891
07/02/2026,0752-CHORRILLOS,AZX-935,11755986,PEREZ CAMARGO LISSETT YULIANA,,624,3025068006,59552,JAMON PIZZA PQ 100GR 6LJ OK,0.6,17.32,PRUDENCIO CABRERA SERGIO ANDRE,,LURIN,AV ANTIGUA PANAMERICANA SUR MZ A LT,-12.30767,-76.83891
07/02/2026,0752-CHORRILLOS,AZX-935,11755986,PEREZ CAMARGO LISSETT YULIANA,,624,3025068006,59554,POLACA PQ 100GR 8LJ OK,0.6,23.2,PRUDENCIO CABRERA SERGIO ANDRE,,LURIN,AV ANTIGUA PANAMERICANA SUR MZ A LT,-12.30767,-76.83891
07/02/2026,0752-CHORRILLOS,AZX-935,11647646,GUARNIZ CRUZADO REYNEL JAMES,,624,3025069684,59804,CABANOSSI AL VACIO 24U 600GR BDT,1.2,72.79,PRUDENCIO CABRERA SERGIO ANDRE,,LURIN,ASOC DE FAMILIA JAGUAR MZ M LT 01,-12.30898,-76.83796
07/02/2026,0752-CHORRILLOS,AZX-935,11647646,GUARNIZ CRUZADO REYNEL JAMES,,624,3025069684,59806,PACK J PIZZA Y EDAM 340GR OK,2.04,62.13,PRUDENCIO CABRERA SERGIO ANDRE,,LURIN,ASOC DE FAMILIA JAGUAR MZ M LT 01,-12.30898,-76.83796
07/02/2026,0752-CHORRILLOS,AZX-935,11647646,GUARNIZ CRUZADO REYNEL JAMES,,624,3025069684,59808,CHORIZO PREC PQ 0.5KG SEGO,2,35.94,PRUDENCIO CABRERA SERGIO ANDRE,,LURIN,ASOC DE FAMILIA JAGUAR MZ M LT 01,-12.30898,-76.83796
07/02/2026,0752-CHORRILLOS,AZX-935,11647646,GUARNIZ CRUZADO REYNEL JAMES,,624,3025069684,59810,CHORIZO PARRI PREC 2U 140GR BDT,1.68,32.07,PRUDENCIO CABRERA SERGIO ANDRE,,LURIN,ASOC DE FAMILIA JAGUAR MZ M LT 01,-12.30898,-76.83796
07/02/2026,0752-CHORRILLOS,AZX-935,11699320,BODEGA LUCHITA EIRL,,624,3025071749,59938,CHORIZO PARRI PREC 500GR BDT,2.5,65.29,PRUDENCIO CABRERA SERGIO ANDRE,,PACHACAMAC,MCDO SANTA ROSA S/N PACHACAMAC,-12.22662,-76.85968
07/02/2026,0752-CHORRILLOS,AZX-935,11699320,BODEGA LUCHITA EIRL,,624,3025071749,59940,CABANOSSI AL VACIO 24U 600GR BDT,0.6,37.91,PRUDENCIO CABRERA SERGIO ANDRE,,PACHACAMAC,MCDO SANTA ROSA S/N PACHACAMAC,-12.22662,-76.85968
07/02/2026,0752-CHORRILLOS,AZX-935,11699320,BODEGA LUCHITA EIRL,,624,3025071749,59942,QUESO EDAM SR 180GR BDT,1.8,85.68,PRUDENCIO CABRERA SERGIO ANDRE,,PACHACAMAC,MCDO SANTA ROSA S/N PACHACAMAC,-12.22662,-76.85968
07/02/2026,0752-CHORRILLOS,AZX-935,11699320,BODEGA LUCHITA EIRL,,624,3025071749,59944,QUESO GOUDA SR 180GR BDT,1.8,88.03,PRUDENCIO CABRERA SERGIO ANDRE,,PACHACAMAC,MCDO SANTA ROSA S/N PACHACAMAC,-12.22662,-76.85968
07/02/2026,0752-CHORRILLOS,AZX-935,11699320,BODEGA LUCHITA EIRL,,624,3025071749,59946,HAMBURGUESA ANGUS 4U CG 800GR OK,3.2,177.67,PRUDENCIO CABRERA SERGIO ANDRE,,PACHACAMAC,MCDO SANTA ROSA S/N PACHACAMAC,-12.22662,-76.85968
07/02/2026,0752-CHORRILLOS,AZX-935,11699320,BODEGA LUCHITA EIRL,,624,3025071749,59948,QUESO CREMA PHILADELP BRICK 180GR KRAFT,4.32,210.87,PRUDENCIO CABRERA SERGIO ANDRE,,PACHACAMAC,MCDO SANTA ROSA S/N PACHACAMAC,-12.22662,-76.85968
07/02/2026,0752-CHORRILLOS,AZX-935,11699320,BODEGA LUCHITA EIRL,,624,3025071749,59950,PACK J PIZZA Y EDAM 340GR OK,2.04,62.13,PRUDENCIO CABRERA SERGIO ANDRE,,PACHACAMAC,MCDO SANTA ROSA S/N PACHACAMAC,-12.22662,-76.85968
07/02/2026,0752-CHORRILLOS,AZX-935,11699320,BODEGA LUCHITA EIRL,,624,3025071749,59952,QUESO FUNDIDO SABOR CHEDDAR 170GR BDT,0.17,0,PRUDENCIO CABRERA SERGIO ANDRE,,PACHACAMAC,MCDO SANTA ROSA S/N PACHACAMAC,-12.22662,-76.85968
07/02/2026,0752-CHORRILLOS,AZX-935,11699320,BODEGA LUCHITA EIRL,,624,3025071749,59954,HAMBURG DE RES PQ 8UN 85GR OK,5.44,148.66,PRUDENCIO CABRERA SERGIO ANDRE,,PACHACAMAC,MCDO SANTA ROSA S/N PACHACAMAC,-12.22662,-76.85968
07/02/2026,0752-CHORRILLOS,AZX-935,11699320,BODEGA LUCHITA EIRL,,624,3025071749,59956,JAMON DEL PAIS PQ 150GR 8LJ OK,0.9,51.39,PRUDENCIO CABRERA SERGIO ANDRE,,PACHACAMAC,MCDO SANTA ROSA S/N PACHACAMAC,-12.22662,-76.85968
07/02/2026,0752-CHORRILLOS,AZX-935,11699320,BODEGA LUCHITA EIRL,,624,3025071749,59958,LOMO AHUMADO PQ 150GR 6LJ OK,0.9,56.76,PRUDENCIO CABRERA SERGIO ANDRE,,PACHACAMAC,MCDO SANTA ROSA S/N PACHACAMAC,-12.22662,-76.85968
07/02/2026,0752-CHORRILLOS,AZX-935,11699320,BODEGA LUCHITA EIRL,,624,3025071749,59960,POLACA PQ 100GR 8LJ OK,1,38.66,PRUDENCIO CABRERA SERGIO ANDRE,,PACHACAMAC,MCDO SANTA ROSA S/N PACHACAMAC,-12.22662,-76.85968
07/02/2026,0752-CHORRILLOS,AZX-935,11699320,BODEGA LUCHITA EIRL,,624,3025071749,59962,SALCH FRANK ALEM PQ 4UN 280GR OK,1.68,71.95,PRUDENCIO CABRERA SERGIO ANDRE,,PACHACAMAC,MCDO SANTA ROSA S/N PACHACAMAC,-12.22662,-76.85968
07/02/2026,0752-CHORRILLOS,AZX-935,11699320,BODEGA LUCHITA EIRL,,624,3025071749,59964,VIENESA 12CM PQ 5UN 175GR OK,1.4,30.17,PRUDENCIO CABRERA SERGIO ANDRE,,PACHACAMAC,MCDO SANTA ROSA S/N PACHACAMAC,-12.22662,-76.85968
07/02/2026,0752-CHORRILLOS,AZX-935,11699320,BODEGA LUCHITA EIRL,,624,3025071749,59966,CHORIZO PARRILLERO PQ 4UN 400GR OK,2,71.78,PRUDENCIO CABRERA SERGIO ANDRE,,PACHACAMAC,MCDO SANTA ROSA S/N PACHACAMAC,-12.22662,-76.85968
07/02/2026,0752-CHORRILLOS,AZX-935,11699320,BODEGA LUCHITA EIRL,,624,3025071749,59968,CABANOSSI 20GR OK,0.4,53.96,PRUDENCIO CABRERA SERGIO ANDRE,,PACHACAMAC,MCDO SANTA ROSA S/N PACHACAMAC,-12.22662,-76.85968
07/02/2026,0752-CHORRILLOS,AZX-935,11699320,BODEGA LUCHITA EIRL,,624,3025071749,59970,CHORIZO PREC PQ 0.5KG SEGO,2.5,44.59,PRUDENCIO CABRERA SERGIO ANDRE,,PACHACAMAC,MCDO SANTA ROSA S/N PACHACAMAC,-12.22662,-76.85968
07/02/2026,0752-CHORRILLOS,AZX-935,11699320,BODEGA LUCHITA EIRL,,624,3025071749,59972,JAMON SERRANO 8U CJ 800GR OK,0.8,138.35,PRUDENCIO CABRERA SERGIO ANDRE,,PACHACAMAC,MCDO SANTA ROSA S/N PACHACAMAC,-12.22662,-76.85968
07/02/2026,0752-CHORRILLOS,AZX-935,11709861,THE SUPERSTORE SAC,,624,3025072313,60070,SALAME HUNGARO 150GR BDT,0.75,81,PRUDENCIO CABRERA SERGIO ANDRE,,PACHACAMAC,AV MANUEL VALLE 300,-12.22967,-76.8634
07/02/2026,0752-CHORRILLOS,AZX-935,11709861,THE SUPERSTORE SAC,,624,3025072313,60072,HAMBURGUESA ANGUS 4U CG 800GR OK,1.6,88.84,PRUDENCIO CABRERA SERGIO ANDRE,,PACHACAMAC,AV MANUEL VALLE 300,-12.22967,-76.8634
07/02/2026,0752-CHORRILLOS,AZX-935,11709861,THE SUPERSTORE SAC,,624,3025072313,60074,QUESO CREMA PHILADELP BRICK 180GR KRAFT,0.72,37.84,PRUDENCIO CABRERA SERGIO ANDRE,,PACHACAMAC,AV MANUEL VALLE 300,-12.22967,-76.8634
07/02/2026,0752-CHORRILLOS,AZX-935,11709861,THE SUPERSTORE SAC,,624,3025072313,60076,PACK J PIZZA Y EDAM 340GR OK,1.7,52.52,PRUDENCIO CABRERA SERGIO ANDRE,,PACHACAMAC,AV MANUEL VALLE 300,-12.22967,-76.8634
07/02/2026,0752-CHORRILLOS,AZX-935,11709861,THE SUPERSTORE SAC,,624,3025072313,60078,PHILADELPHIA ORIGINAL TUB 150GR KRAFT,0.45,23.54,PRUDENCIO CABRERA SERGIO ANDRE,,PACHACAMAC,AV MANUEL VALLE 300,-12.22967,-76.8634
07/02/2026,0752-CHORRILLOS,AZX-935,11709861,THE SUPERSTORE SAC,,624,3025072313,60080,HAMBURG DE RES PQ 8UN 85GR OK,1.36,37.17,PRUDENCIO CABRERA SERGIO ANDRE,,PACHACAMAC,AV MANUEL VALLE 300,-12.22967,-76.8634
07/02/2026,0752-CHORRILLOS,AZX-935,11709861,THE SUPERSTORE SAC,,624,3025072313,60082,CHORIZO PARRILLERO PQ 4UN 400GR OK,0.4,14.36,PRUDENCIO CABRERA SERGIO ANDRE,,PACHACAMAC,AV MANUEL VALLE 300,-12.22967,-76.8634
07/02/2026,0752-CHORRILLOS,AZX-935,11709861,THE SUPERSTORE SAC,,624,3025072313,60084,CHORIZO CAMPESTRE PQ 4UN 400GR OK,0.8,29.95,PRUDENCIO CABRERA SERGIO ANDRE,,PACHACAMAC,AV MANUEL VALLE 300,-12.22967,-76.8634
07/02/2026,0752-CHORRILLOS,AZX-935,11709861,THE SUPERSTORE SAC,,624,3025072313,60086,CHORIZO PARRI PREC 2U 140GR BDT,0.28,5.69,PRUDENCIO CABRERA SERGIO ANDRE,,PACHACAMAC,AV MANUEL VALLE 300,-12.22967,-76.8634
07/02/2026,0752-CHORRILLOS,AZX-935,11658894,URURI CUEVA EVA,,624,3025073445,60108,QUESO CREMA PHILADELP BRICK 180GR KRAFT,1.08,56.41,PRUDENCIO CABRERA SERGIO ANDRE,,PACHACAMAC,AV COLONIAL MZ 34 LT 3 PACHACAMAC,-12.22663,-76.85967
07/02/2026,0752-CHORRILLOS,AZX-935,11658894,URURI CUEVA EVA,,624,3025073445,60110,VIENESA 12CM PQ 5UN 175GR OK,0.53,11.09,PRUDENCIO CABRERA SERGIO ANDRE,,PACHACAMAC,AV COLONIAL MZ 34 LT 3 PACHACAMAC,-12.22663,-76.85967
07/02/2026,0752-CHORRILLOS,AZX-935,11658894,URURI CUEVA EVA,,624,3025073445,60112,HOT DOG SALCHIP ROSA PQ 24U SEGO,2.76,18.92,PRUDENCIO CABRERA SERGIO ANDRE,,PACHACAMAC,AV COLONIAL MZ 34 LT 3 PACHACAMAC,-12.22663,-76.85967
07/02/2026,0752-CHORRILLOS,AZX-935,11735996,MENOR CRUZ EDINSON ROEL,,624,3025074977,60466,CHORIZO PARRI PREC 2U 140GR BDT,1.96,37.01,PRUDENCIO CABRERA SERGIO ANDRE,,LURIN,JR INDEPENDENCIA MZ 14 LT 1,-12.28955,-76.85358
07/02/2026,0752-CHORRILLOS,AZX-935,11615555,HUAVIL REYES EUMISA ELIA,,624,3025076364,60568,QUESO CREMA PHILADELP BRICK 180GR KRAFT,1.08,55.14,PRUDENCIO CABRERA SERGIO ANDRE,,LURIN,JR HUASCAR 199,-12.27496,-76.86957
07/02/2026,0752-CHORRILLOS,AZX-935,11615555,HUAVIL REYES EUMISA ELIA,,624,3025076364,60570,QUESO FUNDIDO SABOR CHEDDAR 170GR BDT,0.17,0,PRUDENCIO CABRERA SERGIO ANDRE,,LURIN,JR HUASCAR 199,-12.27496,-76.86957
07/02/2026,0752-CHORRILLOS,AZX-935,11615555,HUAVIL REYES EUMISA ELIA,,624,3025076364,60572,PHILADELPHIA ORIGINAL TUB 150GR KRAFT,0.9,43.27,PRUDENCIO CABRERA SERGIO ANDRE,,LURIN,JR HUASCAR 199,-12.27496,-76.86957
07/02/2026,0752-CHORRILLOS,AZX-935,11615555,HUAVIL REYES EUMISA ELIA,,624,3025076364,60574,PACK JAMONADA Y EDAM 180GR BDT,1.08,30.08,PRUDENCIO CABRERA SERGIO ANDRE,,LURIN,JR HUASCAR 199,-12.27496,-76.86957
07/02/2026,0752-CHORRILLOS,AZX-935,11615555,HUAVIL REYES EUMISA ELIA,,624,3025076364,60576,VIENESA 12CM PQ 5UN 175GR OK,1.05,22.63,PRUDENCIO CABRERA SERGIO ANDRE,,LURIN,JR HUASCAR 199,-12.27496,-76.86957
07/02/2026,0752-CHORRILLOS,AZX-935,11615555,HUAVIL REYES EUMISA ELIA,,624,3025076364,60578,JAMONADA POLLO PZ 2KG SEGO,6,59.74,PRUDENCIO CABRERA SERGIO ANDRE,,LURIN,JR HUASCAR 199,-12.27496,-76.86957
07/02/2026,0752-CHORRILLOS,AZX-935,11615555,HUAVIL REYES EUMISA ELIA,,624,3025076364,60580,MORTADELA PZ 2KG SEGO,2,27.14,PRUDENCIO CABRERA SERGIO ANDRE,,LURIN,JR HUASCAR 199,-12.27496,-76.86957
07/02/2026,0752-CHORRILLOS,AZX-935,11739234,AGURTO OBISPO CELIA VERONICA,,624,3025076864,60690,QUESO CREMA PHILADELP BRICK 180GR KRAFT,1.08,55.14,PRUDENCIO CABRERA SERGIO ANDRE,,PACHACAMAC,MCDO COLONIAL PTO 25-26,-12.22689,-76.85937
07/02/2026,0752-CHORRILLOS,AZX-935,11739234,AGURTO OBISPO CELIA VERONICA,,624,3025076864,60692,JAMON DEL PAIS 200GR SEGO,0.2,6.34,PRUDENCIO CABRERA SERGIO ANDRE,,PACHACAMAC,MCDO COLONIAL PTO 25-26,-12.22689,-76.85937
07/02/2026,0752-CHORRILLOS,AZX-935,11739234,AGURTO OBISPO CELIA VERONICA,,624,3025076864,60694,SALCHICHA DEL NORTE 150G OK,0.3,8.64,PRUDENCIO CABRERA SERGIO ANDRE,,PACHACAMAC,MCDO COLONIAL PTO 25-26,-12.22689,-76.85937
07/02/2026,0752-CHORRILLOS,AZX-935,11739234,AGURTO OBISPO CELIA VERONICA,,624,3025076864,60696,CHORIZO AHUMADO 400GR BDT,1.2,39.69,PRUDENCIO CABRERA SERGIO ANDRE,,PACHACAMAC,MCDO COLONIAL PTO 25-26,-12.22689,-76.85937
07/02/2026,0752-CHORRILLOS,AZX-935,11739234,AGURTO OBISPO CELIA VERONICA,,624,3025076864,60698,CHORIZO FINAS HIERBAS 960 GR SEGO,2.88,34.4,PRUDENCIO CABRERA SERGIO ANDRE,,PACHACAMAC,MCDO COLONIAL PTO 25-26,-12.22689,-76.85937
07/02/2026,0752-CHORRILLOS,AZX-935,11739234,AGURTO OBISPO CELIA VERONICA,,624,3025076864,60700,PACK J PIZZA Y EDAM 340GR OK,1.36,44.22,PRUDENCIO CABRERA SERGIO ANDRE,,PACHACAMAC,MCDO COLONIAL PTO 25-26,-12.22689,-76.85937
07/02/2026,0752-CHORRILLOS,AZX-935,11739234,AGURTO OBISPO CELIA VERONICA,,624,3025076864,60702,CHORIZO PREC PQ 0.5KG SEGO,1.5,28.08,PRUDENCIO CABRERA SERGIO ANDRE,,PACHACAMAC,MCDO COLONIAL PTO 25-26,-12.22689,-76.85937
07/02/2026,0752-CHORRILLOS,AZX-935,11739234,AGURTO OBISPO CELIA VERONICA,,624,3025076864,60704,CHORIZO PARRI PREC 2U 140GR BDT,0.7,14.22,PRUDENCIO CABRERA SERGIO ANDRE,,PACHACAMAC,MCDO COLONIAL PTO 25-26,-12.22689,-76.85937
07/02/2026,0752-CHORRILLOS,AZX-935,11739234,AGURTO OBISPO CELIA VERONICA,,624,3025076864,60706,CHORIZO FINAS HIERBAS 0.5 KG SEGO,1.5,26.79,PRUDENCIO CABRERA SERGIO ANDRE,,PACHACAMAC,MCDO COLONIAL PTO 25-26,-12.22689,-76.85937
07/02/2026,0752-CHORRILLOS,AZX-935,11739234,AGURTO OBISPO CELIA VERONICA,,624,3025076864,60708,PACK JAMON Y QUESO 157 GR SEGO,0.47,15.85,PRUDENCIO CABRERA SERGIO ANDRE,,PACHACAMAC,MCDO COLONIAL PTO 25-26,-12.22689,-76.85937
07/02/2026,0752-CHORRILLOS,AZX-935,11752122,ROMERO CARREÑO LORENA ADELAIDA,,624,3025084166,61564,CHORIZO FINAS HIERBAS 960 GR SEGO,3.84,45.87,PRUDENCIO CABRERA SERGIO ANDRE,,PACHACAMAC,AV COLONIAL MZ 36 LT 1A,-12.22811,-76.85841
07/02/2026,0752-CHORRILLOS,AZX-935,11751175,PINEDO TORRES RUSBER AUGUSTO,,624,3025086230,61822,QUESO CREMA PHILADELP BRICK 180GR KRAFT,1.08,55.14,PRUDENCIO CABRERA SERGIO ANDRE,,PACHACAMAC,AV VICTOR MALASQUEZ MZ 45 LT 1,-12.22659,-76.86202
07/02/2026,0752-CHORRILLOS,AZX-935,11751175,PINEDO TORRES RUSBER AUGUSTO,,624,3025086230,61824,MORTADELA ESPECIAL PZ 2.9KG OK,2.9,64.3,PRUDENCIO CABRERA SERGIO ANDRE,,PACHACAMAC,AV VICTOR MALASQUEZ MZ 45 LT 1,-12.22659,-76.86202
07/02/2026,0752-CHORRILLOS,AZX-935,11758265,ARIAS HURTADO SILVIO JOSE,,624,3025063962,59004,QUESO FUNDIDO SABOR CHEDDAR 170GR BDT,2.04,66.11,PRUDENCIO CABRERA SERGIO ANDRE,,LURIN,AV LOS PULPOS MZ D LT 17,-12.30933,-76.84094
07/02/2026,0752-CHORRILLOS,AZX-935,11758265,ARIAS HURTADO SILVIO JOSE,,624,3025084423,61610,PATE 100GR BDT,0.6,14.47,PRUDENCIO CABRERA SERGIO ANDRE,,LURIN,AV LOS PULPOS MZ D LT 17,-12.30933,-76.84094
07/02/2026,0752-CHORRILLOS,AZX-935,11758265,ARIAS HURTADO SILVIO JOSE,,624,3025084423,61612,PACK JAMON Y QUESO 370GR BDT,2.22,61.64,PRUDENCIO CABRERA SERGIO ANDRE,,LURIN,AV LOS PULPOS MZ D LT 17,-12.30933,-76.84094
07/02/2026,0752-CHORRILLOS,AZX-935,11758265,ARIAS HURTADO SILVIO JOSE,,624,3025084423,61614,QUESO FUNDIDO SABOR CHEDDAR 170GR BDT,0.17,0,PRUDENCIO CABRERA SERGIO ANDRE,,LURIN,AV LOS PULPOS MZ D LT 17,-12.30933,-76.84094
07/02/2026,0752-CHORRILLOS,AZX-935,11758265,ARIAS HURTADO SILVIO JOSE,,624,3025084423,61616,JAMON PIZZA PQ 100GR 6LJ OK,0.6,17.32,PRUDENCIO CABRERA SERGIO ANDRE,,LURIN,AV LOS PULPOS MZ D LT 17,-12.30933,-76.84094
07/02/2026,0752-CHORRILLOS,AZX-935,11758265,ARIAS HURTADO SILVIO JOSE,,624,3025084423,61618,VIENESA 12CM PQ 5UN 175GR OK,1.75,37.71,PRUDENCIO CABRERA SERGIO ANDRE,,LURIN,AV LOS PULPOS MZ D LT 17,-12.30933,-76.84094
07/02/2026,0752-CHORRILLOS,AZX-935,11758265,ARIAS HURTADO SILVIO JOSE,,624,3025084423,61620,CHORIZO PARRILLERO PQ 4UN 400GR OK,2.4,86.13,PRUDENCIO CABRERA SERGIO ANDRE,,LURIN,AV LOS PULPOS MZ D LT 17,-12.30933,-76.84094
07/02/2026,0752-CHORRILLOS,AZX-935,11758540,GUEVARA VASQUEZ NEPTALIA,,624,3025069251,59730,PACK J PIZZA Y EDAM 340GR OK,2.72,80.48,PRUDENCIO CABRERA SERGIO ANDRE,,LURIN,AV LOS PULPOS MZ B LT 17,-12.30837,-76.84
07/02/2026,0752-CHORRILLOS,AZX-935,11747412,ANCO CARDENAS JOSE ARMANDO,,718,3024793989,57156,JAMON SANDWICH 500GR BDT,0.5,6.8,PRUDENCIO CABRERA SERGIO ANDRE,,LURIN,CA MONASTERIO MZ D LT 2 FUNDO SAN V,-12.27215,-76.87842
07/02/2026,0752-CHORRILLOS,AZX-935,11747412,ANCO CARDENAS JOSE ARMANDO,,718,3024793989,57158,HOT DOG 3.1KG AP BDT,3.1,31.62,PRUDENCIO CABRERA SERGIO ANDRE,,LURIN,CA MONASTERIO MZ D LT 2 FUNDO SAN V,-12.27215,-76.87842
07/02/2026,0752-CHORRILLOS,AZX-935,11747412,ANCO CARDENAS JOSE ARMANDO,,718,3024793989,57160,QUESO EDAM 440GR BDT,1.32,45.9,PRUDENCIO CABRERA SERGIO ANDRE,,LURIN,CA MONASTERIO MZ D LT 2 FUNDO SAN V,-12.27215,-76.87842
07/02/2026,0752-CHORRILLOS,AZX-935,11746860,GRUPO LA SALCHI SAC,,718,3025027757,57810,FRANKFURTER GASTRONOMIA 1KG BDT,5,84.75,PRUDENCIO CABRERA SERGIO ANDRE,,LURIN,JR BOLOGNESI Y JR VERACRUZ 292,-12.27443,-76.86947
07/02/2026,0752-CHORRILLOS,AZX-935,11746860,GRUPO LA SALCHI SAC,,718,3025027757,57812,SUP CHORIZO PREC PQ 10U 0.8KG SEGO,3.2,46.04,PRUDENCIO CABRERA SERGIO ANDRE,,LURIN,JR BOLOGNESI Y JR VERACRUZ 292,-12.27443,-76.86947
07/02/2026,0752-CHORRILLOS,AZX-935,11724946,INVERSIONES DEKIRU SAC,ROKYS ASADO ARGENTINO LURIN,713,3025031584,57852,MANTEQUILLA CON SAL 1KG AP SIGMA FS,1,31.84,PRUDENCIO CABRERA SERGIO ANDRE,,LURIN,KM 40 MZ 3 LT 5 AH NUEVO LURIN  ANT,-12.29513,-76.85249
07/02/2026,0752-CHORRILLOS,AZX-935,11724946,INVERSIONES DEKIRU SAC,ROKYS ASADO ARGENTINO LURIN,713,3025031584,57854,JAMON PIZZA PQ 100GR 6LJ OK,1,19.5,PRUDENCIO CABRERA SERGIO ANDRE,,LURIN,KM 40 MZ 3 LT 5 AH NUEVO LURIN  ANT,-12.29513,-76.85249
07/02/2026,0752-CHORRILLOS,AZX-935,11724946,INVERSIONES DEKIRU SAC,ROKYS ASADO ARGENTINO LURIN,713,3025031584,57856,FRANK AHUM CUL 15CM PQ 20UN 1KG OK,8,157.76,PRUDENCIO CABRERA SERGIO ANDRE,,LURIN,KM 40 MZ 3 LT 5 AH NUEVO LURIN  ANT,-12.29513,-76.85249
07/02/2026,0752-CHORRILLOS,AZX-935,11740725,VALDERA ZEÑA ISIDRO,,718,3025077757,60850,HOT DOG POLLO 500GR BDT,2.5,33.35,PRUDENCIO CABRERA SERGIO ANDRE,,LURIN,JR MIGUEL GRAU 413,-12.27309,-76.8692
07/02/2026,0752-CHORRILLOS,AZX-935,11740725,VALDERA ZEÑA ISIDRO,,718,3025077757,60852,BIFE ANCHO AG ARG CG 2.5 KG AP CLL,2.5,218,PRUDENCIO CABRERA SERGIO ANDRE,,LURIN,JR MIGUEL GRAU 413,-12.27309,-76.8692
07/02/2026,0752-CHORRILLOS,AZX-935,11740725,VALDERA ZEÑA ISIDRO,,718,3025077757,60854,BIFE PALETA CERDO CG 0.8KG AP OK,2.4,48.7,PRUDENCIO CABRERA SERGIO ANDRE,,LURIN,JR MIGUEL GRAU 413,-12.27309,-76.8692
07/02/2026,0752-CHORRILLOS,AZX-935,11740725,VALDERA ZEÑA ISIDRO,,718,3025077757,60856,BOLA LOMO BR CG 4.8KG AP MT,13,401.7,PRUDENCIO CABRERA SERGIO ANDRE,,LURIN,JR MIGUEL GRAU 413,-12.27309,-76.8692
07/02/2026,0752-CHORRILLOS,AZX-935,11740725,VALDERA ZEÑA ISIDRO,,718,3025077757,60858,CHULETA BARCA 300G CG BL 10UNX3KG OK,3,62.88,PRUDENCIO CABRERA SERGIO ANDRE,,LURIN,JR MIGUEL GRAU 413,-12.27309,-76.8692
07/02/2026,0752-CHORRILLOS,AZX-935,11740725,VALDERA ZEÑA ISIDRO,,718,3025077757,60860,CHORIZO PREC PQ 0.5KG SEGO,2.5,49.35,PRUDENCIO CABRERA SERGIO ANDRE,,LURIN,JR MIGUEL GRAU 413,-12.27309,-76.8692
07/02/2026,0752-CHORRILLOS,AZX-935,11750615,GAMING BUREAU SAC,,718,3025082937,61410,CHORIZO PARRI PREC 500GR BDT,10,186.6,PRUDENCIO CABRERA SERGIO ANDRE,,LURIN,AV VR HAYA DE LA TORRE MZ A LT 4B,-12.27539,-76.87054
07/02/2026,0752-CHORRILLOS,AZX-935,11750615,GAMING BUREAU SAC,,718,3025082937,61412,JAMON PIERNA 4KG AP BDT,4,152.52,PRUDENCIO CABRERA SERGIO ANDRE,,LURIN,AV VR HAYA DE LA TORRE MZ A LT 4B,-12.27539,-76.87054
07/02/2026,0752-CHORRILLOS,AZX-935,11746919,DARWIN JOSE REYES HERRERA,CHAMO GRILL RESTAURANTE,718,3025086458,61852,JAMON PIERNA 4KG AP BDT,4,202.4,PRUDENCIO CABRERA SERGIO ANDRE,,LURIN,ANT PANAM SUR KM 36 LT 5,-12.27625,-76.87173
07/02/2026,0752-CHORRILLOS,AZX-935,11740214,ZAIMAR YUSNEILBYS RODRIGUEZ HE,,718,3025096248,62458,HOT DOG 3.1KG AP BDT,3.1,31.62,PRUDENCIO CABRERA SERGIO ANDRE,,LURIN,CAR PANAM SUR KM 36 LT 5,-12.27635,-76.87086
07/02/2026,0752-CHORRILLOS,AZX-935,11740214,ZAIMAR YUSNEILBYS RODRIGUEZ HE,,718,3025096248,62460,FUNDIDO SABOR CHEDDAR 2.27KG MILKUNZ,2.27,61.8,PRUDENCIO CABRERA SERGIO ANDRE,,LURIN,CAR PANAM SUR KM 36 LT 5,-12.27635,-76.87086
07/02/2026,0752-CHORRILLOS,B4V-736,11743323,INVERSIONES MASAD EIRL,,716,3025088457,61988,TOCINO AHUMADO 1KG BDT,3,143.46,DELGADO VELASQUEZ JOHN ANTHONY,,LIMA,JR DE LA UNION 501,-12.04715,-77.03203
07/02/2026,0752-CHORRILLOS,B4V-736,11743323,INVERSIONES MASAD EIRL,,716,3025088457,61990,JAMON PIZZERO 500GR BDT,7.5,181.5,DELGADO VELASQUEZ JOHN ANTHONY,,LIMA,JR DE LA UNION 501,-12.04715,-77.03203
07/02/2026,0752-CHORRILLOS,B4V-736,11743323,INVERSIONES MASAD EIRL,,716,3025088457,61992,JAMON DEL PAIS 500GR BDT,1,65.46,DELGADO VELASQUEZ JOHN ANTHONY,,LIMA,JR DE LA UNION 501,-12.04715,-77.03203
07/02/2026,0752-CHORRILLOS,B4V-736,11743323,INVERSIONES MASAD EIRL,,716,3025088457,61994,CHORIZO PARRI FRESCO 5U 500GR BDT,1,34.48,DELGADO VELASQUEZ JOHN ANTHONY,,LIMA,JR DE LA UNION 501,-12.04715,-77.03203
07/02/2026,0752-CHORRILLOS,B4V-736,11743323,INVERSIONES MASAD EIRL,,716,3025088457,61996,HOT DOG 3.1KG AP BDT,3.1,55.34,DELGADO VELASQUEZ JOHN ANTHONY,,LIMA,JR DE LA UNION 501,-12.04715,-77.03203
07/02/2026,0752-CHORRILLOS,B4V-736,11743323,INVERSIONES MASAD EIRL,,716,3025088457,61998,QUESO EDAM REB 500GR SIGMA FS,7.5,297,DELGADO VELASQUEZ JOHN ANTHONY,,LIMA,JR DE LA UNION 501,-12.04715,-77.03203
07/02/2026,0752-CHORRILLOS,B4V-736,11734988,ESBARI SAC,,716,3025075689,60556,TOCINO AHUMADO 1KG BDT,3,143.46,DELGADO VELASQUEZ JOHN ANTHONY,,LIMA,JR DE LA UNION 574,-12.04784,-77.03266
07/02/2026,0752-CHORRILLOS,B4V-736,11734988,ESBARI SAC,,716,3025075689,60558,JAMON PIZZERO 500GR BDT,5,121,DELGADO VELASQUEZ JOHN ANTHONY,,LIMA,JR DE LA UNION 574,-12.04784,-77.03266
07/02/2026,0752-CHORRILLOS,B4V-736,11734988,ESBARI SAC,,716,3025075689,60560,JAMON DEL PAIS 500GR BDT,0.5,32.73,DELGADO VELASQUEZ JOHN ANTHONY,,LIMA,JR DE LA UNION 574,-12.04784,-77.03266
07/02/2026,0752-CHORRILLOS,B4V-736,11734988,ESBARI SAC,,716,3025075689,60562,CHORIZO PARRI FRESCO 5U 500GR BDT,0.5,17.24,DELGADO VELASQUEZ JOHN ANTHONY,,LIMA,JR DE LA UNION 574,-12.04784,-77.03266
07/02/2026,0752-CHORRILLOS,B4V-736,11734988,ESBARI SAC,,716,3025075689,60564,HOT DOG 3.1KG AP BDT,3.1,55.34,DELGADO VELASQUEZ JOHN ANTHONY,,LIMA,JR DE LA UNION 574,-12.04784,-77.03266
07/02/2026,0752-CHORRILLOS,B4V-736,11734988,ESBARI SAC,,716,3025075689,60566,QUESO EDAM REB 500GR SIGMA FS,5,198,DELGADO VELASQUEZ JOHN ANTHONY,,LIMA,JR DE LA UNION 574,-12.04784,-77.03266
07/02/2026,0752-CHORRILLOS,B4V-736,11602755,NEWREST PERU SAC,BCR PRINCIPAL E,714,3024928168,57346,PCH POL SH SP BR 2U CG CJ 15KG AP PERDIX,60,783,DELGADO VELASQUEZ JOHN ANTHONY,,LIMA,JR SANTA ROSA NRO 445(BCR PRINCIPAL),-12.05004,-77.02913
07/02/2026,0752-CHORRILLOS,B4V-736,11602755,NEWREST PERU SAC,BCR PRINCIPAL E,714,3024928168,57348,TOCINO CUL CG PQ 500GR 25LJ OK,4,100.59,DELGADO VELASQUEZ JOHN ANTHONY,,LIMA,JR SANTA ROSA NRO 445(BCR PRINCIPAL),-12.05004,-77.02913
07/02/2026,0752-CHORRILLOS,B4V-736,11602755,NEWREST PERU SAC,BCR PRINCIPAL E,714,3024928168,57350,MOLIDA ECO CG UN 1KG SEGO,24,288,DELGADO VELASQUEZ JOHN ANTHONY,,LIMA,JR SANTA ROSA NRO 445(BCR PRINCIPAL),-12.05004,-77.02913
07/02/2026,0752-CHORRILLOS,B4V-736,11742268,PORTAL GOURMET SAC,LOS PORTALES DE LIMA,71B,3025074741,60406,LOMO FINO SC 4 A 5 BR CG 2KG AP MT,10,529.9,DELGADO VELASQUEZ JOHN ANTHONY,,LIMA,JR UCAYALI 579 INT119A,-12.05001,-77.02716
07/02/2026,0752-CHORRILLOS,B4V-736,11604264,INVERSIONES TOMAS VALLE SAC,RKY ABANCAY2 E,713,3025096155,62416,MANTEQUILLA CON SAL 1KG AP SIGMA FS,4,127.35,DELGADO VELASQUEZ JOHN ANTHONY,,LIMA,AV ABANCAY NRO 616,-12.05186,-77.02913
07/02/2026,0752-CHORRILLOS,B4V-736,11604264,INVERSIONES TOMAS VALLE SAC,RKY ABANCAY2 E,713,3025096155,62418,QUESO GOUDA SR 180GR BDT,2.16,94.42,DELGADO VELASQUEZ JOHN ANTHONY,,LIMA,AV ABANCAY NRO 616,-12.05186,-77.02913
07/02/2026,0752-CHORRILLOS,B4V-736,11604264,INVERSIONES TOMAS VALLE SAC,RKY ABANCAY2 E,713,3025096155,62420,FRANKFURTER COCT 250GR BDT,3,92.28,DELGADO VELASQUEZ JOHN ANTHONY,,LIMA,AV ABANCAY NRO 616,-12.05186,-77.02913
07/02/2026,0752-CHORRILLOS,B4V-736,11604264,INVERSIONES TOMAS VALLE SAC,RKY ABANCAY2 E,713,3025096155,62422,JAMON PIZZA PQ 100GR 6LJ OK,1,19.5,DELGADO VELASQUEZ JOHN ANTHONY,,LIMA,AV ABANCAY NRO 616,-12.05186,-77.02913
07/02/2026,0752-CHORRILLOS,B4V-736,11604264,INVERSIONES TOMAS VALLE SAC,RKY ABANCAY2 E,713,3025096155,62424,FUNDIDO SABOR CHEDDAR 2.27KG MILKUNZ,2.27,69.79,DELGADO VELASQUEZ JOHN ANTHONY,,LIMA,AV ABANCAY NRO 616,-12.05186,-77.02913
07/02/2026,0752-CHORRILLOS,B4V-736,11604264,INVERSIONES TOMAS VALLE SAC,RKY ABANCAY2 E,713,3025096155,62426,FRANK AHUM CUL 15CM PQ 20UN 1KG OK,14,276.08,DELGADO VELASQUEZ JOHN ANTHONY,,LIMA,AV ABANCAY NRO 616,-12.05186,-77.02913
07/02/2026,0752-CHORRILLOS,B4V-736,6354764,WYCH INVERSIONES SAC,PLAZA SAN MAR,713,3025093126,62148,TOCINO AHUMADO 1KG BDT,3,126.66,DELGADO VELASQUEZ JOHN ANTHONY,,LIMA,JR CARABAYA 821,-12.05159,-77.03595
07/02/2026,0752-CHORRILLOS,B4V-736,6354764,WYCH INVERSIONES SAC,PLAZA SAN MAR,713,3025093126,62150,CHORIZO FINAS HIERBAS COCT 250GR BDT,2.5,92.1,DELGADO VELASQUEZ JOHN ANTHONY,,LIMA,JR CARABAYA 821,-12.05159,-77.03595
07/02/2026,0752-CHORRILLOS,B4V-736,11636353,MEJIA ESTRADA JORGE,,627,3025074327,60294,PACK JAMON Y QUESO 370GR BDT,0.74,22.39,DELGADO VELASQUEZ JOHN ANTHONY,,LIMA,AV GARCILAZO DE LA VEGA 1618,-12.06143,-77.03788
07/02/2026,0752-CHORRILLOS,B4V-736,11636353,MEJIA ESTRADA JORGE,,627,3025074327,60296,PACK JAMONADA Y EDAM 180GR BDT,0.36,10.55,DELGADO VELASQUEZ JOHN ANTHONY,,LIMA,AV GARCILAZO DE LA VEGA 1618,-12.06143,-77.03788
07/02/2026,0752-CHORRILLOS,B4V-736,11636353,MEJIA ESTRADA JORGE,,627,3025074327,60298,CHORIZO PARRI PREC 2U 140GR BDT,0.56,11.37,DELGADO VELASQUEZ JOHN ANTHONY,,LIMA,AV GARCILAZO DE LA VEGA 1618,-12.06143,-77.03788
07/02/2026,0752-CHORRILLOS,B4V-736,11628033,LUCIO SONCO APFATA,,627,3025057360,58470,PEPPERONI GASTRONOM?A 500GR BDT,2,52.91,DELGADO VELASQUEZ JOHN ANTHONY,,LIMA,AV GARCILAZO DE LA VEGA 1930,-12.06363,-77.03775
07/02/2026,0752-CHORRILLOS,B4V-736,11628033,LUCIO SONCO APFATA,,627,3025057360,58472,MOLIDA ECO CG UN 1KG SEGO,4,50.86,DELGADO VELASQUEZ JOHN ANTHONY,,LIMA,AV GARCILAZO DE LA VEGA 1930,-12.06363,-77.03775
07/02/2026,0752-CHORRILLOS,B4V-736,11628033,LUCIO SONCO APFATA,,627,3025057360,58474,JAMON AMERICANO PQ 0.5KG SEGO,4,72.62,DELGADO VELASQUEZ JOHN ANTHONY,,LIMA,AV GARCILAZO DE LA VEGA 1930,-12.06363,-77.03775
07/02/2026,0752-CHORRILLOS,B4V-736,11710161,INVERSIONES CARIZA EIRL,DJULIA,719,3025093137,62152,PACK JAMON Y QUESO 370GR BDT,0.74,23.22,DELGADO VELASQUEZ JOHN ANTHONY,,JESUS MARIA,AV GRAL EUGENIO GARZON 704,-12.06711,-77.04563
07/02/2026,0752-CHORRILLOS,B4V-736,11710161,INVERSIONES CARIZA EIRL,DJULIA,719,3025093137,62154,JAMON DEL PAIS PZ 3.5KG OK,3.5,180.9,DELGADO VELASQUEZ JOHN ANTHONY,,JESUS MARIA,AV GRAL EUGENIO GARZON 704,-12.06711,-77.04563
07/02/2026,0752-CHORRILLOS,B4V-736,11710161,INVERSIONES CARIZA EIRL,DJULIA,719,3025093137,62156,JAMONADA ESPECIAL PZ 3KG OK,3,77.41,DELGADO VELASQUEZ JOHN ANTHONY,,JESUS MARIA,AV GRAL EUGENIO GARZON 704,-12.06711,-77.04563
07/02/2026,0752-CHORRILLOS,B4V-736,11710161,INVERSIONES CARIZA EIRL,DJULIA,719,3025093137,62158,JAMONADA POLACA PZ 3KG OK,3,80.8,DELGADO VELASQUEZ JOHN ANTHONY,,JESUS MARIA,AV GRAL EUGENIO GARZON 704,-12.06711,-77.04563
07/02/2026,0752-CHORRILLOS,B4V-736,11710161,INVERSIONES CARIZA EIRL,DJULIA,719,3025093137,62160,MORTADELA ESPECIAL PZ 2.9KG OK,2.9,54.59,DELGADO VELASQUEZ JOHN ANTHONY,,JESUS MARIA,AV GRAL EUGENIO GARZON 704,-12.06711,-77.04563
07/02/2026,0752-CHORRILLOS,B4V-736,11710161,INVERSIONES CARIZA EIRL,DJULIA,719,3025093137,62162,VIENESA 12CM PQ 5UN 175GR OK,0.53,11.52,DELGADO VELASQUEZ JOHN ANTHONY,,JESUS MARIA,AV GRAL EUGENIO GARZON 704,-12.06711,-77.04563
07/02/2026,0752-CHORRILLOS,B4V-736,11710161,INVERSIONES CARIZA EIRL,DJULIA,719,3025093137,62164,SALCHICHA DEL NORTE BLS 2KG 100GR OK,2,61.6,DELGADO VELASQUEZ JOHN ANTHONY,,JESUS MARIA,AV GRAL EUGENIO GARZON 704,-12.06711,-77.04563
07/02/2026,0752-CHORRILLOS,B4V-736,6351440,WYCH INVERSIONES SAC,CENTRO CIVICO,713,3025068462,59610,TOCINO AHUMADO 1KG BDT,4,168.88,DELGADO VELASQUEZ JOHN ANTHONY,,LIMA,AV INCA GARCILASO DE LA VEGA 1337,-12.05668,-77.03953
07/02/2026,0752-CHORRILLOS,B4V-736,11608429,PERALTA QUINTANILLA MOISES,PERALTA E,719,3025091217,62068,JAMON PAVO 4.10KG AP BDT,4.1,192.25,DELGADO VELASQUEZ JOHN ANTHONY,,BREÑA,AV VENEZUELA 796,-12.05469,-77.045
07/02/2026,0752-CHORRILLOS,B4V-736,11608429,PERALTA QUINTANILLA MOISES,PERALTA E,719,3025091217,62070,JAMON PIZZA 3.4 - 3.5 KG OK,6.9,164.22,DELGADO VELASQUEZ JOHN ANTHONY,,BREÑA,AV VENEZUELA 796,-12.05469,-77.045
07/02/2026,0752-CHORRILLOS,B4V-736,11608429,PERALTA QUINTANILLA MOISES,PERALTA E,719,3025091217,62072,PACK J PIZZA Y EDAM 340GR OK,1.36,44.52,DELGADO VELASQUEZ JOHN ANTHONY,,BREÑA,AV VENEZUELA 796,-12.05469,-77.045
07/02/2026,0752-CHORRILLOS,B4V-736,11608429,PERALTA QUINTANILLA MOISES,PERALTA E,719,3025091217,62074,JAMONADA ESPECIAL PZ 3KG OK,9,232.23,DELGADO VELASQUEZ JOHN ANTHONY,,BREÑA,AV VENEZUELA 796,-12.05469,-77.045
07/02/2026,0752-CHORRILLOS,B4V-736,11608429,PERALTA QUINTANILLA MOISES,PERALTA E,719,3025091217,62076,MORTADELA ESPECIAL PZ 2.9KG OK,2.9,54.59,DELGADO VELASQUEZ JOHN ANTHONY,,BREÑA,AV VENEZUELA 796,-12.05469,-77.045
07/02/2026,0752-CHORRILLOS,B4V-736,11608429,PERALTA QUINTANILLA MOISES,PERALTA E,719,3025091217,62078,SALCHICHA DEL NORTE BLS 2KG 100GR OK,4,113.04,DELGADO VELASQUEZ JOHN ANTHONY,,BREÑA,AV VENEZUELA 796,-12.05469,-77.045
07/02/2026,0752-CHORRILLOS,B4V-736,11608429,PERALTA QUINTANILLA MOISES,PERALTA E,719,3025091217,62080,CHICHARRON DE PRENSA PZ 2.2 A 2.6KG OK,7.8,203.42,DELGADO VELASQUEZ JOHN ANTHONY,,BREÑA,AV VENEZUELA 796,-12.05469,-77.045
07/02/2026,0752-CHORRILLOS,B4V-736,11750515,VASQUEZ SANCHEZ AURELIO JUNIOR,MR JUVA RESTAURANT,71B,3025078263,60928,FRANKFURTER GASTRONOMIA 2KG BDT,8,137.05,DELGADO VELASQUEZ JOHN ANTHONY,,BREÑA,JR LORETO 530,-12.05526,-77.04942
07/02/2026,0752-CHORRILLOS,B4V-736,11743504,INVERSIONES PQM EIRL,EL GRAN MOLINO,719,3025073487,60114,JAMON PIZZA 3.4 - 3.5 KG OK,6.9,164.22,DELGADO VELASQUEZ JOHN ANTHONY,,BREÑA,AV VENEZUELA 1199 URB CHACRA COLORA,-12.05487,-77.05114
07/02/2026,0752-CHORRILLOS,B4V-736,11743504,INVERSIONES PQM EIRL,EL GRAN MOLINO,719,3025073487,60116,JAMONADA DE POLLO PZ 3KG OK,3,79.39,DELGADO VELASQUEZ JOHN ANTHONY,,BREÑA,AV VENEZUELA 1199 URB CHACRA COLORA,-12.05487,-77.05114
07/02/2026,0752-CHORRILLOS,B4V-736,11743504,INVERSIONES PQM EIRL,EL GRAN MOLINO,719,3025073487,60118,MORTADELA ESPECIAL PZ 2.9KG OK,2.9,54.59,DELGADO VELASQUEZ JOHN ANTHONY,,BREÑA,AV VENEZUELA 1199 URB CHACRA COLORA,-12.05487,-77.05114
07/02/2026,0752-CHORRILLOS,B4V-736,11743504,INVERSIONES PQM EIRL,EL GRAN MOLINO,719,3025073487,60120,SALCHICHA DEL NORTE BLS 2KG 100GR OK,2,61.6,DELGADO VELASQUEZ JOHN ANTHONY,,BREÑA,AV VENEZUELA 1199 URB CHACRA COLORA,-12.05487,-77.05114
07/02/2026,0752-CHORRILLOS,B4V-736,11743504,INVERSIONES PQM EIRL,EL GRAN MOLINO,719,3025073487,60122,CHICHARRON DE PRENSA PZ 2.2 A 2.6KG OK,2.6,67.81,DELGADO VELASQUEZ JOHN ANTHONY,,BREÑA,AV VENEZUELA 1199 URB CHACRA COLORA,-12.05487,-77.05114
07/02/2026,0752-CHORRILLOS,B4V-736,11639223,SALAZAR ORE ELISEO,,627,3025051164,58052,CABANOSSI AL VACIO 24U 600GR BDT,0.6,37.91,DELGADO VELASQUEZ JOHN ANTHONY,,LIMA,JR CHINCHA 264,-12.06283,-77.03977
07/02/2026,0752-CHORRILLOS,B4V-736,11639223,SALAZAR ORE ELISEO,,627,3025051164,58054,TOCINO AHUMADO 80GR BDT,0.16,8.26,DELGADO VELASQUEZ JOHN ANTHONY,,LIMA,JR CHINCHA 264,-12.06283,-77.03977
07/02/2026,0752-CHORRILLOS,B4V-736,11639223,SALAZAR ORE ELISEO,,627,3025051164,58056,SALCHICHA HUACHO 150GR BDT,0.9,22.1,DELGADO VELASQUEZ JOHN ANTHONY,,LIMA,JR CHINCHA 264,-12.06283,-77.03977
07/02/2026,0752-CHORRILLOS,B4V-736,11639223,SALAZAR ORE ELISEO,,627,3025051164,58058,QUESO CREMA PHILADELP BRICK 180GR KRAFT,1.08,55.14,DELGADO VELASQUEZ JOHN ANTHONY,,LIMA,JR CHINCHA 264,-12.06283,-77.03977
07/02/2026,0752-CHORRILLOS,B4V-736,11639223,SALAZAR ORE ELISEO,,627,3025051164,58060,HOT DOG TRADICIONAL 200GR BDT,0.8,12.45,DELGADO VELASQUEZ JOHN ANTHONY,,LIMA,JR CHINCHA 264,-12.06283,-77.03977
07/02/2026,0752-CHORRILLOS,B4V-736,11639223,SALAZAR ORE ELISEO,,627,3025051164,58062,PACK SUPER CHORIZO PREC80GX6PZA SEGO,0.48,6.76,DELGADO VELASQUEZ JOHN ANTHONY,,LIMA,JR CHINCHA 264,-12.06283,-77.03977
07/02/2026,0752-CHORRILLOS,B4V-736,11639223,SALAZAR ORE ELISEO,,627,3025051164,58064,JAMON PIZZA PQ 100GR 6LJ OK,0.2,5.77,DELGADO VELASQUEZ JOHN ANTHONY,,LIMA,JR CHINCHA 264,-12.06283,-77.03977
07/02/2026,0752-CHORRILLOS,B4V-736,11639223,SALAZAR ORE ELISEO,,627,3025051164,58066,JAMONADA ESPECIAL PQ 100GR 8LJ OK,0.2,5.81,DELGADO VELASQUEZ JOHN ANTHONY,,LIMA,JR CHINCHA 264,-12.06283,-77.03977
07/02/2026,0752-CHORRILLOS,B4V-736,11639223,SALAZAR ORE ELISEO,,627,3025051164,58068,POLACA PQ 100GR 8LJ OK,0.2,7.73,DELGADO VELASQUEZ JOHN ANTHONY,,LIMA,JR CHINCHA 264,-12.06283,-77.03977
07/02/2026,0752-CHORRILLOS,B4V-736,11639223,SALAZAR ORE ELISEO,,627,3025051164,58070,CHICHARRON DE PRENSA PQ 100GR 7LJ OK,0.4,12.39,DELGADO VELASQUEZ JOHN ANTHONY,,LIMA,JR CHINCHA 264,-12.06283,-77.03977
07/02/2026,0752-CHORRILLOS,B4V-736,11639223,SALAZAR ORE ELISEO,,627,3025051164,58072,PACK JAMON Y QUESO 157 GR SEGO,0.94,31.7,DELGADO VELASQUEZ JOHN ANTHONY,,LIMA,JR CHINCHA 264,-12.06283,-77.03977
07/02/2026,0752-CHORRILLOS,B4V-736,11704502,ABREGU TELLO JULIO CESAR,,627,3025065274,59024,MOLIDA ECO CG UN 1KG SEGO,30,381.42,DELGADO VELASQUEZ JOHN ANTHONY,,LIMA,JR TARMA 189 UNA CUADRA PLAZA BOLOG,-12.06138,-77.03887
07/02/2026,0752-CHORRILLOS,B4V-736,11704502,ABREGU TELLO JULIO CESAR,,627,3025067880,59480,MOLIDA ECO CG UN 1KG SEGO,24,305.14,DELGADO VELASQUEZ JOHN ANTHONY,,LIMA,JR TARMA 189 UNA CUADRA PLAZA BOLOG,-12.06138,-77.03887
07/02/2026,0752-CHORRILLOS,B4V-736,11631451,CORNEJO BAILON CHELSY HILARY,,627,3025076720,60658,JAMON AMERICANO PQ 0.5KG SEGO,2.5,45.39,DELGADO VELASQUEZ JOHN ANTHONY,,LIMA,CA JOSE DIAZ 310,-12.06751,-77.03466
07/02/2026,0752-CHORRILLOS,B4V-736,11631451,CORNEJO BAILON CHELSY HILARY,,627,3025076720,60660,SALCH HUACHO UN 0.25KG SEGO,1.25,21.56,DELGADO VELASQUEZ JOHN ANTHONY,,LIMA,CA JOSE DIAZ 310,-12.06751,-77.03466
07/02/2026,0752-CHORRILLOS,B4V-736,11689005,GRAND CENTRAL SAC,,712,3025092946,62108,ON TOP MANGA 0.453KG RICHS,0.45,0,DELGADO VELASQUEZ JOHN ANTHONY,,LIMA,AV AREQUIPA 265,-12.06619,-77.03703
07/02/2026,0752-CHORRILLOS,B4V-736,11689005,GRAND CENTRAL SAC,,712,3025099609,62640,QUESO EDAM GAST 0.5KG BRAEDT A,2,58,DELGADO VELASQUEZ JOHN ANTHONY,,LIMA,AV AREQUIPA 265,-12.06619,-77.03703
07/02/2026,0752-CHORRILLOS,B4V-736,11689005,GRAND CENTRAL SAC,,712,3025099609,62642,SALCH HUACHO UN 0.25KG SEGO,0.25,4.66,DELGADO VELASQUEZ JOHN ANTHONY,,LIMA,AV AREQUIPA 265,-12.06619,-77.03703
07/02/2026,0752-CHORRILLOS,B4V-736,11689005,GRAND CENTRAL SAC,,712,3025099609,62644,SUP CHORIZO PREC PQ 10U 0.8KG SEGO,6.4,75.51,DELGADO VELASQUEZ JOHN ANTHONY,,LIMA,AV AREQUIPA 265,-12.06619,-77.03703
07/02/2026,0752-CHORRILLOS,B4V-736,11689005,GRAND CENTRAL SAC,,712,3025099609,62646,PIZZA GASTRONOMICO 0.5KG BDT,2,25,DELGADO VELASQUEZ JOHN ANTHONY,,LIMA,AV AREQUIPA 265,-12.06619,-77.03703
07/02/2026,0752-CHORRILLOS,B4V-736,11705501,TABOADA TORRES PABLO AUGUSTO,,627,3025056186,58422,PATE 100GR BDT,1,24.12,DELGADO VELASQUEZ JOHN ANTHONY,,JESUS MARIA,AV REPUBLICA DE CHILE 601,-12.07069,-77.03874
07/02/2026,0752-CHORRILLOS,B4V-736,11705501,TABOADA TORRES PABLO AUGUSTO,,627,3025056186,58424,PACK JAMON Y QUESO 370GR BDT,2.22,61.64,DELGADO VELASQUEZ JOHN ANTHONY,,JESUS MARIA,AV REPUBLICA DE CHILE 601,-12.07069,-77.03874
07/02/2026,0752-CHORRILLOS,B4V-736,11705501,TABOADA TORRES PABLO AUGUSTO,,627,3025056186,58426,SALCHICHA HUACHO 150GR BDT,3,71.68,DELGADO VELASQUEZ JOHN ANTHONY,,JESUS MARIA,AV REPUBLICA DE CHILE 601,-12.07069,-77.03874
07/02/2026,0752-CHORRILLOS,B4V-736,11705501,TABOADA TORRES PABLO AUGUSTO,,627,3025056186,58428,HOT DOG TRADICIONAL 200GR BDT,2,31.12,DELGADO VELASQUEZ JOHN ANTHONY,,JESUS MARIA,AV REPUBLICA DE CHILE 601,-12.07069,-77.03874
07/02/2026,0752-CHORRILLOS,B4V-736,11705501,TABOADA TORRES PABLO AUGUSTO,,627,3025056186,58430,JAMONADA ESP 100GR BDT,1,19.24,DELGADO VELASQUEZ JOHN ANTHONY,,JESUS MARIA,AV REPUBLICA DE CHILE 601,-12.07069,-77.03874
07/02/2026,0752-CHORRILLOS,B4V-736,11705501,TABOADA TORRES PABLO AUGUSTO,,627,3025056186,58432,JAMONADA ESPECIAL PZ 3KG OK,12,269.98,DELGADO VELASQUEZ JOHN ANTHONY,,JESUS MARIA,AV REPUBLICA DE CHILE 601,-12.07069,-77.03874
07/02/2026,0752-CHORRILLOS,B4V-736,11705501,TABOADA TORRES PABLO AUGUSTO,,627,3025056186,58434,PASTEL DE JAMON PZA 2KG SEGO,2,31.15,DELGADO VELASQUEZ JOHN ANTHONY,,JESUS MARIA,AV REPUBLICA DE CHILE 601,-12.07069,-77.03874
07/02/2026,0752-CHORRILLOS,B4V-736,11705501,TABOADA TORRES PABLO AUGUSTO,,627,3025056186,58436,MORTADELA PZ 2KG SEGO,2,27.14,DELGADO VELASQUEZ JOHN ANTHONY,,JESUS MARIA,AV REPUBLICA DE CHILE 601,-12.07069,-77.03874
07/02/2026,0752-CHORRILLOS,B4V-736,11705501,TABOADA TORRES PABLO AUGUSTO,,627,3025056186,58438,CHORIZO PARRI PREC 2U 140GR BDT,1.12,21.83,DELGADO VELASQUEZ JOHN ANTHONY,,JESUS MARIA,AV REPUBLICA DE CHILE 601,-12.07069,-77.03874
07/02/2026,0752-CHORRILLOS,B4V-736,11743952,DIAZ PAUCARCAJA GLORIA,,627,3025068592,59654,CABANOSSI AL VACIO 24U 600GR BDT,0.6,37.91,DELGADO VELASQUEZ JOHN ANTHONY,,LIMA,AV ARENALES 777,-12.07213,-77.03741
07/02/2026,0752-CHORRILLOS,B4V-736,11743952,DIAZ PAUCARCAJA GLORIA,,627,3025068592,59656,PACK J PIZZA Y EDAM 340GR OK,0.68,22.11,DELGADO VELASQUEZ JOHN ANTHONY,,LIMA,AV ARENALES 777,-12.07213,-77.03741
07/02/2026,0752-CHORRILLOS,B4V-736,11743952,DIAZ PAUCARCAJA GLORIA,,627,3025068592,59658,QUESO FUNDIDO SABOR CHEDDAR 170GR BDT,0.17,0,DELGADO VELASQUEZ JOHN ANTHONY,,LIMA,AV ARENALES 777,-12.07213,-77.03741
07/02/2026,0752-CHORRILLOS,B4V-736,11743952,DIAZ PAUCARCAJA GLORIA,,627,3025068592,59660,SALCHICHA DE POLLO 200G SEGO,1.2,10.89,DELGADO VELASQUEZ JOHN ANTHONY,,LIMA,AV ARENALES 777,-12.07213,-77.03741
07/02/2026,0752-CHORRILLOS,B4V-736,11743952,DIAZ PAUCARCAJA GLORIA,,627,3025068592,59662,VIENESA 12CM PQ 5UN 175GR OK,1.05,22.63,DELGADO VELASQUEZ JOHN ANTHONY,,LIMA,AV ARENALES 777,-12.07213,-77.03741
07/02/2026,0752-CHORRILLOS,B4V-736,11743952,DIAZ PAUCARCAJA GLORIA,,627,3025068592,59664,TOCINO AHUMADO 100GR SEGO,0.8,38.08,DELGADO VELASQUEZ JOHN ANTHONY,,LIMA,AV ARENALES 777,-12.07213,-77.03741
07/02/2026,0752-CHORRILLOS,B4V-736,11743952,DIAZ PAUCARCAJA GLORIA,,627,3025068592,59666,CHORIZO PARRI PREC 2U 140GR BDT,0.84,17.06,DELGADO VELASQUEZ JOHN ANTHONY,,LIMA,AV ARENALES 777,-12.07213,-77.03741
07/02/2026,0752-CHORRILLOS,B4V-736,11687455,FRUTO ESPRESSO EIRL,,627,3024974956,57414,SALCHICHA HUACHO 150GR BDT,1.5,35.84,DELGADO VELASQUEZ JOHN ANTHONY,,LIMA,JR SACO OLIVEROS 299 SANTA BEATRIZ,-12.06819,-77.03575
07/02/2026,0752-CHORRILLOS,B4V-736,11687455,FRUTO ESPRESSO EIRL,,627,3024974956,57416,FRANKFURTER GASTRONOMIA 1KG BDT,2,38.85,DELGADO VELASQUEZ JOHN ANTHONY,,LIMA,JR SACO OLIVEROS 299 SANTA BEATRIZ,-12.06819,-77.03575
07/02/2026,0752-CHORRILLOS,B4V-736,11687455,FRUTO ESPRESSO EIRL,,627,3024974956,57418,CHORIZO PARRI PREC 2U 140GR BDT,0.7,14.22,DELGADO VELASQUEZ JOHN ANTHONY,,LIMA,JR SACO OLIVEROS 299 SANTA BEATRIZ,-12.06819,-77.03575
07/02/2026,0752-CHORRILLOS,B4V-736,11605817,BAILON ZAVALETA MELINA KETTY,,627,3025073624,60130,CHORIZO FINAS HIERBAS 400GR BDT,4,132.29,DELGADO VELASQUEZ JOHN ANTHONY,,LIMA,JR JOSE DIAZ 360 URB SANTA BEATRIZ,-12.06753,-77.03489
07/02/2026,0752-CHORRILLOS,B4V-736,11605817,BAILON ZAVALETA MELINA KETTY,,627,3025073624,60132,CHORIZO PREC PQ 0.5KG SEGO,10,174.11,DELGADO VELASQUEZ JOHN ANTHONY,,LIMA,JR JOSE DIAZ 360 URB SANTA BEATRIZ,-12.06753,-77.03489
07/02/2026,0752-CHORRILLOS,B4V-736,11684266,CARI PARDAVE MONICA SOLEDAD,,627,3025083481,61460,TOCINO AHUMADO 80GR BDT,0.24,12.39,DELGADO VELASQUEZ JOHN ANTHONY,,LIMA,AV PETIT THOUARS 384,-12.06766,-77.03559
07/02/2026,0752-CHORRILLOS,B4V-736,11684266,CARI PARDAVE MONICA SOLEDAD,,627,3025083481,61462,PACK JAMON Y QUESO 370GR BDT,1.48,42.1,DELGADO VELASQUEZ JOHN ANTHONY,,LIMA,AV PETIT THOUARS 384,-12.06766,-77.03559
07/02/2026,0752-CHORRILLOS,B4V-736,11684266,CARI PARDAVE MONICA SOLEDAD,,627,3025083481,61464,PACK JAMONADA DE POLLO 80GX6PZA SEGO,1.92,21.85,DELGADO VELASQUEZ JOHN ANTHONY,,LIMA,AV PETIT THOUARS 384,-12.06766,-77.03559
07/02/2026,0752-CHORRILLOS,B4V-736,11684266,CARI PARDAVE MONICA SOLEDAD,,627,3025083481,61466,PACK JAMON Y QUESO 157 GR SEGO,1.26,42.26,DELGADO VELASQUEZ JOHN ANTHONY,,LIMA,AV PETIT THOUARS 384,-12.06766,-77.03559
07/02/2026,0752-CHORRILLOS,B4V-736,11721341,VALDIVIEZO LOYOLA CABALLERO,,627,3025057387,58476,CABANOSSI AL VACIO 24U 600GR BDT,1.2,72.79,DELGADO VELASQUEZ JOHN ANTHONY,,JESUS MARIA,JR LARRABURRE Y UNANUE 249,-12.06987,-77.03818
07/02/2026,0752-CHORRILLOS,B4V-736,11721341,VALDIVIEZO LOYOLA CABALLERO,,627,3025057387,58478,TOCINO AHUMADO 80GR BDT,0.24,12.39,DELGADO VELASQUEZ JOHN ANTHONY,,JESUS MARIA,JR LARRABURRE Y UNANUE 249,-12.06987,-77.03818
07/02/2026,0752-CHORRILLOS,B4V-736,11721341,VALDIVIEZO LOYOLA CABALLERO,,627,3025057387,58480,QUESO CREMA PHILADELP BRICK 180GR KRAFT,1.08,55.14,DELGADO VELASQUEZ JOHN ANTHONY,,JESUS MARIA,JR LARRABURRE Y UNANUE 249,-12.06987,-77.03818
07/02/2026,0752-CHORRILLOS,B4V-736,11721341,VALDIVIEZO LOYOLA CABALLERO,,627,3025057387,58482,BOLA TIPO MOZZARELLA X 200G BDT,0.6,20.39,DELGADO VELASQUEZ JOHN ANTHONY,,JESUS MARIA,JR LARRABURRE Y UNANUE 249,-12.06987,-77.03818
07/02/2026,0752-CHORRILLOS,B4V-736,11721341,VALDIVIEZO LOYOLA CABALLERO,,627,3025057387,58484,CHORIZO PARRI PREC 2U 140GR BDT,0.7,14.22,DELGADO VELASQUEZ JOHN ANTHONY,,JESUS MARIA,JR LARRABURRE Y UNANUE 249,-12.06987,-77.03818
07/02/2026,0752-CHORRILLOS,B4V-736,11600158,CABRERA LOAYZA RODOLFO EMILIO,,627,3025076545,60610,CABANOSSI 25G BDT,0.3,19.21,DELGADO VELASQUEZ JOHN ANTHONY,,JESUS MARIA,JR LARRABURRE Y UNANUE 261 INT 1PSO,-12.06996,-77.03824
07/02/2026,0752-CHORRILLOS,B4V-736,11600158,CABRERA LOAYZA RODOLFO EMILIO,,627,3025076545,60612,JAMON PIZZERO 100GR BDT,0.6,15.86,DELGADO VELASQUEZ JOHN ANTHONY,,JESUS MARIA,JR LARRABURRE Y UNANUE 261 INT 1PSO,-12.06996,-77.03824
07/02/2026,0752-CHORRILLOS,B4V-736,11600158,CABRERA LOAYZA RODOLFO EMILIO,,627,3025076545,60614,PATE 100GR BDT,0.3,7.24,DELGADO VELASQUEZ JOHN ANTHONY,,JESUS MARIA,JR LARRABURRE Y UNANUE 261 INT 1PSO,-12.06996,-77.03824
07/02/2026,0752-CHORRILLOS,B4V-736,11600158,CABRERA LOAYZA RODOLFO EMILIO,,627,3025076545,60616,QUESO CREMA PHILADELP BRICK 180GR KRAFT,0.72,37.84,DELGADO VELASQUEZ JOHN ANTHONY,,JESUS MARIA,JR LARRABURRE Y UNANUE 261 INT 1PSO,-12.06996,-77.03824
07/02/2026,0752-CHORRILLOS,B4V-736,11600158,CABRERA LOAYZA RODOLFO EMILIO,,627,3025076545,60618,QUESO FUNDIDO SABOR CHEDDAR 170GR BDT,0.17,0,DELGADO VELASQUEZ JOHN ANTHONY,,JESUS MARIA,JR LARRABURRE Y UNANUE 261 INT 1PSO,-12.06996,-77.03824
07/02/2026,0752-CHORRILLOS,B4V-736,11600158,CABRERA LOAYZA RODOLFO EMILIO,,627,3025076545,60620,VIENESA 12CM PQ 5UN 175GR OK,1.05,22.63,DELGADO VELASQUEZ JOHN ANTHONY,,JESUS MARIA,JR LARRABURRE Y UNANUE 261 INT 1PSO,-12.06996,-77.03824
07/02/2026,0752-CHORRILLOS,B4V-736,11600158,CABRERA LOAYZA RODOLFO EMILIO,,627,3025076545,60622,TOCINO AHUM CP MED PZ 2KG AP SEGO,2,68.72,DELGADO VELASQUEZ JOHN ANTHONY,,JESUS MARIA,JR LARRABURRE Y UNANUE 261 INT 1PSO,-12.06996,-77.03824
07/02/2026,0752-CHORRILLOS,B4V-736,11600158,CABRERA LOAYZA RODOLFO EMILIO,,627,3025076545,60624,PACK JAMON Y QUESO 157 GR SEGO,0.63,21.13,DELGADO VELASQUEZ JOHN ANTHONY,,JESUS MARIA,JR LARRABURRE Y UNANUE 261 INT 1PSO,-12.06996,-77.03824
07/02/2026,0752-CHORRILLOS,B4V-736,11603449,RUTH HUAMANCAJA TORRES,,627,3024996167,57596,SALCHICHA HUACHO 150GR BDT,1.2,28.67,DELGADO VELASQUEZ JOHN ANTHONY,,JESUS MARIA,AV REPUBLICA DE CHILE NRO 541,-12.06998,-77.03849
07/02/2026,0752-CHORRILLOS,B4V-736,11603449,RUTH HUAMANCAJA TORRES,,627,3024996167,57598,PACK J PIZZA Y EDAM 340GR OK,2.72,80.48,DELGADO VELASQUEZ JOHN ANTHONY,,JESUS MARIA,AV REPUBLICA DE CHILE NRO 541,-12.06998,-77.03849
07/02/2026,0752-CHORRILLOS,B4V-736,11603449,RUTH HUAMANCAJA TORRES,,627,3024996167,57600,QUESO FUNDIDO SABOR CHEDDAR 170GR BDT,0.34,0,DELGADO VELASQUEZ JOHN ANTHONY,,JESUS MARIA,AV REPUBLICA DE CHILE NRO 541,-12.06998,-77.03849
07/02/2026,0752-CHORRILLOS,B4V-736,11603449,RUTH HUAMANCAJA TORRES,,627,3024996167,57602,JAMONADA ESPECIAL PQ 100GR 8LJ OK,0.8,23.22,DELGADO VELASQUEZ JOHN ANTHONY,,JESUS MARIA,AV REPUBLICA DE CHILE NRO 541,-12.06998,-77.03849
07/02/2026,0752-CHORRILLOS,B4V-736,11603449,RUTH HUAMANCAJA TORRES,,627,3024996167,57604,VIENESA 12CM PQ 5UN 175GR OK,2.1,45.25,DELGADO VELASQUEZ JOHN ANTHONY,,JESUS MARIA,AV REPUBLICA DE CHILE NRO 541,-12.06998,-77.03849
07/02/2026,0752-CHORRILLOS,B4V-736,11603449,RUTH HUAMANCAJA TORRES,,627,3024996167,57606,TOCINO AHUMADO 100GR OK,1,60.17,DELGADO VELASQUEZ JOHN ANTHONY,,JESUS MARIA,AV REPUBLICA DE CHILE NRO 541,-12.06998,-77.03849
07/02/2026,0752-CHORRILLOS,B4V-736,11694472,GRUPO CHEPE BALLENA EIRL,,712,3025100323,62762,POLLO SANGUCHERO CG 1KG SEGO,5,185.4,DELGADO VELASQUEZ JOHN ANTHONY,,JESUS MARIA,AV CUBA 523,-12.07479,-77.04092
07/02/2026,0752-CHORRILLOS,B4V-736,11694472,GRUPO CHEPE BALLENA EIRL,,712,3025100323,62764,JAMON SANDWICH PZ 3.2KG SEGO,6.4,97.94,DELGADO VELASQUEZ JOHN ANTHONY,,JESUS MARIA,AV CUBA 523,-12.07479,-77.04092
07/02/2026,0752-CHORRILLOS,B4V-736,11694472,GRUPO CHEPE BALLENA EIRL,,712,3025100323,62766,SALCH HUACHO UN 0.25KG SEGO,0.75,13.98,DELGADO VELASQUEZ JOHN ANTHONY,,JESUS MARIA,AV CUBA 523,-12.07479,-77.04092
07/02/2026,0752-CHORRILLOS,B4V-736,11694472,GRUPO CHEPE BALLENA EIRL,,712,3025100323,62768,SUP CHORIZO PREC PQ 10U 0.8KG SEGO,1.6,23.02,DELGADO VELASQUEZ JOHN ANTHONY,,JESUS MARIA,AV CUBA 523,-12.07479,-77.04092
07/02/2026,0752-CHORRILLOS,B4V-736,11694472,GRUPO CHEPE BALLENA EIRL,,712,3025100323,62770,SUPER HAMBURG RES PQ 1.008KG SEGO,2.02,23.66,DELGADO VELASQUEZ JOHN ANTHONY,,JESUS MARIA,AV CUBA 523,-12.07479,-77.04092
07/02/2026,0752-CHORRILLOS,B4V-736,11741493,FRANQUICIAS PERUANAS MP SAC,,71B,3024990840,57484,VERSATIE CULINARIA 1L RICHS,4.95,61.5,DELGADO VELASQUEZ JOHN ANTHONY,,JESUS MARIA,AV CUBA 1200 FND. OYAGUE,-12.07481,-77.04698
07/02/2026,0752-CHORRILLOS,B4V-736,11741493,FRANQUICIAS PERUANAS MP SAC,,71B,3024990840,57486,PARMESANO TROZADO 250GR AP SIGMA FS,2.5,102.26,DELGADO VELASQUEZ JOHN ANTHONY,,JESUS MARIA,AV CUBA 1200 FND. OYAGUE,-12.07481,-77.04698
07/02/2026,0752-CHORRILLOS,B4V-736,11737733,MARICELA PERALTA EIRL,.,719,3025088425,61984,SALCHICHA DEL NORTE BLS 2KG 100GR OK,2,61.6,DELGADO VELASQUEZ JOHN ANTHONY,,JESUS MARIA,AV HORACIO URTEAGA 1498,-12.07606,-77.05034
07/02/2026,0752-CHORRILLOS,B4V-736,11737733,MARICELA PERALTA EIRL,.,719,3025088425,61986,CHORIZO PARRILLERO PQ 4UN 400GR OK,0.4,10.96,DELGADO VELASQUEZ JOHN ANTHONY,,JESUS MARIA,AV HORACIO URTEAGA 1498,-12.07606,-77.05034
07/02/2026,0752-CHORRILLOS,B4V-736,11714444,COMERCIAL PERSEBAS EIRL,,627,3025028099,57818,JAMON PIZZERO 500GR BDT,2.5,61.9,DELGADO VELASQUEZ JOHN ANTHONY,,JESUS MARIA,AV CUBA 480,-12.07505,-77.04037
07/02/2026,0752-CHORRILLOS,B4V-736,11714444,COMERCIAL PERSEBAS EIRL,,627,3025028099,57820,QUESO EDAM 440GR BDT,1.32,59.18,DELGADO VELASQUEZ JOHN ANTHONY,,JESUS MARIA,AV CUBA 480,-12.07505,-77.04037
07/02/2026,0752-CHORRILLOS,B4V-736,11714444,COMERCIAL PERSEBAS EIRL,,627,3025028099,57822,VIENESA BLS 5KG OK,5,93.26,DELGADO VELASQUEZ JOHN ANTHONY,,JESUS MARIA,AV CUBA 480,-12.07505,-77.04037
07/02/2026,0752-CHORRILLOS,B4V-736,11714444,COMERCIAL PERSEBAS EIRL,,627,3025072282,60042,PATE 100GR BDT,0.3,7.24,DELGADO VELASQUEZ JOHN ANTHONY,,JESUS MARIA,AV CUBA 480,-12.07505,-77.04037
07/02/2026,0752-CHORRILLOS,B4V-736,11714444,COMERCIAL PERSEBAS EIRL,,627,3025072282,60044,PACK JAMON Y QUESO 370GR BDT,1.48,42.1,DELGADO VELASQUEZ JOHN ANTHONY,,JESUS MARIA,AV CUBA 480,-12.07505,-77.04037
07/02/2026,0752-CHORRILLOS,B4V-736,11714444,COMERCIAL PERSEBAS EIRL,,627,3025072282,60046,QUESO CREMA PHILADELP BRICK 180GR KRAFT,0.54,28.79,DELGADO VELASQUEZ JOHN ANTHONY,,JESUS MARIA,AV CUBA 480,-12.07505,-77.04037
07/02/2026,0752-CHORRILLOS,B4V-736,11714444,COMERCIAL PERSEBAS EIRL,,627,3025072282,60048,HOT DOG TRADICIONAL 200GR BDT,0.8,12.45,DELGADO VELASQUEZ JOHN ANTHONY,,JESUS MARIA,AV CUBA 480,-12.07505,-77.04037
07/02/2026,0752-CHORRILLOS,B4V-736,11714444,COMERCIAL PERSEBAS EIRL,,627,3025072282,60050,BOLA TIPO MOZZARELLA X 200G BDT,0.4,13.59,DELGADO VELASQUEZ JOHN ANTHONY,,JESUS MARIA,AV CUBA 480,-12.07505,-77.04037
07/02/2026,0752-CHORRILLOS,B4V-736,11714444,COMERCIAL PERSEBAS EIRL,,627,3025072282,60052,PACK J PIZZA Y EDAM 340GR OK,1.7,52.52,DELGADO VELASQUEZ JOHN ANTHONY,,JESUS MARIA,AV CUBA 480,-12.07505,-77.04037
07/02/2026,0752-CHORRILLOS,B4V-736,11714444,COMERCIAL PERSEBAS EIRL,,627,3025072282,60054,QUESO FUNDIDO SABOR CHEDDAR 170GR BDT,0.17,0,DELGADO VELASQUEZ JOHN ANTHONY,,JESUS MARIA,AV CUBA 480,-12.07505,-77.04037
07/02/2026,0752-CHORRILLOS,B4V-736,11714444,COMERCIAL PERSEBAS EIRL,,627,3025072282,60056,VIENESA 12CM PQ 5UN 175GR OK,1.05,22.63,DELGADO VELASQUEZ JOHN ANTHONY,,JESUS MARIA,AV CUBA 480,-12.07505,-77.04037
07/02/2026,0752-CHORRILLOS,B4V-736,11714444,COMERCIAL PERSEBAS EIRL,,627,3025072282,60058,CHICHARRON DE PRENSA PQ 100GR 7LJ OK,0.3,9.29,DELGADO VELASQUEZ JOHN ANTHONY,,JESUS MARIA,AV CUBA 480,-12.07505,-77.04037
07/02/2026,0752-CHORRILLOS,B4V-736,11714444,COMERCIAL PERSEBAS EIRL,,627,3025072282,60060,QUESO PARMESANO CU?A 0.15KG AP QKALAS,0.45,15.26,DELGADO VELASQUEZ JOHN ANTHONY,,JESUS MARIA,AV CUBA 480,-12.07505,-77.04037
07/02/2026,0752-CHORRILLOS,B4V-736,11748062,DUEÑAS CAPCHA PAULO CESAR,,627,3025039819,57920,SALCHICHA HUACHO 150GR BDT,0.45,11.95,DELGADO VELASQUEZ JOHN ANTHONY,,JESUS MARIA,AV CUBA 570,-12.07513,-77.04147
07/02/2026,0752-CHORRILLOS,B4V-736,11748062,DUEÑAS CAPCHA PAULO CESAR,,627,3025039819,57922,QUESO EDAM 90GR BDT,0.27,11.72,DELGADO VELASQUEZ JOHN ANTHONY,,JESUS MARIA,AV CUBA 570,-12.07513,-77.04147
07/02/2026,0752-CHORRILLOS,B4V-736,11748062,DUEÑAS CAPCHA PAULO CESAR,,627,3025039819,57924,JAMONADA ESPECIAL PQ 100GR 8LJ OK,0.6,17.42,DELGADO VELASQUEZ JOHN ANTHONY,,JESUS MARIA,AV CUBA 570,-12.07513,-77.04147
07/02/2026,0752-CHORRILLOS,B4V-736,11748062,DUEÑAS CAPCHA PAULO CESAR,,627,3025039819,57926,TOCINO AHUMADO 100GR OK,0.5,30.09,DELGADO VELASQUEZ JOHN ANTHONY,,JESUS MARIA,AV CUBA 570,-12.07513,-77.04147
07/02/2026,0752-CHORRILLOS,B4V-736,11748062,DUEÑAS CAPCHA PAULO CESAR,,627,3025039819,57928,CHORIZO PARRI PREC 2U 140GR BDT,0.28,5.69,DELGADO VELASQUEZ JOHN ANTHONY,,JESUS MARIA,AV CUBA 570,-12.07513,-77.04147
07/02/2026,0752-CHORRILLOS,B4V-736,11748062,DUEÑAS CAPCHA PAULO CESAR,,627,3025039819,57930,PACK JAMON Y QUESO 157 GR SEGO,0.47,15.85,DELGADO VELASQUEZ JOHN ANTHONY,,JESUS MARIA,AV CUBA 570,-12.07513,-77.04147
07/02/2026,0752-CHORRILLOS,B4V-736,11650343,PATRICIO SUAREZ PILAR CARMEN,,627,3025063369,58970,TOCINO AHUMADO 80GR BDT,0.48,24.77,DELGADO VELASQUEZ JOHN ANTHONY,,JESUS MARIA,AV FRANCISCO JAVIER MARIÁTEGUI 388,-12.07603,-77.03982
07/02/2026,0752-CHORRILLOS,B4V-736,11650343,PATRICIO SUAREZ PILAR CARMEN,,627,3025063369,58972,JAMON PIZZA 3.4 - 3.5 KG OK,3.45,73.95,DELGADO VELASQUEZ JOHN ANTHONY,,JESUS MARIA,AV FRANCISCO JAVIER MARIÁTEGUI 388,-12.07603,-77.03982
07/02/2026,0752-CHORRILLOS,B4V-736,11650343,PATRICIO SUAREZ PILAR CARMEN,,627,3025063369,58974,PACK J PIZZA Y EDAM 340GR OK,1.7,52.52,DELGADO VELASQUEZ JOHN ANTHONY,,JESUS MARIA,AV FRANCISCO JAVIER MARIÁTEGUI 388,-12.07603,-77.03982
07/02/2026,0752-CHORRILLOS,B4V-736,11650343,PATRICIO SUAREZ PILAR CARMEN,,627,3025063369,58976,QUESO FUNDIDO SABOR CHEDDAR 170GR BDT,0.17,0,DELGADO VELASQUEZ JOHN ANTHONY,,JESUS MARIA,AV FRANCISCO JAVIER MARIÁTEGUI 388,-12.07603,-77.03982
07/02/2026,0752-CHORRILLOS,B4V-736,11650343,PATRICIO SUAREZ PILAR CARMEN,,627,3025063369,58978,VIENESA 12CM PQ 5UN 175GR OK,1.05,22.63,DELGADO VELASQUEZ JOHN ANTHONY,,JESUS MARIA,AV FRANCISCO JAVIER MARIÁTEGUI 388,-12.07603,-77.03982
07/02/2026,0752-CHORRILLOS,B4V-736,11650343,PATRICIO SUAREZ PILAR CARMEN,,627,3025063369,58980,CHORIZO PARRI PREC 2U 140GR BDT,1.68,32.07,DELGADO VELASQUEZ JOHN ANTHONY,,JESUS MARIA,AV FRANCISCO JAVIER MARIÁTEGUI 388,-12.07603,-77.03982
07/02/2026,0752-CHORRILLOS,B6L-879,11542522,SAMUEL OCHOA RIVAS,,626,3025083862,61526,QUESO CREMA PHILADELP BRICK 180GR KRAFT,0.72,37.84,PORTA RIOS JEFFERSON ROBERTO,,SAN JUAN DE MIRAFLORES,JR MANUEL WARNER 332,-12.16853,-76.9757
07/02/2026,0752-CHORRILLOS,B6L-879,11542522,SAMUEL OCHOA RIVAS,,626,3025083862,61528,JAMON PIZZA PQ 100GR 6LJ OK,0.6,17.32,PORTA RIOS JEFFERSON ROBERTO,,SAN JUAN DE MIRAFLORES,JR MANUEL WARNER 332,-12.16853,-76.9757
07/02/2026,0752-CHORRILLOS,B6L-879,11542522,SAMUEL OCHOA RIVAS,,626,3025083862,61530,JAMONADA ESPECIAL PQ 100GR 8LJ OK,0.6,17.42,PORTA RIOS JEFFERSON ROBERTO,,SAN JUAN DE MIRAFLORES,JR MANUEL WARNER 332,-12.16853,-76.9757
07/02/2026,0752-CHORRILLOS,B6L-879,11542522,SAMUEL OCHOA RIVAS,,626,3025083862,61532,PASTEL DE JAMON PQ 150GR OK,0.45,14.32,PORTA RIOS JEFFERSON ROBERTO,,SAN JUAN DE MIRAFLORES,JR MANUEL WARNER 332,-12.16853,-76.9757
07/02/2026,0752-CHORRILLOS,B6L-879,11542522,SAMUEL OCHOA RIVAS,,626,3025083862,61534,POLACA PQ 100GR 8LJ OK,0.3,11.6,PORTA RIOS JEFFERSON ROBERTO,,SAN JUAN DE MIRAFLORES,JR MANUEL WARNER 332,-12.16853,-76.9757
07/02/2026,0752-CHORRILLOS,B6L-879,11542522,SAMUEL OCHOA RIVAS,,626,3025083862,61536,CHORIZO PARRI PREC 2U 140GR BDT,0.84,17.06,PORTA RIOS JEFFERSON ROBERTO,,SAN JUAN DE MIRAFLORES,JR MANUEL WARNER 332,-12.16853,-76.9757
07/02/2026,0752-CHORRILLOS,B6L-879,11706815,NELIDA DEL SOCORRO GUERRERO GA,,626,3025095023,62308,QUESO CREMA PHILADELP BRICK 180GR KRAFT,1.08,55.14,PORTA RIOS JEFFERSON ROBERTO,,SAN JUAN DE MIRAFLORES,JR OPPENHEIMER MZ I1 LT 21 URB SAN,-12.16953,-76.97653
07/02/2026,0752-CHORRILLOS,B6L-879,11706815,NELIDA DEL SOCORRO GUERRERO GA,,626,3025095023,62310,PACK J PIZZA Y EDAM 340GR OK,0.68,22.11,PORTA RIOS JEFFERSON ROBERTO,,SAN JUAN DE MIRAFLORES,JR OPPENHEIMER MZ I1 LT 21 URB SAN,-12.16953,-76.97653
07/02/2026,0752-CHORRILLOS,B6L-879,11706815,NELIDA DEL SOCORRO GUERRERO GA,,626,3025095023,62312,JAMONADA ESPECIAL PQ 100GR 8LJ OK,0.6,17.42,PORTA RIOS JEFFERSON ROBERTO,,SAN JUAN DE MIRAFLORES,JR OPPENHEIMER MZ I1 LT 21 URB SAN,-12.16953,-76.97653
07/02/2026,0752-CHORRILLOS,B6L-879,11738867,ROMAN HUAMANI DANIEL,,626,3025086196,61800,CABANOSSI 25G BDT,0.2,12.81,PORTA RIOS JEFFERSON ROBERTO,,SAN JUAN DE MIRAFLORES,CA HERACLIDES CABRERA 284,-12.1696,-76.97642
07/02/2026,0752-CHORRILLOS,B6L-879,11738867,ROMAN HUAMANI DANIEL,,626,3025086196,61802,TOCINO AHUMADO 80GR BDT,0.16,8.26,PORTA RIOS JEFFERSON ROBERTO,,SAN JUAN DE MIRAFLORES,CA HERACLIDES CABRERA 284,-12.1696,-76.97642
07/02/2026,0752-CHORRILLOS,B6L-879,11738867,ROMAN HUAMANI DANIEL,,626,3025086196,61804,JAMONADA ESPECIAL PQ 100GR 8LJ OK,0.4,11.61,PORTA RIOS JEFFERSON ROBERTO,,SAN JUAN DE MIRAFLORES,CA HERACLIDES CABRERA 284,-12.1696,-76.97642
07/02/2026,0752-CHORRILLOS,B6L-879,11738867,ROMAN HUAMANI DANIEL,,626,3025086196,61806,CHORIZO PARRI PREC 2U 140GR BDT,1.12,21.83,PORTA RIOS JEFFERSON ROBERTO,,SAN JUAN DE MIRAFLORES,CA HERACLIDES CABRERA 284,-12.1696,-76.97642
07/02/2026,0752-CHORRILLOS,B6L-879,11720062,OBREGON ESPINOZA NOEL,,626,3025079359,61036,JAMON DE PAIS 1.6KG AP SEGO,1.6,30.25,PORTA RIOS JEFFERSON ROBERTO,,SAN JUAN DE MIRAFLORES,CA JOSE MARIA VILCHEZ 298,-12.1669,-76.97493
07/02/2026,0752-CHORRILLOS,B6L-879,11720062,OBREGON ESPINOZA NOEL,,626,3025079359,61038,PACK JAMON Y QUESO 157 GR SEGO,0.47,15.85,PORTA RIOS JEFFERSON ROBERTO,,SAN JUAN DE MIRAFLORES,CA JOSE MARIA VILCHEZ 298,-12.1669,-76.97493
07/02/2026,0752-CHORRILLOS,B6L-879,11715858,CADENA DE COMERCIO PERU SAC,OXXO VARGAS,722,3025070848,59914,CHORIZO PARRI PREC 500GR BDT,1.5,29.94,PORTA RIOS JEFFERSON ROBERTO,,SAN JUAN DE MIRAFLORES,AV RAMON VARGAS MACHUCA 316  MZ III,-12.16586,-76.97446
07/02/2026,0752-CHORRILLOS,B6L-879,11715858,CADENA DE COMERCIO PERU SAC,OXXO VARGAS,722,3025070848,59916,JAMON PIZZERO 500GR BDT,1,17.96,PORTA RIOS JEFFERSON ROBERTO,,SAN JUAN DE MIRAFLORES,AV RAMON VARGAS MACHUCA 316  MZ III,-12.16586,-76.97446
07/02/2026,0752-CHORRILLOS,B6L-879,11715858,CADENA DE COMERCIO PERU SAC,OXXO VARGAS,722,3025070848,59918,QUESO EDAM 440GR BDT,0.88,28.44,PORTA RIOS JEFFERSON ROBERTO,,SAN JUAN DE MIRAFLORES,AV RAMON VARGAS MACHUCA 316  MZ III,-12.16586,-76.97446
07/02/2026,0752-CHORRILLOS,B6L-879,11715858,CADENA DE COMERCIO PERU SAC,OXXO VARGAS,722,3025070848,59920,FRANKFURTER GASTRONOMIA 1KG BDT,3,61.65,PORTA RIOS JEFFERSON ROBERTO,,SAN JUAN DE MIRAFLORES,AV RAMON VARGAS MACHUCA 316  MZ III,-12.16586,-76.97446
07/02/2026,0752-CHORRILLOS,B6L-879,11715858,CADENA DE COMERCIO PERU SAC,OXXO VARGAS,722,3025070848,59922,HOT FRANKFURTER 1KG BRAEDT,1,20.55,PORTA RIOS JEFFERSON ROBERTO,,SAN JUAN DE MIRAFLORES,AV RAMON VARGAS MACHUCA 316  MZ III,-12.16586,-76.97446
07/02/2026,0752-CHORRILLOS,B6L-879,11715858,CADENA DE COMERCIO PERU SAC,OXXO VARGAS,722,3025075459,60508,CABANOSSI AL VACIO 24U 600GR BDT,0.6,46.01,PORTA RIOS JEFFERSON ROBERTO,,SAN JUAN DE MIRAFLORES,AV RAMON VARGAS MACHUCA 316  MZ III,-12.16586,-76.97446
07/02/2026,0752-CHORRILLOS,B6L-879,11700632,OTINIANO CISTERNA MILAGROS EMP,,626,3025098224,62554,BOLA TIPO MOZZARELLA X 200G BDT,0.8,27.18,PORTA RIOS JEFFERSON ROBERTO,,SAN JUAN DE MIRAFLORES,JOSE MARÍA VILCHEZ 521 ZONA B,-12.166,-76.97181
07/02/2026,0752-CHORRILLOS,B6L-879,11700632,OTINIANO CISTERNA MILAGROS EMP,,626,3025098224,62556,VIENESA 12CM PQ 5UN 175GR OK,0.35,7.54,PORTA RIOS JEFFERSON ROBERTO,,SAN JUAN DE MIRAFLORES,JOSE MARÍA VILCHEZ 521 ZONA B,-12.166,-76.97181
07/02/2026,0752-CHORRILLOS,B6L-879,11700632,OTINIANO CISTERNA MILAGROS EMP,,626,3025098224,62558,CHORIZO PARRI PREC 2U 140GR BDT,0.42,8.53,PORTA RIOS JEFFERSON ROBERTO,,SAN JUAN DE MIRAFLORES,JOSE MARÍA VILCHEZ 521 ZONA B,-12.166,-76.97181
07/02/2026,0752-CHORRILLOS,B6L-879,11709377,CADENA DE COMERCIO PERU SAC,OXXO VIVIANO,722,3025066258,59382,CHORIZO PARRI PREC 500GR BDT,1.5,29.94,PORTA RIOS JEFFERSON ROBERTO,,SAN JUAN DE MIRAFLORES,AV GENERAL CESAR CANEVARO 477 URB.,-12.16505,-76.96938
07/02/2026,0752-CHORRILLOS,B6L-879,11709377,CADENA DE COMERCIO PERU SAC,OXXO VIVIANO,722,3025066258,59384,JAMON PIZZERO 500GR BDT,0.5,8.98,PORTA RIOS JEFFERSON ROBERTO,,SAN JUAN DE MIRAFLORES,AV GENERAL CESAR CANEVARO 477 URB.,-12.16505,-76.96938
07/02/2026,0752-CHORRILLOS,B6L-879,11709377,CADENA DE COMERCIO PERU SAC,OXXO VIVIANO,722,3025066258,59386,QUESO EDAM 440GR BDT,0.44,14.22,PORTA RIOS JEFFERSON ROBERTO,,SAN JUAN DE MIRAFLORES,AV GENERAL CESAR CANEVARO 477 URB.,-12.16505,-76.96938
07/02/2026,0752-CHORRILLOS,B6L-879,11670339,ZUÑIGA OLIVERA ALICIA,,626,3025099830,62692,JAMON PIZZA PQ 100GR 6LJ OK,0.6,17.32,PORTA RIOS JEFFERSON ROBERTO,,SAN JUAN DE MIRAFLORES,AV CÉSAR CANEVARO  215 ZONA B SAN J,-12.16855,-76.9689
07/02/2026,0752-CHORRILLOS,B6L-879,11670339,ZUÑIGA OLIVERA ALICIA,,626,3025099830,62694,CHORIZO PARRI PREC 2U 140GR BDT,1.68,32.07,PORTA RIOS JEFFERSON ROBERTO,,SAN JUAN DE MIRAFLORES,AV CÉSAR CANEVARO  215 ZONA B SAN J,-12.16855,-76.9689
07/02/2026,0752-CHORRILLOS,B6L-879,11599304,PATRICIA ALDANA MEJIA,,626,3025058691,58560,RELLENO UN 0.5KG SEGO,5,66.9,PORTA RIOS JEFFERSON ROBERTO,,SAN JUAN DE MIRAFLORES,AV CESAR CANEVARO 223,-12.16863,-76.96888
07/02/2026,0752-CHORRILLOS,B6L-879,11599304,PATRICIA ALDANA MEJIA,,626,3025058691,58562,CHORIZO FINAS HIERBAS 0.5 KG SEGO,0.5,9.4,PORTA RIOS JEFFERSON ROBERTO,,SAN JUAN DE MIRAFLORES,AV CESAR CANEVARO 223,-12.16863,-76.96888
07/02/2026,0752-CHORRILLOS,B6L-879,11700326,CCARI LAURA CARMEN ELIZABETH,,626,3025011161,57658,CABANOSSI 25G BDT,0.3,19.21,PORTA RIOS JEFFERSON ROBERTO,,SAN JUAN DE MIRAFLORES,CA LOS CIPRECES 426,-12.17131,-76.96749
07/02/2026,0752-CHORRILLOS,B6L-879,11700326,CCARI LAURA CARMEN ELIZABETH,,626,3025011161,57660,HOT DOG SALCH NARANJA 24U 920GR SEGO -D,2.76,20.23,PORTA RIOS JEFFERSON ROBERTO,,SAN JUAN DE MIRAFLORES,CA LOS CIPRECES 426,-12.17131,-76.96749
07/02/2026,0752-CHORRILLOS,B6L-879,11700326,CCARI LAURA CARMEN ELIZABETH,,626,3025011161,57662,BOLA TIPO MOZZARELLA X 200G BDT,1.2,40.77,PORTA RIOS JEFFERSON ROBERTO,,SAN JUAN DE MIRAFLORES,CA LOS CIPRECES 426,-12.17131,-76.96749
07/02/2026,0752-CHORRILLOS,B6L-879,11601600,DORIS VILLANUEVA RONDINEL,,626,3025084266,61580,HOT DOG SALCH NARANJA 24U 920GR SEGO -D,3.68,26.98,PORTA RIOS JEFFERSON ROBERTO,,SAN JUAN DE MIRAFLORES,CA LOS CIPRECES NRO 428,-12.17149,-76.96753
07/02/2026,0752-CHORRILLOS,B6L-879,11601600,DORIS VILLANUEVA RONDINEL,,626,3025084266,61582,HOT DOG SALCHIP ROSA PQ 24U SEGO,4.6,33.73,PORTA RIOS JEFFERSON ROBERTO,,SAN JUAN DE MIRAFLORES,CA LOS CIPRECES NRO 428,-12.17149,-76.96753
07/02/2026,0752-CHORRILLOS,B6L-879,11707726,RIOS CORAL ROSA,,626,3025094637,62280,QUESO CREMA PHILADELP BRICK 180GR KRAFT,1.08,55.14,PORTA RIOS JEFFERSON ROBERTO,,SAN JUAN DE MIRAFLORES,MCDO VALLE SHARON PTO 102,-12.17142,-76.96762
07/02/2026,0752-CHORRILLOS,B6L-879,11712425,LAGOS GAMARRA ESTHER,,626,3025093149,62170,HOT DOG SALCH NARANJA 24U 920GR SEGO -D,9.2,61.47,PORTA RIOS JEFFERSON ROBERTO,,SAN JUAN DE MIRAFLORES,CA LOS EUCALIPTOS MZ P LT 12,-12.17045,-76.96674
07/02/2026,0752-CHORRILLOS,B6L-879,11712425,LAGOS GAMARRA ESTHER,,626,3025093149,62172,SUP CHORIZO PREC 12U 960GR SEGO,9.6,85.82,PORTA RIOS JEFFERSON ROBERTO,,SAN JUAN DE MIRAFLORES,CA LOS EUCALIPTOS MZ P LT 12,-12.17045,-76.96674
07/02/2026,0752-CHORRILLOS,B6L-879,11712425,LAGOS GAMARRA ESTHER,,626,3025093149,62174,HOT DOG SALCHIP ROSA PQ 24U SEGO,9.2,63.05,PORTA RIOS JEFFERSON ROBERTO,,SAN JUAN DE MIRAFLORES,CA LOS EUCALIPTOS MZ P LT 12,-12.17045,-76.96674
07/02/2026,0752-CHORRILLOS,B6L-879,11712425,LAGOS GAMARRA ESTHER,,626,3025093149,62176,CHORIZO FINAS HIERBAS 0.5 KG SEGO,1.5,26.26,PORTA RIOS JEFFERSON ROBERTO,,SAN JUAN DE MIRAFLORES,CA LOS EUCALIPTOS MZ P LT 12,-12.17045,-76.96674
07/02/2026,0752-CHORRILLOS,B6L-879,11579853,ERIKA MENDOZA SULCA,,626,3024945569,57368,BOLA TIPO MOZZARELLA X 200G BDT,2,66.59,PORTA RIOS JEFFERSON ROBERTO,,SAN JUAN DE MIRAFLORES,LOS EUCALIPTOS MZ P LT 11,-12.17042,-76.96669
07/02/2026,0752-CHORRILLOS,B6L-879,11736702,MENDOZA SULCA JORGE LUIS,,626,3025093151,62194,CHORIZO PARRI PREC 500GR BDT,2,40.55,PORTA RIOS JEFFERSON ROBERTO,,SAN JUAN DE MIRAFLORES,MCDO SUPER VALLE SHARON PTO  88,-12.17034,-76.96615
07/02/2026,0752-CHORRILLOS,B6L-879,11736702,MENDOZA SULCA JORGE LUIS,,626,3025093151,62196,CABANOSSI AL VACIO 24U 600GR BDT,0.6,37.15,PORTA RIOS JEFFERSON ROBERTO,,SAN JUAN DE MIRAFLORES,MCDO SUPER VALLE SHARON PTO  88,-12.17034,-76.96615
07/02/2026,0752-CHORRILLOS,B6L-879,11736702,MENDOZA SULCA JORGE LUIS,,626,3025093151,62198,SUP CHORIZO PREC 12U 960GR SEGO,11.52,102.77,PORTA RIOS JEFFERSON ROBERTO,,SAN JUAN DE MIRAFLORES,MCDO SUPER VALLE SHARON PTO  88,-12.17034,-76.96615
07/02/2026,0752-CHORRILLOS,B6L-879,11736702,MENDOZA SULCA JORGE LUIS,,626,3025093151,62200,CHORIZO PARRI PREC 2U 140GR BDT,2.1,41.79,PORTA RIOS JEFFERSON ROBERTO,,SAN JUAN DE MIRAFLORES,MCDO SUPER VALLE SHARON PTO  88,-12.17034,-76.96615
07/02/2026,0752-CHORRILLOS,B6L-879,11736702,MENDOZA SULCA JORGE LUIS,,626,3025093151,62202,CHORIZO FINAS HIERBAS 0.5 KG SEGO,1.5,26.26,PORTA RIOS JEFFERSON ROBERTO,,SAN JUAN DE MIRAFLORES,MCDO SUPER VALLE SHARON PTO  88,-12.17034,-76.96615
07/02/2026,0752-CHORRILLOS,B6L-879,11746564,INVERSIONES MARIFORT SAC,SANGUCHERIA LOS 4,716,3024990699,57482,FRANKFURTER GASTRONOMIA 2KG BDT,30,614.4,PORTA RIOS JEFFERSON ROBERTO,,SAN JUAN DE MIRAFLORES,VILLA SOLIDARIDAD 1 ETAPA PJE 4 MZ,-12.16514,-76.95791
07/02/2026,0752-CHORRILLOS,B6L-879,11750855,GUTIERREZ CASTILLO EDGAR,,638,3025016508,57682,QUESO FUNDIDO SABOR CHEDDAR 170GR BDT,0.17,0,PORTA RIOS JEFFERSON ROBERTO,,SAN JUAN DE MIRAFLORES,CA JESUS MORALES 897,-12.15837,-76.97473
07/02/2026,0752-CHORRILLOS,B6L-879,11750855,GUTIERREZ CASTILLO EDGAR,,638,3025016508,57684,PHILADELPHIA ORIGINAL TUB 150GR KRAFT,1.2,57.68,PORTA RIOS JEFFERSON ROBERTO,,SAN JUAN DE MIRAFLORES,CA JESUS MORALES 897,-12.15837,-76.97473
07/02/2026,0752-CHORRILLOS,B6L-879,11750855,GUTIERREZ CASTILLO EDGAR,,638,3025016508,57686,JAMONADA ESPECIAL PZ 3KG OK,18,396.08,PORTA RIOS JEFFERSON ROBERTO,,SAN JUAN DE MIRAFLORES,CA JESUS MORALES 897,-12.15837,-76.97473
07/02/2026,0752-CHORRILLOS,B6L-879,11750855,GUTIERREZ CASTILLO EDGAR,,638,3025016508,57688,VIENESA 12CM PQ 5UN 175GR OK,1.75,37.71,PORTA RIOS JEFFERSON ROBERTO,,SAN JUAN DE MIRAFLORES,CA JESUS MORALES 897,-12.15837,-76.97473
07/02/2026,0752-CHORRILLOS,B6L-879,11750855,GUTIERREZ CASTILLO EDGAR,,638,3025016508,57690,CHORIZO PARRI PREC 2U 140GR BDT,3.36,62.77,PORTA RIOS JEFFERSON ROBERTO,,SAN JUAN DE MIRAFLORES,CA JESUS MORALES 897,-12.15837,-76.97473
07/02/2026,0752-CHORRILLOS,B6L-879,11744849,PALOMINO CESPEDES ALEXSANDER,,638,3025089368,62002,CABANOSSI 25G BDT,0.3,19.21,PORTA RIOS JEFFERSON ROBERTO,,SAN JUAN DE MIRAFLORES,AV BELISARIO FLORES 399,-12.16034,-76.97481
07/02/2026,0752-CHORRILLOS,B6L-879,11744849,PALOMINO CESPEDES ALEXSANDER,,638,3025089368,62004,PATE 100GR BDT,1,24.12,PORTA RIOS JEFFERSON ROBERTO,,SAN JUAN DE MIRAFLORES,AV BELISARIO FLORES 399,-12.16034,-76.97481
07/02/2026,0752-CHORRILLOS,B6L-879,11744849,PALOMINO CESPEDES ALEXSANDER,,638,3025089368,62006,QUESO CREMA PHILADELP BRICK 180GR KRAFT,1.44,71.36,PORTA RIOS JEFFERSON ROBERTO,,SAN JUAN DE MIRAFLORES,AV BELISARIO FLORES 399,-12.16034,-76.97481
07/02/2026,0752-CHORRILLOS,B6L-879,11744849,PALOMINO CESPEDES ALEXSANDER,,638,3025089368,62008,QUESO FUNDIDO SABOR CHEDDAR 170GR BDT,0.34,0,PORTA RIOS JEFFERSON ROBERTO,,SAN JUAN DE MIRAFLORES,AV BELISARIO FLORES 399,-12.16034,-76.97481
07/02/2026,0752-CHORRILLOS,B6L-879,11744849,PALOMINO CESPEDES ALEXSANDER,,638,3025089368,62010,PHILADELPHIA ORIGINAL TUB 150GR KRAFT,1.2,57.68,PORTA RIOS JEFFERSON ROBERTO,,SAN JUAN DE MIRAFLORES,AV BELISARIO FLORES 399,-12.16034,-76.97481
07/02/2026,0752-CHORRILLOS,B6L-879,11744849,PALOMINO CESPEDES ALEXSANDER,,638,3025089368,62012,QUESO EDAM 90GR BDT,1.08,46.86,PORTA RIOS JEFFERSON ROBERTO,,SAN JUAN DE MIRAFLORES,AV BELISARIO FLORES 399,-12.16034,-76.97481
07/02/2026,0752-CHORRILLOS,B6L-879,11744849,PALOMINO CESPEDES ALEXSANDER,,638,3025089368,62014,JAMONADA ESPECIAL PZ 3KG OK,6,148.34,PORTA RIOS JEFFERSON ROBERTO,,SAN JUAN DE MIRAFLORES,AV BELISARIO FLORES 399,-12.16034,-76.97481
07/02/2026,0752-CHORRILLOS,B6L-879,11744849,PALOMINO CESPEDES ALEXSANDER,,638,3025089368,62016,JAMONADA POLACA PZ 3KG OK,6,146.74,PORTA RIOS JEFFERSON ROBERTO,,SAN JUAN DE MIRAFLORES,AV BELISARIO FLORES 399,-12.16034,-76.97481
07/02/2026,0752-CHORRILLOS,B6L-879,11744849,PALOMINO CESPEDES ALEXSANDER,,638,3025089368,62018,VIENESA 12CM PQ 5UN 175GR OK,2.1,45.25,PORTA RIOS JEFFERSON ROBERTO,,SAN JUAN DE MIRAFLORES,AV BELISARIO FLORES 399,-12.16034,-76.97481
07/02/2026,0752-CHORRILLOS,B6L-879,11744849,PALOMINO CESPEDES ALEXSANDER,,638,3025089368,62020,QUESO DE CHANCHO PZ 3KG OK,3,50.68,PORTA RIOS JEFFERSON ROBERTO,,SAN JUAN DE MIRAFLORES,AV BELISARIO FLORES 399,-12.16034,-76.97481
07/02/2026,0752-CHORRILLOS,B6L-879,11744849,PALOMINO CESPEDES ALEXSANDER,,638,3025089368,62022,TOCINO AHUMADO 100GR SEGO,0.3,14.28,PORTA RIOS JEFFERSON ROBERTO,,SAN JUAN DE MIRAFLORES,AV BELISARIO FLORES 399,-12.16034,-76.97481
07/02/2026,0752-CHORRILLOS,B6L-879,11744849,PALOMINO CESPEDES ALEXSANDER,,638,3025089368,62024,CHORIZO PARRI PREC 2U 140GR BDT,1.68,32.07,PORTA RIOS JEFFERSON ROBERTO,,SAN JUAN DE MIRAFLORES,AV BELISARIO FLORES 399,-12.16034,-76.97481
07/02/2026,0752-CHORRILLOS,B6L-879,11583628,CADENA DE COMERCIO PERU SAC,OXXO BILLINGHURST,722,3024904884,57260,CHORIZO PARRI PREC 500GR BDT,5,99.8,PORTA RIOS JEFFERSON ROBERTO,,SAN JUAN DE MIRAFLORES,AV GUILLERMO BILLINGHURST 1127,-12.16264,-76.96427
07/02/2026,0752-CHORRILLOS,B6L-879,11583628,CADENA DE COMERCIO PERU SAC,OXXO BILLINGHURST,722,3024904884,57262,JAMON PIZZERO 500GR BDT,0.5,8.98,PORTA RIOS JEFFERSON ROBERTO,,SAN JUAN DE MIRAFLORES,AV GUILLERMO BILLINGHURST 1127,-12.16264,-76.96427
07/02/2026,0752-CHORRILLOS,B6L-879,11583628,CADENA DE COMERCIO PERU SAC,OXXO BILLINGHURST,722,3024904884,57264,QUESO EDAM 440GR BDT,0.88,28.44,PORTA RIOS JEFFERSON ROBERTO,,SAN JUAN DE MIRAFLORES,AV GUILLERMO BILLINGHURST 1127,-12.16264,-76.96427
07/02/2026,0752-CHORRILLOS,B6L-879,11583628,CADENA DE COMERCIO PERU SAC,OXXO BILLINGHURST,722,3024904884,57266,HOT FRANKFURTER 1KG BRAEDT,1,20.55,PORTA RIOS JEFFERSON ROBERTO,,SAN JUAN DE MIRAFLORES,AV GUILLERMO BILLINGHURST 1127,-12.16264,-76.96427
07/02/2026,0752-CHORRILLOS,B6L-879,11714753,CADENA DE COMERCIO PERU SAC,OXXO VALENTÍN,722,3025065292,59034,CHORIZO PARRI PREC 500GR BDT,4,79.84,PORTA RIOS JEFFERSON ROBERTO,,SAN JUAN DE MIRAFLORES,AV BELISARIO SUAREZ 969,-12.16277,-76.96551
07/02/2026,0752-CHORRILLOS,B6L-879,11714753,CADENA DE COMERCIO PERU SAC,OXXO VALENTÍN,722,3025065292,59036,JAMON PIZZERO 500GR BDT,1.5,26.94,PORTA RIOS JEFFERSON ROBERTO,,SAN JUAN DE MIRAFLORES,AV BELISARIO SUAREZ 969,-12.16277,-76.96551
07/02/2026,0752-CHORRILLOS,B6L-879,11714753,CADENA DE COMERCIO PERU SAC,OXXO VALENTÍN,722,3025065292,59038,QUESO EDAM 440GR BDT,1.32,42.66,PORTA RIOS JEFFERSON ROBERTO,,SAN JUAN DE MIRAFLORES,AV BELISARIO SUAREZ 969,-12.16277,-76.96551
07/02/2026,0752-CHORRILLOS,B6L-879,11714753,CADENA DE COMERCIO PERU SAC,OXXO VALENTÍN,722,3025065292,59040,FRANKFURTER GASTRONOMIA 1KG BDT,3,61.65,PORTA RIOS JEFFERSON ROBERTO,,SAN JUAN DE MIRAFLORES,AV BELISARIO SUAREZ 969,-12.16277,-76.96551
07/02/2026,0752-CHORRILLOS,B6L-879,11714753,CADENA DE COMERCIO PERU SAC,OXXO VALENTÍN,722,3025065292,59042,HOT FRANKFURTER 1KG BRAEDT,1,20.55,PORTA RIOS JEFFERSON ROBERTO,,SAN JUAN DE MIRAFLORES,AV BELISARIO SUAREZ 969,-12.16277,-76.96551
07/02/2026,0752-CHORRILLOS,B6L-879,11660642,HUAMAN JORGE ALICIA,,626,3025089514,62060,JAMON DE PAIS 1.6KG AP SEGO,3.2,60.49,PORTA RIOS JEFFERSON ROBERTO,,SAN JUAN DE MIRAFLORES,AV BELISARIO SUAREZ 801,-12.16167,-76.96833
07/02/2026,0752-CHORRILLOS,B6L-879,6432735,ROJAS BOBADILLA ANA GUILLERMIN,,626,3025074754,60408,SALCHICHA HUACHO 150GR BDT,0.6,15.13,PORTA RIOS JEFFERSON ROBERTO,,SAN JUAN DE MIRAFLORES,JR. JOSE DEL CARMEN VERASTEGUI,-12.1628,-76.96796
07/02/2026,0752-CHORRILLOS,B6L-879,6432735,ROJAS BOBADILLA ANA GUILLERMIN,,626,3025074754,60410,PACK JAMONADA DE POLLO 80GX6PZA SEGO,0.48,5.75,PORTA RIOS JEFFERSON ROBERTO,,SAN JUAN DE MIRAFLORES,JR. JOSE DEL CARMEN VERASTEGUI,-12.1628,-76.96796
07/02/2026,0752-CHORRILLOS,B6L-879,6432735,ROJAS BOBADILLA ANA GUILLERMIN,,626,3025074754,60412,PACK SALCHICHA DE POLLO 100GX 6PZA SEGO,0.6,6.23,PORTA RIOS JEFFERSON ROBERTO,,SAN JUAN DE MIRAFLORES,JR. JOSE DEL CARMEN VERASTEGUI,-12.1628,-76.96796
07/02/2026,0752-CHORRILLOS,B6L-879,6432735,ROJAS BOBADILLA ANA GUILLERMIN,,626,3025074754,60414,SALCHICHA DE POLLO 200G SEGO,1.2,10.89,PORTA RIOS JEFFERSON ROBERTO,,SAN JUAN DE MIRAFLORES,JR. JOSE DEL CARMEN VERASTEGUI,-12.1628,-76.96796
07/02/2026,0752-CHORRILLOS,B6L-879,11598901,JIMENEZ HUAMAN JUANA,,626,3025096449,62484,PACK J PIZZA Y EDAM 340GR OK,1.36,44.22,PORTA RIOS JEFFERSON ROBERTO,,SAN JUAN DE MIRAFLORES,JR BUENAVENTURA AGUIRRE 970,-12.16459,-76.96644
07/02/2026,0752-CHORRILLOS,B6L-879,11598901,JIMENEZ HUAMAN JUANA,,626,3025096449,62486,QUESO FUNDIDO SABOR CHEDDAR 170GR BDT,0.17,0,PORTA RIOS JEFFERSON ROBERTO,,SAN JUAN DE MIRAFLORES,JR BUENAVENTURA AGUIRRE 970,-12.16459,-76.96644
07/02/2026,0752-CHORRILLOS,B6L-879,11598901,JIMENEZ HUAMAN JUANA,,626,3025096449,62488,JAMONADA ESPECIAL PZ 3KG OK,12,269.98,PORTA RIOS JEFFERSON ROBERTO,,SAN JUAN DE MIRAFLORES,JR BUENAVENTURA AGUIRRE 970,-12.16459,-76.96644
07/02/2026,0752-CHORRILLOS,B6L-879,11598901,JIMENEZ HUAMAN JUANA,,626,3025096449,62490,VIENESA 12CM PQ 5UN 175GR OK,1.05,22.63,PORTA RIOS JEFFERSON ROBERTO,,SAN JUAN DE MIRAFLORES,JR BUENAVENTURA AGUIRRE 970,-12.16459,-76.96644
07/02/2026,0752-CHORRILLOS,B6L-879,11625304,SANTA CRUZ TAPIA GUDY DEL ROSA,,626,3025079739,61076,QUESO DE CHANCHO PZ 3KG OK,3,50.68,PORTA RIOS JEFFERSON ROBERTO,,SAN JUAN DE MIRAFLORES,JR VALENTIN ESPEJO 430 URB ZONA C,-12.16492,-76.96639
07/02/2026,0752-CHORRILLOS,B6L-879,11625304,SANTA CRUZ TAPIA GUDY DEL ROSA,,626,3025079739,61078,CHORIZO PARRI PREC 2U 140GR BDT,1.4,27.01,PORTA RIOS JEFFERSON ROBERTO,,SAN JUAN DE MIRAFLORES,JR VALENTIN ESPEJO 430 URB ZONA C,-12.16492,-76.96639
07/02/2026,0752-CHORRILLOS,B6L-879,11722045,GONZALES GONZALES SOFIA LIZETH,,626,3025056184,58420,CHORIZO PARRI PREC 2U 140GR BDT,2.52,47.08,PORTA RIOS JEFFERSON ROBERTO,,SAN JUAN DE MIRAFLORES,MZ G LT 11 AAHH 13 DE OCTUBRE,-12.17429,-76.96705
07/02/2026,0752-CHORRILLOS,B6L-879,11581496,LOURDES CACERES RUBINA,,626,3025060393,58648,QUESO CREMA PHILADELP BRICK 180GR KRAFT,1.08,55.14,PORTA RIOS JEFFERSON ROBERTO,,SAN JUAN DE MIRAFLORES,AV PROLONGACIÓN CANEVARO MZ I LT 6,-12.17304,-76.96734
07/02/2026,0752-CHORRILLOS,B6L-879,11581496,LOURDES CACERES RUBINA,,626,3025060393,58650,TOCINO CUL PQ 500GR 20GR 25LJ OK,0.5,17.2,PORTA RIOS JEFFERSON ROBERTO,,SAN JUAN DE MIRAFLORES,AV PROLONGACIÓN CANEVARO MZ I LT 6,-12.17304,-76.96734
07/02/2026,0752-CHORRILLOS,B6L-879,11643821,SANCHEZ ANGULO HAROLD,,626,3025099639,62650,SALCHICHA HUACHO 150GR BDT,0.9,22.1,PORTA RIOS JEFFERSON ROBERTO,,SAN JUAN DE MIRAFLORES,AV CANEVARO 252,-12.16815,-76.96878
07/02/2026,0752-CHORRILLOS,B6L-879,11643821,SANCHEZ ANGULO HAROLD,,626,3025099639,62652,QUESO FUNDIDO SABOR CHEDDAR 170GR BDT,0.17,0,PORTA RIOS JEFFERSON ROBERTO,,SAN JUAN DE MIRAFLORES,AV CANEVARO 252,-12.16815,-76.96878
07/02/2026,0752-CHORRILLOS,B6L-879,11643821,SANCHEZ ANGULO HAROLD,,626,3025099639,62654,VIENESA 12CM PQ 5UN 175GR OK,1.05,22.63,PORTA RIOS JEFFERSON ROBERTO,,SAN JUAN DE MIRAFLORES,AV CANEVARO 252,-12.16815,-76.96878
07/02/2026,0752-CHORRILLOS,B6L-879,11643821,SANCHEZ ANGULO HAROLD,,626,3025099639,62656,PASTEL DE JAMON PZA 2KG SEGO,2,31.15,PORTA RIOS JEFFERSON ROBERTO,,SAN JUAN DE MIRAFLORES,AV CANEVARO 252,-12.16815,-76.96878
07/02/2026,0752-CHORRILLOS,B6L-879,11643821,SANCHEZ ANGULO HAROLD,,626,3025099639,62658,CHORIZO PARRI PREC 2U 140GR BDT,0.84,17.06,PORTA RIOS JEFFERSON ROBERTO,,SAN JUAN DE MIRAFLORES,AV CANEVARO 252,-12.16815,-76.96878
07/02/2026,0752-CHORRILLOS,B6L-879,11605266,PAS BAGU MINI MARKET TRIGO DE,,638,3025095658,62354,SALCHICHA DEL NORTE 150G OK,0.9,25.92,PORTA RIOS JEFFERSON ROBERTO,,SAN JUAN DE MIRAFLORES,AV VARGAS MACHUCA 320,-12.16595,-76.97431
07/02/2026,0752-CHORRILLOS,B6L-879,11605266,PAS BAGU MINI MARKET TRIGO DE,,638,3025095658,62356,TOCINO ESP AHUMADO REBANADO 500G SEGO,1,27.21,PORTA RIOS JEFFERSON ROBERTO,,SAN JUAN DE MIRAFLORES,AV VARGAS MACHUCA 320,-12.16595,-76.97431
07/02/2026,0752-CHORRILLOS,B6L-879,11605266,PAS BAGU MINI MARKET TRIGO DE,,638,3025095658,62358,QUESO FUNDIDO SABOR CHEDDAR 170GR BDT,0.34,0,PORTA RIOS JEFFERSON ROBERTO,,SAN JUAN DE MIRAFLORES,AV VARGAS MACHUCA 320,-12.16595,-76.97431
07/02/2026,0752-CHORRILLOS,B6L-879,11605266,PAS BAGU MINI MARKET TRIGO DE,,638,3025095658,62360,PHILADELPHIA ORIGINAL TUB 150GR KRAFT,1.8,86.53,PORTA RIOS JEFFERSON ROBERTO,,SAN JUAN DE MIRAFLORES,AV VARGAS MACHUCA 320,-12.16595,-76.97431
07/02/2026,0752-CHORRILLOS,B6L-879,11605266,PAS BAGU MINI MARKET TRIGO DE,,638,3025095658,62362,VIENESA 12CM PQ 5UN 175GR OK,2.1,45.25,PORTA RIOS JEFFERSON ROBERTO,,SAN JUAN DE MIRAFLORES,AV VARGAS MACHUCA 320,-12.16595,-76.97431
07/02/2026,0752-CHORRILLOS,B6L-879,11605266,PAS BAGU MINI MARKET TRIGO DE,,638,3025095658,62364,JAMONADA ESP PZ 2KG SEGO,2,27.49,PORTA RIOS JEFFERSON ROBERTO,,SAN JUAN DE MIRAFLORES,AV VARGAS MACHUCA 320,-12.16595,-76.97431
07/02/2026,0752-CHORRILLOS,B6L-879,11751909,ZAVEDRA CAMPOS RAUL,,626,3025073493,60124,CABANOSSI 25G BDT,0.3,19.21,PORTA RIOS JEFFERSON ROBERTO,,SAN JUAN DE MIRAFLORES,AV ROSENDO LEDER 658,-12.16446,-76.97754
07/02/2026,0752-CHORRILLOS,B6L-879,11751909,ZAVEDRA CAMPOS RAUL,,626,3025073493,60126,PACK JAMON Y QUESO 370GR BDT,1.48,42.1,PORTA RIOS JEFFERSON ROBERTO,,SAN JUAN DE MIRAFLORES,AV ROSENDO LEDER 658,-12.16446,-76.97754
07/02/2026,0752-CHORRILLOS,B6L-879,11751909,ZAVEDRA CAMPOS RAUL,,626,3025073493,60128,CHORIZO PARRI PREC 2U 140GR BDT,0.84,17.06,PORTA RIOS JEFFERSON ROBERTO,,SAN JUAN DE MIRAFLORES,AV ROSENDO LEDER 658,-12.16446,-76.97754
07/02/2026,0752-CHORRILLOS,B6L-879,11722114,FERMIN VISCAYNO LUCY LORENA,,626,3025092962,62114,CABANOSSI 25G BDT,0.3,19.21,PORTA RIOS JEFFERSON ROBERTO,,SAN JUAN DE MIRAFLORES,AV PEDRO MIOTTA 800,-12.16059,-76.97942
07/02/2026,0752-CHORRILLOS,B6L-879,11722114,FERMIN VISCAYNO LUCY LORENA,,626,3025092962,62116,PACK JAMON Y QUESO 370GR BDT,1.48,42.1,PORTA RIOS JEFFERSON ROBERTO,,SAN JUAN DE MIRAFLORES,AV PEDRO MIOTTA 800,-12.16059,-76.97942
07/02/2026,0752-CHORRILLOS,B6L-879,11602835,PANISTERIA SAC,PANISTERIA SJM E,719,3025069652,59784,MANTEQUILLA CON SAL PZA 2.5KG MT,140,3850.01,PORTA RIOS JEFFERSON ROBERTO,,SAN JUAN DE MIRAFLORES,AV LOS LIRIOS 301 INT 2198,-12.15373,-76.98283
07/02/2026,0752-CHORRILLOS,B6L-879,11641600,RODRIGUEZ DE TORRES MEZA GERAR,,626,3025000370,57618,FRANKFURTER GASTRONOMIA 1KG BDT,1,19.43,PORTA RIOS JEFFERSON ROBERTO,,SAN JUAN DE MIRAFLORES,CA LAS FRESAS MZ N LT 6 ENTEL,-12.15395,-76.98074
07/02/2026,0752-CHORRILLOS,B6L-879,11641600,RODRIGUEZ DE TORRES MEZA GERAR,,626,3025000370,57620,QUESO FUNDIDO SABOR CHEDDAR 170GR BDT,0.85,27.54,PORTA RIOS JEFFERSON ROBERTO,,SAN JUAN DE MIRAFLORES,CA LAS FRESAS MZ N LT 6 ENTEL,-12.15395,-76.98074
07/02/2026,0752-CHORRILLOS,B6L-879,11641600,RODRIGUEZ DE TORRES MEZA GERAR,,626,3025000370,57622,TOCINO CUL PQ 500GR 20GR 25LJ OK,0.5,17.2,PORTA RIOS JEFFERSON ROBERTO,,SAN JUAN DE MIRAFLORES,CA LAS FRESAS MZ N LT 6 ENTEL,-12.15395,-76.98074
07/02/2026,0752-CHORRILLOS,B6L-879,11605887,BASILIA TITO BUSTAMANTE,,626,3025081174,61260,PACK JAMONADA DE POLLO 80GX6PZA SEGO,0.48,5.75,PORTA RIOS JEFFERSON ROBERTO,,SAN JUAN DE MIRAFLORES,CA LAS CIRUELAS MZ O LT 08 URB EN,-12.15476,-76.98032
07/02/2026,0752-CHORRILLOS,B6L-879,11605887,BASILIA TITO BUSTAMANTE,,626,3025081174,61262,PHILADELPHIA ORIGINAL TUB 150GR KRAFT,0.45,23.54,PORTA RIOS JEFFERSON ROBERTO,,SAN JUAN DE MIRAFLORES,CA LAS CIRUELAS MZ O LT 08 URB EN,-12.15476,-76.98032
07/02/2026,0752-CHORRILLOS,B6L-879,11605887,BASILIA TITO BUSTAMANTE,,626,3025081174,61264,CHORIZO PARRI PREC 2U 140GR BDT,0.84,17.06,PORTA RIOS JEFFERSON ROBERTO,,SAN JUAN DE MIRAFLORES,CA LAS CIRUELAS MZ O LT 08 URB EN,-12.15476,-76.98032
07/02/2026,0752-CHORRILLOS,B6L-879,11605887,BASILIA TITO BUSTAMANTE,,626,3025081174,61266,PACK JAMON Y QUESO 157 GR SEGO,0.63,21.13,PORTA RIOS JEFFERSON ROBERTO,,SAN JUAN DE MIRAFLORES,CA LAS CIRUELAS MZ O LT 08 URB EN,-12.15476,-76.98032
07/02/2026,0752-CHORRILLOS,B6L-879,11718256,CHILINGANO HUARI MANUEL,,626,3025079006,60968,JAMON DEL PAIS PZ 3.5KG OK,3.5,189.24,PORTA RIOS JEFFERSON ROBERTO,,SAN JUAN DE MIRAFLORES,JR MANUEL JARAMILLO 1096,-12.15522,-76.97439
07/02/2026,0752-CHORRILLOS,B6L-879,11739476,PANADERIA PASTELERIA GRANOS AN,,638,3025063341,58966,JAMON DEL PAIS 3.3KG SEGO,3.3,69.98,PORTA RIOS JEFFERSON ROBERTO,,SAN JUAN DE MIRAFLORES,JR JUAN CASTILLA 335,-12.15313,-76.97583
07/02/2026,0752-CHORRILLOS,B6L-879,11739476,PANADERIA PASTELERIA GRANOS AN,,638,3025063341,58968,JAMONADA POLLO PZ 2KG SEGO,12,113.51,PORTA RIOS JEFFERSON ROBERTO,,SAN JUAN DE MIRAFLORES,JR JUAN CASTILLA 335,-12.15313,-76.97583
07/02/2026,0752-CHORRILLOS,B6L-879,11702914,CARRASCO MEDINA CAYO,,626,3024883883,57232,MORTADELA ESP PQ 100GR 8LJ OK,0.6,15.67,PORTA RIOS JEFFERSON ROBERTO,,SAN JUAN DE MIRAFLORES,MZ I LOTE 8 ENTEL,-12.15154,-76.98138
07/02/2026,0752-CHORRILLOS,B6L-879,11702914,CARRASCO MEDINA CAYO,,626,3024883883,57234,CHORIZO PARRI PREC 2U 140GR BDT,0.42,8.53,PORTA RIOS JEFFERSON ROBERTO,,SAN JUAN DE MIRAFLORES,MZ I LOTE 8 ENTEL,-12.15154,-76.98138
07/02/2026,0752-CHORRILLOS,B6L-879,11702914,CARRASCO MEDINA CAYO,,626,3024883883,57236,PACK JAMON Y QUESO 157 GR SEGO,0.94,31.7,PORTA RIOS JEFFERSON ROBERTO,,SAN JUAN DE MIRAFLORES,MZ I LOTE 8 ENTEL,-12.15154,-76.98138
07/02/2026,0752-CHORRILLOS,B6L-879,11729793,CADENA DE COMERCIO PERU SAC,OXXO ALLENDE,722,3025077718,60820,CHORIZO PARRI PREC 500GR BDT,3,59.88,PORTA RIOS JEFFERSON ROBERTO,,VILLA MARIA DEL TRIUNFO,AV SALVADOR ALLENDE 196 MZ N2 LT 1,-12.1595,-76.95603
07/02/2026,0752-CHORRILLOS,B6L-879,11729793,CADENA DE COMERCIO PERU SAC,OXXO ALLENDE,722,3025077718,60822,JAMON PIZZERO 500GR BDT,0.5,8.98,PORTA RIOS JEFFERSON ROBERTO,,VILLA MARIA DEL TRIUNFO,AV SALVADOR ALLENDE 196 MZ N2 LT 1,-12.1595,-76.95603
07/02/2026,0752-CHORRILLOS,B6L-879,11729793,CADENA DE COMERCIO PERU SAC,OXXO ALLENDE,722,3025077718,60824,PACK JAMON Y QUESO 370GR BDT,0.74,19.58,PORTA RIOS JEFFERSON ROBERTO,,VILLA MARIA DEL TRIUNFO,AV SALVADOR ALLENDE 196 MZ N2 LT 1,-12.1595,-76.95603
07/02/2026,0752-CHORRILLOS,B6L-879,11729793,CADENA DE COMERCIO PERU SAC,OXXO ALLENDE,722,3025077718,60826,QUESO EDAM 440GR BDT,0.88,28.44,PORTA RIOS JEFFERSON ROBERTO,,VILLA MARIA DEL TRIUNFO,AV SALVADOR ALLENDE 196 MZ N2 LT 1,-12.1595,-76.95603
07/02/2026,0752-CHORRILLOS,B6L-879,11729793,CADENA DE COMERCIO PERU SAC,OXXO ALLENDE,722,3025077718,60828,FRANKFURTER GASTRONOMIA 1KG BDT,2,41.1,PORTA RIOS JEFFERSON ROBERTO,,VILLA MARIA DEL TRIUNFO,AV SALVADOR ALLENDE 196 MZ N2 LT 1,-12.1595,-76.95603
07/02/2026,0752-CHORRILLOS,B6L-879,11729793,CADENA DE COMERCIO PERU SAC,OXXO ALLENDE,722,3025077718,60830,HOT FRANKFURTER 1KG BRAEDT,1,20.55,PORTA RIOS JEFFERSON ROBERTO,,VILLA MARIA DEL TRIUNFO,AV SALVADOR ALLENDE 196 MZ N2 LT 1,-12.1595,-76.95603
07/02/2026,0752-CHORRILLOS,BHN-735,11604693,MAYA INVESTMENTS SAC,MAYA E,711,3024975452,57428,PANCETA SH SP CG PZA 4.0 A 6KG OK,5,164.6,CHUMPITAZ MATUMAY PEDRO SEBASTIAN,,SANTIAGO DE SURCO,AV EL POLO 418 URB CC MONTERRICO,-12.10497,-76.97308
07/02/2026,0752-CHORRILLOS,BHN-735,11605285,GRUPO ONCE SAC,GRUPO ONCE SPM E,719,3025074249,60260,JAMON INGLES SR 200GR BDT,2,113.9,CHUMPITAZ MATUMAY PEDRO SEBASTIAN,,SANTIAGO DE SURCO,JR SAN PATRICIO MZ R1 LT 2,-12.10796,-76.96971
07/02/2026,0752-CHORRILLOS,BHN-735,11605186,ALBEMARCO SAC,ALBEMA 019803 ES,720,3025059354,58576,HAMBURG DE RES PQ 4UN 150GR OK,3.6,85.32,CHUMPITAZ MATUMAY PEDRO SEBASTIAN,,SANTIAGO DE SURCO,AV ENCALADA 464 MONTERRICO,-12.11025,-76.97283
07/02/2026,0752-CHORRILLOS,BHN-735,11605186,ALBEMARCO SAC,ALBEMA 019803 ES,720,3025059354,58578,JAMON PIZZA PQ 200GR 12LJ OK,0.2,7.11,CHUMPITAZ MATUMAY PEDRO SEBASTIAN,,SANTIAGO DE SURCO,AV ENCALADA 464 MONTERRICO,-12.11025,-76.97283
07/02/2026,0752-CHORRILLOS,BHN-735,11605186,ALBEMARCO SAC,ALBEMA 019803 ES,720,3025059354,58580,JAMONADA ESP POLLO PQ 200GR OK,0.6,17.97,CHUMPITAZ MATUMAY PEDRO SEBASTIAN,,SANTIAGO DE SURCO,AV ENCALADA 464 MONTERRICO,-12.11025,-76.97283
07/02/2026,0752-CHORRILLOS,BHN-735,11605186,ALBEMARCO SAC,ALBEMA 019803 ES,720,3025059354,58582,SALCH VIENESA ESP PQ 5UN 250GR OK,0.25,7.48,CHUMPITAZ MATUMAY PEDRO SEBASTIAN,,SANTIAGO DE SURCO,AV ENCALADA 464 MONTERRICO,-12.11025,-76.97283
07/02/2026,0752-CHORRILLOS,BHN-735,11605186,ALBEMARCO SAC,ALBEMA 019803 ES,720,3025059354,58584,VIENESA 12CM PQ 5UN 175GR OK,0.35,7.68,CHUMPITAZ MATUMAY PEDRO SEBASTIAN,,SANTIAGO DE SURCO,AV ENCALADA 464 MONTERRICO,-12.11025,-76.97283
07/02/2026,0752-CHORRILLOS,BHN-735,11605186,ALBEMARCO SAC,ALBEMA 019803 ES,720,3025059354,58586,CHICHARRON DE PRENSA PQ 100GR 7LJ OK,0.2,6.34,CHUMPITAZ MATUMAY PEDRO SEBASTIAN,,SANTIAGO DE SURCO,AV ENCALADA 464 MONTERRICO,-12.11025,-76.97283
07/02/2026,0752-CHORRILLOS,BHN-735,11605186,ALBEMARCO SAC,ALBEMA 019803 ES,720,3025059354,58588,TOCINO AHUMADO 100GR OK,0.2,11.1,CHUMPITAZ MATUMAY PEDRO SEBASTIAN,,SANTIAGO DE SURCO,AV ENCALADA 464 MONTERRICO,-12.11025,-76.97283
07/02/2026,0752-CHORRILLOS,BHN-735,11605186,ALBEMARCO SAC,ALBEMA 019803 ES,720,3025059354,58590,PACK J AMERICANO Y EDAM 360GR SEGO,0.36,11.28,CHUMPITAZ MATUMAY PEDRO SEBASTIAN,,SANTIAGO DE SURCO,AV ENCALADA 464 MONTERRICO,-12.11025,-76.97283
07/02/2026,0752-CHORRILLOS,BHN-735,11734479,DOUCE FRANCE SA,,719,3025001702,57630,JAMON SERRANO 4KG AP OK,13.5,1005,CHUMPITAZ MATUMAY PEDRO SEBASTIAN,,SANTIAGO DE SURCO,AV LA ENCALADA 980 URB CC MONTERRIC,-12.10647,-76.97118
07/02/2026,0752-CHORRILLOS,BHN-735,11674498,INVERSIONES GASTRONOMICAS SMF,,716,3025062708,58828,MANTEQUILLA SIN SAL 5KG AP SIGMA FS,15,514.97,CHUMPITAZ MATUMAY PEDRO SEBASTIAN,,SANTIAGO DE SURCO,AV EL POLO NRO 670 INT D101,-12.10119,-76.97147
07/02/2026,0752-CHORRILLOS,BHN-735,11674498,INVERSIONES GASTRONOMICAS SMF,,716,3025062708,58830,QUESO CREMA PHILADELP BRICK 180GR KRAFT,4.32,186.06,CHUMPITAZ MATUMAY PEDRO SEBASTIAN,,SANTIAGO DE SURCO,AV EL POLO NRO 670 INT D101,-12.10119,-76.97147
07/02/2026,0752-CHORRILLOS,BHN-735,11674498,INVERSIONES GASTRONOMICAS SMF,,716,3025095616,62338,JAM?N GLAS? A LA MIEL 200G OK,0.8,46.88,CHUMPITAZ MATUMAY PEDRO SEBASTIAN,,SANTIAGO DE SURCO,AV EL POLO NRO 670 INT D101,-12.10119,-76.97147
07/02/2026,0752-CHORRILLOS,BHN-735,11598840,CARMEN ANGELICA POMAYAY GUTIER,,629,3025090122,62062,QUESO CREMA PHILADELP BRICK 180GR KRAFT,0.36,20.2,CHUMPITAZ MATUMAY PEDRO SEBASTIAN,,SAN BORJA,AV PASEO DEL BOSQUE 994,-12.09324,-76.98698
07/02/2026,0752-CHORRILLOS,BHN-735,11598840,CARMEN ANGELICA POMAYAY GUTIER,,629,3025090122,62064,PACK J PIZZA Y EDAM 340GR OK,0.68,22.11,CHUMPITAZ MATUMAY PEDRO SEBASTIAN,,SAN BORJA,AV PASEO DEL BOSQUE 994,-12.09324,-76.98698
07/02/2026,0752-CHORRILLOS,BHN-735,11598840,CARMEN ANGELICA POMAYAY GUTIER,,629,3025090122,62066,JAMON PIZZA PQ 100GR 6LJ OK,0.4,11.54,CHUMPITAZ MATUMAY PEDRO SEBASTIAN,,SAN BORJA,AV PASEO DEL BOSQUE 994,-12.09324,-76.98698
07/02/2026,0752-CHORRILLOS,BHN-735,11748300,HINOJO YARANGA GODOLFREDO ALFR,,629,3025060791,58652,PACK J PIZZA Y EDAM 340GR OK,1.36,44.22,CHUMPITAZ MATUMAY PEDRO SEBASTIAN,,SAN BORJA,CA BRONZINO 755,-12.08934,-76.98598
07/02/2026,0752-CHORRILLOS,BHN-735,11748300,HINOJO YARANGA GODOLFREDO ALFR,,629,3025060791,58654,HAMBURG DE RES PQ 4UN 85GR OK,0.34,9.62,CHUMPITAZ MATUMAY PEDRO SEBASTIAN,,SAN BORJA,CA BRONZINO 755,-12.08934,-76.98598
07/02/2026,0752-CHORRILLOS,BHN-735,11748300,HINOJO YARANGA GODOLFREDO ALFR,,629,3025060791,58656,CHORIZO PARRI PREC 2U 140GR BDT,0.28,5.69,CHUMPITAZ MATUMAY PEDRO SEBASTIAN,,SAN BORJA,CA BRONZINO 755,-12.08934,-76.98598
07/02/2026,0752-CHORRILLOS,BHN-735,11704582,OJEDA CANO RUBEN OSCAR,,629,3024993857,57496,CABANOSSI 25G BDT,0.3,19.21,CHUMPITAZ MATUMAY PEDRO SEBASTIAN,,SAN BORJA,JR POUSSIN 199,-12.08788,-76.9857
07/02/2026,0752-CHORRILLOS,BHN-735,11704582,OJEDA CANO RUBEN OSCAR,,629,3024993857,57498,CHORIZO PARRI PREC 500GR BDT,0.5,14.19,CHUMPITAZ MATUMAY PEDRO SEBASTIAN,,SAN BORJA,JR POUSSIN 199,-12.08788,-76.9857
07/02/2026,0752-CHORRILLOS,BHN-735,11704582,OJEDA CANO RUBEN OSCAR,,629,3024993857,57500,QUESO MOZZARELLA SR 180G BDT,0.54,26.41,CHUMPITAZ MATUMAY PEDRO SEBASTIAN,,SAN BORJA,JR POUSSIN 199,-12.08788,-76.9857
07/02/2026,0752-CHORRILLOS,BHN-735,11704582,OJEDA CANO RUBEN OSCAR,,629,3024993857,57502,PACK JAMON Y QUESO 370GR BDT,1.48,42.1,CHUMPITAZ MATUMAY PEDRO SEBASTIAN,,SAN BORJA,JR POUSSIN 199,-12.08788,-76.9857
07/02/2026,0752-CHORRILLOS,BHN-735,11704582,OJEDA CANO RUBEN OSCAR,,629,3024993857,57504,SALCHICHA HUACHO 150GR BDT,0.6,15.13,CHUMPITAZ MATUMAY PEDRO SEBASTIAN,,SAN BORJA,JR POUSSIN 199,-12.08788,-76.9857
07/02/2026,0752-CHORRILLOS,BHN-735,11704582,OJEDA CANO RUBEN OSCAR,,629,3024993857,57506,QUESO CREMA PHILADELP BRICK 180GR KRAFT,2.16,105.44,CHUMPITAZ MATUMAY PEDRO SEBASTIAN,,SAN BORJA,JR POUSSIN 199,-12.08788,-76.9857
07/02/2026,0752-CHORRILLOS,BHN-735,11704582,OJEDA CANO RUBEN OSCAR,,629,3024993857,57508,PACK J PIZZA Y EDAM 340GR OK,1.7,52.52,CHUMPITAZ MATUMAY PEDRO SEBASTIAN,,SAN BORJA,JR POUSSIN 199,-12.08788,-76.9857
07/02/2026,0752-CHORRILLOS,BHN-735,11704582,OJEDA CANO RUBEN OSCAR,,629,3024993857,57510,JAMON INGLES PQ 200GR 8LJ OK,0.4,25.19,CHUMPITAZ MATUMAY PEDRO SEBASTIAN,,SAN BORJA,JR POUSSIN 199,-12.08788,-76.9857
07/02/2026,0752-CHORRILLOS,BHN-735,11704582,OJEDA CANO RUBEN OSCAR,,629,3024993857,57512,JAMON PIZZA PQ 100GR 6LJ OK,0.4,11.54,CHUMPITAZ MATUMAY PEDRO SEBASTIAN,,SAN BORJA,JR POUSSIN 199,-12.08788,-76.9857
07/02/2026,0752-CHORRILLOS,BHN-735,11704582,OJEDA CANO RUBEN OSCAR,,629,3024993857,57514,LOMO AHUMADO PQ 150GR 6LJ OK,0.15,9.46,CHUMPITAZ MATUMAY PEDRO SEBASTIAN,,SAN BORJA,JR POUSSIN 199,-12.08788,-76.9857
07/02/2026,0752-CHORRILLOS,BHN-735,11704582,OJEDA CANO RUBEN OSCAR,,629,3024993857,57516,PASTEL DE JAMON PQ 150GR OK,0.45,14.32,CHUMPITAZ MATUMAY PEDRO SEBASTIAN,,SAN BORJA,JR POUSSIN 199,-12.08788,-76.9857
07/02/2026,0752-CHORRILLOS,BHN-735,11704582,OJEDA CANO RUBEN OSCAR,,629,3024993857,57518,POLACA PQ 100GR 8LJ OK,0.4,15.46,CHUMPITAZ MATUMAY PEDRO SEBASTIAN,,SAN BORJA,JR POUSSIN 199,-12.08788,-76.9857
07/02/2026,0752-CHORRILLOS,BHN-735,11704582,OJEDA CANO RUBEN OSCAR,,629,3024993857,57520,CHICHARRON DE PRENSA PQ 100GR 7LJ OK,0.4,12.39,CHUMPITAZ MATUMAY PEDRO SEBASTIAN,,SAN BORJA,JR POUSSIN 199,-12.08788,-76.9857
07/02/2026,0752-CHORRILLOS,BHN-735,11704582,OJEDA CANO RUBEN OSCAR,,629,3024993857,57522,MOLIDA CASERA CG UN 0.5KG SEGO,1.5,20.1,CHUMPITAZ MATUMAY PEDRO SEBASTIAN,,SAN BORJA,JR POUSSIN 199,-12.08788,-76.9857
07/02/2026,0752-CHORRILLOS,BHN-735,11704582,OJEDA CANO RUBEN OSCAR,,629,3025099712,62660,TOCINO AHUMADO 100GR OK,0.6,36.1,CHUMPITAZ MATUMAY PEDRO SEBASTIAN,,SAN BORJA,JR POUSSIN 199,-12.08788,-76.9857
07/02/2026,0752-CHORRILLOS,BHN-735,11695801,RAMOS HINOJO GERALDINE MARCIA,,629,3025069522,59754,QUESO GOUDA SR 180GR BDT,0.54,26.41,CHUMPITAZ MATUMAY PEDRO SEBASTIAN,,SAN BORJA,JR.POUSSIN 197 A  AL COSTADO DEL SA,-12.08783,-76.98573
07/02/2026,0752-CHORRILLOS,BHN-735,11695801,RAMOS HINOJO GERALDINE MARCIA,,629,3025069522,59756,QUESO MOZZARELLA SR 180G BDT,0.72,35.21,CHUMPITAZ MATUMAY PEDRO SEBASTIAN,,SAN BORJA,JR.POUSSIN 197 A  AL COSTADO DEL SA,-12.08783,-76.98573
07/02/2026,0752-CHORRILLOS,BHN-735,11695801,RAMOS HINOJO GERALDINE MARCIA,,629,3025069522,59758,PACK J PIZZA Y EDAM 340GR OK,2.72,80.48,CHUMPITAZ MATUMAY PEDRO SEBASTIAN,,SAN BORJA,JR.POUSSIN 197 A  AL COSTADO DEL SA,-12.08783,-76.98573
07/02/2026,0752-CHORRILLOS,BHN-735,11695801,RAMOS HINOJO GERALDINE MARCIA,,629,3025069522,59760,JAMONADA ESPECIAL PQ 100GR 8LJ OK,0.5,14.52,CHUMPITAZ MATUMAY PEDRO SEBASTIAN,,SAN BORJA,JR.POUSSIN 197 A  AL COSTADO DEL SA,-12.08783,-76.98573
07/02/2026,0752-CHORRILLOS,BHN-735,11695801,RAMOS HINOJO GERALDINE MARCIA,,629,3025069522,59762,PASTEL DE JAMON PQ 150GR OK,0.6,19.09,CHUMPITAZ MATUMAY PEDRO SEBASTIAN,,SAN BORJA,JR.POUSSIN 197 A  AL COSTADO DEL SA,-12.08783,-76.98573
07/02/2026,0752-CHORRILLOS,BHN-735,11695801,RAMOS HINOJO GERALDINE MARCIA,,629,3025069522,59764,POLACA PQ 100GR 8LJ OK,0.5,19.33,CHUMPITAZ MATUMAY PEDRO SEBASTIAN,,SAN BORJA,JR.POUSSIN 197 A  AL COSTADO DEL SA,-12.08783,-76.98573
07/02/2026,0752-CHORRILLOS,BHN-735,11695801,RAMOS HINOJO GERALDINE MARCIA,,629,3025069522,59766,MORTADELA ESP PQ 100GR 8LJ OK,0.3,7.83,CHUMPITAZ MATUMAY PEDRO SEBASTIAN,,SAN BORJA,JR.POUSSIN 197 A  AL COSTADO DEL SA,-12.08783,-76.98573
07/02/2026,0752-CHORRILLOS,BHN-735,11695801,RAMOS HINOJO GERALDINE MARCIA,,629,3025069522,59768,MOLIDA CASERA CG UN 0.5KG SEGO,1.5,20.1,CHUMPITAZ MATUMAY PEDRO SEBASTIAN,,SAN BORJA,JR.POUSSIN 197 A  AL COSTADO DEL SA,-12.08783,-76.98573
07/02/2026,0752-CHORRILLOS,BHN-735,11752840,CORPORACION SANMAR SAC,,71A,3025003740,57648,FRANKFURTER GASTRONOMIA 1KG BDT,2,36,CHUMPITAZ MATUMAY PEDRO SEBASTIAN,,SAN BORJA,AV JAVIER PRADO ESTE NRO 3220 URB J,-12.08659,-76.9907
07/02/2026,0752-CHORRILLOS,BHN-735,11680063,QUISPE RODAS ELIANA KATHERINE,,629,3025074383,60322,PACK J PIZZA Y EDAM 340GR OK,3.4,100.6,CHUMPITAZ MATUMAY PEDRO SEBASTIAN,,SAN BORJA,AV LAS ARTES 1221,-12.08938,-76.993
07/02/2026,0752-CHORRILLOS,BHN-735,11680063,QUISPE RODAS ELIANA KATHERINE,,629,3025074383,60324,QUESO FUNDIDO SABOR CHEDDAR 170GR BDT,0.34,0,CHUMPITAZ MATUMAY PEDRO SEBASTIAN,,SAN BORJA,AV LAS ARTES 1221,-12.08938,-76.993
07/02/2026,0752-CHORRILLOS,BHN-735,11680063,QUISPE RODAS ELIANA KATHERINE,,629,3025074383,60326,JAMON PIZZA PQ 100GR 6LJ OK,0.6,17.32,CHUMPITAZ MATUMAY PEDRO SEBASTIAN,,SAN BORJA,AV LAS ARTES 1221,-12.08938,-76.993
07/02/2026,0752-CHORRILLOS,BHN-735,11680063,QUISPE RODAS ELIANA KATHERINE,,629,3025074383,60328,VIENESA 12CM PQ 5UN 175GR OK,2.1,45.25,CHUMPITAZ MATUMAY PEDRO SEBASTIAN,,SAN BORJA,AV LAS ARTES 1221,-12.08938,-76.993
07/02/2026,0752-CHORRILLOS,BHN-735,11680063,QUISPE RODAS ELIANA KATHERINE,,629,3025074383,60330,TOCINO AHUMADO 100GR OK,1.2,72.2,CHUMPITAZ MATUMAY PEDRO SEBASTIAN,,SAN BORJA,AV LAS ARTES 1221,-12.08938,-76.993
07/02/2026,0752-CHORRILLOS,BHN-735,11603514,CHARO SARITA HUARACA ROMERO,,629,3025087636,61918,QUESO CREMA PHILADELP BRICK 180GR KRAFT,2.16,105.44,CHUMPITAZ MATUMAY PEDRO SEBASTIAN,,SAN BORJA,CALLE JOSE MARIA SERT NRO 295,-12.09169,-76.99035
07/02/2026,0752-CHORRILLOS,BHN-735,11603514,CHARO SARITA HUARACA ROMERO,,629,3025087636,61920,BOLA TIPO MOZZARELLA X 200G BDT,0.8,27.18,CHUMPITAZ MATUMAY PEDRO SEBASTIAN,,SAN BORJA,CALLE JOSE MARIA SERT NRO 295,-12.09169,-76.99035
07/02/2026,0752-CHORRILLOS,BHN-735,11603514,CHARO SARITA HUARACA ROMERO,,629,3025087636,61922,PACK J PIZZA Y EDAM 340GR OK,2.72,80.48,CHUMPITAZ MATUMAY PEDRO SEBASTIAN,,SAN BORJA,CALLE JOSE MARIA SERT NRO 295,-12.09169,-76.99035
07/02/2026,0752-CHORRILLOS,BHN-735,11603514,CHARO SARITA HUARACA ROMERO,,629,3025087636,61924,QUESO FUNDIDO SABOR CHEDDAR 170GR BDT,0.34,0,CHUMPITAZ MATUMAY PEDRO SEBASTIAN,,SAN BORJA,CALLE JOSE MARIA SERT NRO 295,-12.09169,-76.99035
07/02/2026,0752-CHORRILLOS,BHN-735,11603514,CHARO SARITA HUARACA ROMERO,,629,3025087636,61926,JAMON PIZZA PQ 100GR 6LJ OK,0.6,17.32,CHUMPITAZ MATUMAY PEDRO SEBASTIAN,,SAN BORJA,CALLE JOSE MARIA SERT NRO 295,-12.09169,-76.99035
07/02/2026,0752-CHORRILLOS,BHN-735,11603514,CHARO SARITA HUARACA ROMERO,,629,3025087636,61928,JAMONADA ESPECIAL PQ 100GR 8LJ OK,1,29.03,CHUMPITAZ MATUMAY PEDRO SEBASTIAN,,SAN BORJA,CALLE JOSE MARIA SERT NRO 295,-12.09169,-76.99035
07/02/2026,0752-CHORRILLOS,BHN-735,11603514,CHARO SARITA HUARACA ROMERO,,629,3025087636,61930,VIENESA 12CM PQ 5UN 175GR OK,2.1,45.25,CHUMPITAZ MATUMAY PEDRO SEBASTIAN,,SAN BORJA,CALLE JOSE MARIA SERT NRO 295,-12.09169,-76.99035
07/02/2026,0752-CHORRILLOS,BHN-735,11603514,CHARO SARITA HUARACA ROMERO,,629,3025087636,61932,TOCINO AHUMADO 100GR SEGO,0.6,28.56,CHUMPITAZ MATUMAY PEDRO SEBASTIAN,,SAN BORJA,CALLE JOSE MARIA SERT NRO 295,-12.09169,-76.99035
07/02/2026,0752-CHORRILLOS,BHN-735,11731102,HUARACA RAMOS JHAN CARLOS,,629,3025083455,61454,CABANOSSI 25G BDT,0.6,38.42,CHUMPITAZ MATUMAY PEDRO SEBASTIAN,,SAN BORJA,AV MAURICE UTRILLO 150,-12.09622,-76.99144
07/02/2026,0752-CHORRILLOS,BHN-735,11731102,HUARACA RAMOS JHAN CARLOS,,629,3025083455,61456,TOCINO AHUMADO 100GR OK,0.5,30.09,CHUMPITAZ MATUMAY PEDRO SEBASTIAN,,SAN BORJA,AV MAURICE UTRILLO 150,-12.09622,-76.99144
07/02/2026,0752-CHORRILLOS,BHN-735,11731102,HUARACA RAMOS JHAN CARLOS,,629,3025083455,61458,CHORIZO PARRI PREC 2U 140GR BDT,0.28,5.69,CHUMPITAZ MATUMAY PEDRO SEBASTIAN,,SAN BORJA,AV MAURICE UTRILLO 150,-12.09622,-76.99144
07/02/2026,0752-CHORRILLOS,BHN-735,11605658,CUENCA LEON EFRAIN PASCUAL,,629,3025069104,59704,CABANOSSI 25G BDT,0.6,38.42,CHUMPITAZ MATUMAY PEDRO SEBASTIAN,,SAN BORJA,AV SAN LUIS NRO 2191,-12.09255,-76.99568
07/02/2026,0752-CHORRILLOS,BHN-735,11605658,CUENCA LEON EFRAIN PASCUAL,,629,3025069104,59706,PACK JAMON Y QUESO 370GR BDT,2.96,80.17,CHUMPITAZ MATUMAY PEDRO SEBASTIAN,,SAN BORJA,AV SAN LUIS NRO 2191,-12.09255,-76.99568
07/02/2026,0752-CHORRILLOS,BHN-735,11605658,CUENCA LEON EFRAIN PASCUAL,,629,3025069104,59708,SALCHICHA HUACHO 150GR BDT,0.6,15.13,CHUMPITAZ MATUMAY PEDRO SEBASTIAN,,SAN BORJA,AV SAN LUIS NRO 2191,-12.09255,-76.99568
07/02/2026,0752-CHORRILLOS,BHN-735,11605658,CUENCA LEON EFRAIN PASCUAL,,629,3025069104,59710,QUESO CREMA PHILADELP BRICK 180GR KRAFT,1.08,55.14,CHUMPITAZ MATUMAY PEDRO SEBASTIAN,,SAN BORJA,AV SAN LUIS NRO 2191,-12.09255,-76.99568
07/02/2026,0752-CHORRILLOS,BHN-735,11605658,CUENCA LEON EFRAIN PASCUAL,,629,3025069104,59712,QUESO FUNDIDO SABOR CHEDDAR 170GR BDT,0.17,0,CHUMPITAZ MATUMAY PEDRO SEBASTIAN,,SAN BORJA,AV SAN LUIS NRO 2191,-12.09255,-76.99568
07/02/2026,0752-CHORRILLOS,BHN-735,11605658,CUENCA LEON EFRAIN PASCUAL,,629,3025069104,59714,PHILADELPHIA ORIGINAL TUB 150GR KRAFT,0.9,43.27,CHUMPITAZ MATUMAY PEDRO SEBASTIAN,,SAN BORJA,AV SAN LUIS NRO 2191,-12.09255,-76.99568
07/02/2026,0752-CHORRILLOS,BHN-735,11605658,CUENCA LEON EFRAIN PASCUAL,,629,3025069104,59716,JAMON INGLES PQ 200GR 8LJ OK,0.2,12.6,CHUMPITAZ MATUMAY PEDRO SEBASTIAN,,SAN BORJA,AV SAN LUIS NRO 2191,-12.09255,-76.99568
07/02/2026,0752-CHORRILLOS,BHN-735,11605658,CUENCA LEON EFRAIN PASCUAL,,629,3025069104,59718,JAMON DEL PAIS PQ 150GR 8LJ OK,0.15,8.57,CHUMPITAZ MATUMAY PEDRO SEBASTIAN,,SAN BORJA,AV SAN LUIS NRO 2191,-12.09255,-76.99568
07/02/2026,0752-CHORRILLOS,BHN-735,11605658,CUENCA LEON EFRAIN PASCUAL,,629,3025069104,59720,JAMON PIZZA PQ 100GR 6LJ OK,0.8,23.09,CHUMPITAZ MATUMAY PEDRO SEBASTIAN,,SAN BORJA,AV SAN LUIS NRO 2191,-12.09255,-76.99568
07/02/2026,0752-CHORRILLOS,BHN-735,11605658,CUENCA LEON EFRAIN PASCUAL,,629,3025069104,59722,LOMO AHUMADO PQ 150GR 6LJ OK,0.15,9.46,CHUMPITAZ MATUMAY PEDRO SEBASTIAN,,SAN BORJA,AV SAN LUIS NRO 2191,-12.09255,-76.99568
07/02/2026,0752-CHORRILLOS,BHN-735,11605658,CUENCA LEON EFRAIN PASCUAL,,629,3025069104,59724,VIENESA 12CM PQ 5UN 175GR OK,1.58,33.94,CHUMPITAZ MATUMAY PEDRO SEBASTIAN,,SAN BORJA,AV SAN LUIS NRO 2191,-12.09255,-76.99568
07/02/2026,0752-CHORRILLOS,BHN-735,11605658,CUENCA LEON EFRAIN PASCUAL,,629,3025069104,59726,TOCINO AHUMADO 100GR OK,2.4,144.41,CHUMPITAZ MATUMAY PEDRO SEBASTIAN,,SAN BORJA,AV SAN LUIS NRO 2191,-12.09255,-76.99568
07/02/2026,0752-CHORRILLOS,BHN-735,11605658,CUENCA LEON EFRAIN PASCUAL,,629,3025069104,59728,CHORIZO PARRI PREC 2U 140GR BDT,0.84,17.06,CHUMPITAZ MATUMAY PEDRO SEBASTIAN,,SAN BORJA,AV SAN LUIS NRO 2191,-12.09255,-76.99568
07/02/2026,0752-CHORRILLOS,BHN-735,11633019,GOMEZ QUIJANA FABIANA,,629,3025061199,58694,MANTEQUILLA CON SAL 1KG AP SIGMA FS,3,116.94,CHUMPITAZ MATUMAY PEDRO SEBASTIAN,,SAN BORJA,MCDO EL EDEN PTO 14,-12.08881,-76.99602
07/02/2026,0752-CHORRILLOS,BHN-735,11633019,GOMEZ QUIJANA FABIANA,,629,3025096254,62462,MANTEQUILLA SIN SAL 1KG AP SIGMA FS,10,350.83,CHUMPITAZ MATUMAY PEDRO SEBASTIAN,,SAN BORJA,MCDO EL EDEN PTO 14,-12.08881,-76.99602
07/02/2026,0752-CHORRILLOS,BHN-735,11670421,COTAQUISPE ARTEAGA VILMA IRENE,,629,3025079209,61002,CHORIZO PARRILLERO PQ 4UN 400GR OK,1.2,43.07,CHUMPITAZ MATUMAY PEDRO SEBASTIAN,,SAN BORJA,MCDO EDEN PTO 1-2,-12.0888,-76.99609
07/02/2026,0752-CHORRILLOS,BHN-735,11596906,JUANA GOMEZ -,,629,3024883881,57218,JAMON PIZZERO 3.8KG AP BDT,3.8,72.51,CHUMPITAZ MATUMAY PEDRO SEBASTIAN,,SAN BORJA,AV BSAN LUIS CDA 19 PTO 13 EDEM,-12.08881,-76.99617
07/02/2026,0752-CHORRILLOS,BHN-735,11596906,JUANA GOMEZ -,,629,3024883881,57220,JAMONADA LONCH 3KG AP BDT,3,49.92,CHUMPITAZ MATUMAY PEDRO SEBASTIAN,,SAN BORJA,AV BSAN LUIS CDA 19 PTO 13 EDEM,-12.08881,-76.99617
07/02/2026,0752-CHORRILLOS,BHN-735,11596906,JUANA GOMEZ -,,629,3024883881,57222,QUESO CREMA PHILADELP BRICK 180GR KRAFT,1.08,55.14,CHUMPITAZ MATUMAY PEDRO SEBASTIAN,,SAN BORJA,AV BSAN LUIS CDA 19 PTO 13 EDEM,-12.08881,-76.99617
07/02/2026,0752-CHORRILLOS,BHN-735,11596906,JUANA GOMEZ -,,629,3024883881,57224,PACK J PIZZA Y EDAM 340GR OK,2.72,80.48,CHUMPITAZ MATUMAY PEDRO SEBASTIAN,,SAN BORJA,AV BSAN LUIS CDA 19 PTO 13 EDEM,-12.08881,-76.99617
07/02/2026,0752-CHORRILLOS,BHN-735,11596906,JUANA GOMEZ -,,629,3024883881,57226,JAMON PIZZA PQ 100GR 6LJ OK,0.5,14.43,CHUMPITAZ MATUMAY PEDRO SEBASTIAN,,SAN BORJA,AV BSAN LUIS CDA 19 PTO 13 EDEM,-12.08881,-76.99617
07/02/2026,0752-CHORRILLOS,BHN-735,11596906,JUANA GOMEZ -,,629,3024883881,57228,TOCINO AHUMADO 100GR OK,0.5,30.09,CHUMPITAZ MATUMAY PEDRO SEBASTIAN,,SAN BORJA,AV BSAN LUIS CDA 19 PTO 13 EDEM,-12.08881,-76.99617
07/02/2026,0752-CHORRILLOS,BHN-735,11596906,JUANA GOMEZ -,,629,3024883881,57230,COSTILLA AHUM BLS 2KG SEGO,4,90.79,CHUMPITAZ MATUMAY PEDRO SEBASTIAN,,SAN BORJA,AV BSAN LUIS CDA 19 PTO 13 EDEM,-12.08881,-76.99617
07/02/2026,0752-CHORRILLOS,BHN-735,11597832,ELISA LLIUYACC MAYON,,629,3025076718,60644,JAMON PIZZERO 3.8KG AP BDT,3.8,72.51,CHUMPITAZ MATUMAY PEDRO SEBASTIAN,,SAN BORJA,MCDO EL EDEN DE SAN BORJA STAND 12,-12.08874,-76.99618
07/02/2026,0752-CHORRILLOS,BHN-735,11597832,ELISA LLIUYACC MAYON,,629,3025076718,60646,PATE 100GR BDT,0.4,9.65,CHUMPITAZ MATUMAY PEDRO SEBASTIAN,,SAN BORJA,MCDO EL EDEN DE SAN BORJA STAND 12,-12.08874,-76.99618
07/02/2026,0752-CHORRILLOS,BHN-735,11597832,ELISA LLIUYACC MAYON,,629,3025076718,60648,PACK J PIZZA Y EDAM 340GR OK,3.4,100.6,CHUMPITAZ MATUMAY PEDRO SEBASTIAN,,SAN BORJA,MCDO EL EDEN DE SAN BORJA STAND 12,-12.08874,-76.99618
07/02/2026,0752-CHORRILLOS,BHN-735,11597832,ELISA LLIUYACC MAYON,,629,3025076718,60650,QUESO FUNDIDO SABOR CHEDDAR 170GR BDT,0.17,0,CHUMPITAZ MATUMAY PEDRO SEBASTIAN,,SAN BORJA,MCDO EL EDEN DE SAN BORJA STAND 12,-12.08874,-76.99618
07/02/2026,0752-CHORRILLOS,BHN-735,11597832,ELISA LLIUYACC MAYON,,629,3025076718,60652,JAMON PIZZA PQ 100GR 6LJ OK,1,28.86,CHUMPITAZ MATUMAY PEDRO SEBASTIAN,,SAN BORJA,MCDO EL EDEN DE SAN BORJA STAND 12,-12.08874,-76.99618
07/02/2026,0752-CHORRILLOS,BHN-735,11597832,ELISA LLIUYACC MAYON,,629,3025076718,60654,VIENESA 12CM PQ 5UN 175GR OK,1.75,37.71,CHUMPITAZ MATUMAY PEDRO SEBASTIAN,,SAN BORJA,MCDO EL EDEN DE SAN BORJA STAND 12,-12.08874,-76.99618
07/02/2026,0752-CHORRILLOS,BHN-735,11597832,ELISA LLIUYACC MAYON,,629,3025076718,60656,COSTILLA AHUM BLS 2KG SEGO,4,90.79,CHUMPITAZ MATUMAY PEDRO SEBASTIAN,,SAN BORJA,MCDO EL EDEN DE SAN BORJA STAND 12,-12.08874,-76.99618
07/02/2026,0752-CHORRILLOS,BHN-735,11602959,CAMAYOC MARMOLEJO GERMAN DIONI,,629,3025002247,57644,CARNE MOLIDA ESTANDAR 1.0 KG SEGO,4,57.6,CHUMPITAZ MATUMAY PEDRO SEBASTIAN,,SAN BORJA,JR AV SAN LUIS NRO 1976 INT 1 (CENT,-12.08912,-76.99655
07/02/2026,0752-CHORRILLOS,BHN-735,11749840,ESISA GASTRONOMICA SAC,,720,3025067995,59548,TOCINO CUL PQ 500GR 20GR 25LJ OK,4,178.64,CHUMPITAZ MATUMAY PEDRO SEBASTIAN,,SAN BORJA,AV SAN LUIS 1982 URB SAN BORJA NORT,-12.08923,-76.9965
07/02/2026,0752-CHORRILLOS,BHN-735,11750351,LACTEOS EMBUTIDOS LOS CANO EIR,,629,3025103309,62912,SALCHICHA HUACHO 150GR BDT,1.35,35.1,CHUMPITAZ MATUMAY PEDRO SEBASTIAN,,SAN BORJA,AV SAN LUIS 2038 INT 37,-12.0907,-76.99625
07/02/2026,0752-CHORRILLOS,BHN-735,11750351,LACTEOS EMBUTIDOS LOS CANO EIR,,629,3025103309,62914,QUESO CREMA PHILADELP BRICK 180GR KRAFT,4.32,206.62,CHUMPITAZ MATUMAY PEDRO SEBASTIAN,,SAN BORJA,AV SAN LUIS 2038 INT 37,-12.0907,-76.99625
07/02/2026,0752-CHORRILLOS,BHN-735,11750351,LACTEOS EMBUTIDOS LOS CANO EIR,,629,3025103309,62916,JAMON INGLES PQ 200GR 8LJ OK,0.6,37.04,CHUMPITAZ MATUMAY PEDRO SEBASTIAN,,SAN BORJA,AV SAN LUIS 2038 INT 37,-12.0907,-76.99625
07/02/2026,0752-CHORRILLOS,BHN-735,11750351,LACTEOS EMBUTIDOS LOS CANO EIR,,629,3025103309,62918,JAMONADA POLACA PZ 3KG OK,6,143.8,CHUMPITAZ MATUMAY PEDRO SEBASTIAN,,SAN BORJA,AV SAN LUIS 2038 INT 37,-12.0907,-76.99625
07/02/2026,0752-CHORRILLOS,BHN-735,11750351,LACTEOS EMBUTIDOS LOS CANO EIR,,629,3025103309,62920,SALCHICHA DEL NORTE PQ 3UN 250GR OK,0.5,15.49,CHUMPITAZ MATUMAY PEDRO SEBASTIAN,,SAN BORJA,AV SAN LUIS 2038 INT 37,-12.0907,-76.99625
07/02/2026,0752-CHORRILLOS,BHN-735,11750351,LACTEOS EMBUTIDOS LOS CANO EIR,,629,3025103309,62922,MORCILLA PQ 3UN 250GR OK,0.5,17.82,CHUMPITAZ MATUMAY PEDRO SEBASTIAN,,SAN BORJA,AV SAN LUIS 2038 INT 37,-12.0907,-76.99625
07/02/2026,0752-CHORRILLOS,BHN-735,11750351,LACTEOS EMBUTIDOS LOS CANO EIR,,629,3025103309,62924,TOCINO AHUMADO 100GR OK,1.5,88.46,CHUMPITAZ MATUMAY PEDRO SEBASTIAN,,SAN BORJA,AV SAN LUIS 2038 INT 37,-12.0907,-76.99625
07/02/2026,0752-CHORRILLOS,BHN-735,11750351,LACTEOS EMBUTIDOS LOS CANO EIR,,629,3025103309,62926,COSTILLA AHUM BLS 2KG SEGO,2,44.49,CHUMPITAZ MATUMAY PEDRO SEBASTIAN,,SAN BORJA,AV SAN LUIS 2038 INT 37,-12.0907,-76.99625
07/02/2026,0752-CHORRILLOS,BHN-735,11750351,LACTEOS EMBUTIDOS LOS CANO EIR,,629,3025103309,62928,JAMON SERRANO 8U CJ 800GR OK,0.8,135.58,CHUMPITAZ MATUMAY PEDRO SEBASTIAN,,SAN BORJA,AV SAN LUIS 2038 INT 37,-12.0907,-76.99625
07/02/2026,0752-CHORRILLOS,BHN-735,11728153,QUISPE CUEVA ELISEO HILARIO,,629,3025065998,59062,QUESO EDAM SR 180GR BDT,0.72,34.27,CHUMPITAZ MATUMAY PEDRO SEBASTIAN,,SAN BORJA,AV SAN LUIS 2150,-12.09208,-76.996
07/02/2026,0752-CHORRILLOS,BHN-735,11728153,QUISPE CUEVA ELISEO HILARIO,,629,3025065998,59064,QUESO CREMA PHILADELP BRICK 180GR KRAFT,2.16,105.44,CHUMPITAZ MATUMAY PEDRO SEBASTIAN,,SAN BORJA,AV SAN LUIS 2150,-12.09208,-76.996
07/02/2026,0752-CHORRILLOS,BHN-735,11728153,QUISPE CUEVA ELISEO HILARIO,,629,3025065998,59066,HOT DOG TRADICIONAL 200GR BDT,1.2,18.67,CHUMPITAZ MATUMAY PEDRO SEBASTIAN,,SAN BORJA,AV SAN LUIS 2150,-12.09208,-76.996
07/02/2026,0752-CHORRILLOS,BHN-735,11728153,QUISPE CUEVA ELISEO HILARIO,,629,3025065998,59068,BOLA TIPO MOZZARELLA X 200G BDT,0.8,27.18,CHUMPITAZ MATUMAY PEDRO SEBASTIAN,,SAN BORJA,AV SAN LUIS 2150,-12.09208,-76.996
07/02/2026,0752-CHORRILLOS,BHN-735,11728153,QUISPE CUEVA ELISEO HILARIO,,629,3025065998,59070,QUESO FUNDIDO SABOR CHEDDAR 170GR BDT,0.34,0,CHUMPITAZ MATUMAY PEDRO SEBASTIAN,,SAN BORJA,AV SAN LUIS 2150,-12.09208,-76.996
07/02/2026,0752-CHORRILLOS,BHN-735,11728153,QUISPE CUEVA ELISEO HILARIO,,629,3025065998,59072,JAMON PAVITA 200GR BDT BALANCE,0.6,24.98,CHUMPITAZ MATUMAY PEDRO SEBASTIAN,,SAN BORJA,AV SAN LUIS 2150,-12.09208,-76.996
07/02/2026,0752-CHORRILLOS,BHN-735,11728153,QUISPE CUEVA ELISEO HILARIO,,629,3025065998,59074,PARMESANO TROZADO 250GR AP SIGMA FS,0.75,43.97,CHUMPITAZ MATUMAY PEDRO SEBASTIAN,,SAN BORJA,AV SAN LUIS 2150,-12.09208,-76.996
07/02/2026,0752-CHORRILLOS,BHN-735,11728153,QUISPE CUEVA ELISEO HILARIO,,629,3025065998,59076,JAMON INGLES PQ 200GR 8LJ OK,0.4,25.19,CHUMPITAZ MATUMAY PEDRO SEBASTIAN,,SAN BORJA,AV SAN LUIS 2150,-12.09208,-76.996
07/02/2026,0752-CHORRILLOS,BHN-735,11728153,QUISPE CUEVA ELISEO HILARIO,,629,3025065998,59078,JAMON DEL PAIS PQ 150GR 8LJ OK,0.3,17.13,CHUMPITAZ MATUMAY PEDRO SEBASTIAN,,SAN BORJA,AV SAN LUIS 2150,-12.09208,-76.996
07/02/2026,0752-CHORRILLOS,BHN-735,11728153,QUISPE CUEVA ELISEO HILARIO,,629,3025065998,59080,JAMON PIZZA PQ 100GR 6LJ OK,0.6,17.32,CHUMPITAZ MATUMAY PEDRO SEBASTIAN,,SAN BORJA,AV SAN LUIS 2150,-12.09208,-76.996
07/02/2026,0752-CHORRILLOS,BHN-735,11728153,QUISPE CUEVA ELISEO HILARIO,,629,3025065998,59082,POLACA PQ 100GR 8LJ OK,0.6,23.2,CHUMPITAZ MATUMAY PEDRO SEBASTIAN,,SAN BORJA,AV SAN LUIS 2150,-12.09208,-76.996
07/02/2026,0752-CHORRILLOS,BHN-735,11728153,QUISPE CUEVA ELISEO HILARIO,,629,3025065998,59084,VIENESA 12CM PQ 5UN 175GR OK,2.1,45.25,CHUMPITAZ MATUMAY PEDRO SEBASTIAN,,SAN BORJA,AV SAN LUIS 2150,-12.09208,-76.996
07/02/2026,0752-CHORRILLOS,BHN-735,11728153,QUISPE CUEVA ELISEO HILARIO,,629,3025065998,59086,TOCINO AHUMADO 100GR OK,1.2,72.2,CHUMPITAZ MATUMAY PEDRO SEBASTIAN,,SAN BORJA,AV SAN LUIS 2150,-12.09208,-76.996
07/02/2026,0752-CHORRILLOS,BHN-735,11710035,CARRASCO CARDENAS DELIO,,629,3025079163,60996,PACK J PIZZA Y EDAM 340GR OK,1.7,52.52,CHUMPITAZ MATUMAY PEDRO SEBASTIAN,,SAN BORJA,AV SAN LUIS 2295,-12.0955,-76.99512
07/02/2026,0752-CHORRILLOS,BHN-735,11710035,CARRASCO CARDENAS DELIO,,629,3025079163,60998,CHORIZO PARRI PREC 2U 140GR BDT,0.28,5.69,CHUMPITAZ MATUMAY PEDRO SEBASTIAN,,SAN BORJA,AV SAN LUIS 2295,-12.0955,-76.99512
07/02/2026,0752-CHORRILLOS,BHN-735,11598738,ANDRES AVELINO VILLENA DELGADO,,629,3025080504,61192,QUESO GOUDA SR 180GR BDT,0.36,17.61,CHUMPITAZ MATUMAY PEDRO SEBASTIAN,,SAN BORJA,JR FRAY ANGELICO 305,-12.09539,-76.99504
07/02/2026,0752-CHORRILLOS,BHN-735,11598738,ANDRES AVELINO VILLENA DELGADO,,629,3025080504,61194,PHILADELPHIA ORIGINAL TUB 150GR KRAFT,0.9,43.27,CHUMPITAZ MATUMAY PEDRO SEBASTIAN,,SAN BORJA,JR FRAY ANGELICO 305,-12.09539,-76.99504
07/02/2026,0752-CHORRILLOS,BHN-735,11598738,ANDRES AVELINO VILLENA DELGADO,,629,3025080504,61196,JAMON PIZZA PQ 100GR 6LJ OK,1.2,34.63,CHUMPITAZ MATUMAY PEDRO SEBASTIAN,,SAN BORJA,JR FRAY ANGELICO 305,-12.09539,-76.99504
07/02/2026,0752-CHORRILLOS,BHN-735,11598738,ANDRES AVELINO VILLENA DELGADO,,629,3025080504,61198,PASTEL DE JAMON PQ 150GR OK,0.9,28.64,CHUMPITAZ MATUMAY PEDRO SEBASTIAN,,SAN BORJA,JR FRAY ANGELICO 305,-12.09539,-76.99504
07/02/2026,0752-CHORRILLOS,BHN-735,11598738,ANDRES AVELINO VILLENA DELGADO,,629,3025080504,61200,POLACA PQ 100GR 8LJ OK,0.6,23.2,CHUMPITAZ MATUMAY PEDRO SEBASTIAN,,SAN BORJA,JR FRAY ANGELICO 305,-12.09539,-76.99504
07/02/2026,0752-CHORRILLOS,BHN-735,11598738,ANDRES AVELINO VILLENA DELGADO,,629,3025080504,61202,TOCINO AHUMADO 100GR OK,1.2,72.2,CHUMPITAZ MATUMAY PEDRO SEBASTIAN,,SAN BORJA,JR FRAY ANGELICO 305,-12.09539,-76.99504
07/02/2026,0752-CHORRILLOS,BHN-735,11652538,ROBIN SALVATIERRA ESCALANTE,,629,3024759482,57146,PACK J PIZZA Y EDAM 340GR OK,3.4,100.6,CHUMPITAZ MATUMAY PEDRO SEBASTIAN,,SAN BORJA,JR JUAN ROMERO HIDALGO 299,-12.10478,-76.994
07/02/2026,0752-CHORRILLOS,BHN-735,11683338,ECHEGARAY CHAVEZ NATHALY LIZBE,,629,3025087707,61950,QUESO MOZZARELLA SR 180G BDT,0.36,17.61,CHUMPITAZ MATUMAY PEDRO SEBASTIAN,,SAN BORJA,JR ROMERO HIDALGO 290  FRENTE AL CO,-12.105,-76.99443
07/02/2026,0752-CHORRILLOS,BHN-735,11683338,ECHEGARAY CHAVEZ NATHALY LIZBE,,629,3025087707,61952,SALCHICHA HUACHO 150GR BDT,0.45,11.95,CHUMPITAZ MATUMAY PEDRO SEBASTIAN,,SAN BORJA,JR ROMERO HIDALGO 290  FRENTE AL CO,-12.105,-76.99443
07/02/2026,0752-CHORRILLOS,BHN-735,11683338,ECHEGARAY CHAVEZ NATHALY LIZBE,,629,3025087707,61954,PACK J PIZZA Y EDAM 340GR OK,2.04,62.13,CHUMPITAZ MATUMAY PEDRO SEBASTIAN,,SAN BORJA,JR ROMERO HIDALGO 290  FRENTE AL CO,-12.105,-76.99443
07/02/2026,0752-CHORRILLOS,BHN-735,6345280,FLORES AREVALO VICTOR,,629,3025089369,62026,JAMON PIZZERO 100GR BDT,1.1,29.08,CHUMPITAZ MATUMAY PEDRO SEBASTIAN,,SAN BORJA,CA BEETHOVEN 303,-12.09877,-76.99676
07/02/2026,0752-CHORRILLOS,BHN-735,6345280,FLORES AREVALO VICTOR,,629,3025089369,62028,TOCINO AHUMADO 80GR BDT,0.8,41.29,CHUMPITAZ MATUMAY PEDRO SEBASTIAN,,SAN BORJA,CA BEETHOVEN 303,-12.09877,-76.99676
07/02/2026,0752-CHORRILLOS,BHN-735,6345280,FLORES AREVALO VICTOR,,629,3025089369,62030,QUESO EDAM SR 180GR BDT,1.08,51.41,CHUMPITAZ MATUMAY PEDRO SEBASTIAN,,SAN BORJA,CA BEETHOVEN 303,-12.09877,-76.99676
07/02/2026,0752-CHORRILLOS,BHN-735,6345280,FLORES AREVALO VICTOR,,629,3025089369,62032,SALCHICHA HUACHO 150GR BDT,0.6,15.13,CHUMPITAZ MATUMAY PEDRO SEBASTIAN,,SAN BORJA,CA BEETHOVEN 303,-12.09877,-76.99676
07/02/2026,0752-CHORRILLOS,BHN-735,6345280,FLORES AREVALO VICTOR,,629,3025089369,62034,PACK J PIZZA Y EDAM 340GR OK,3.4,100.6,CHUMPITAZ MATUMAY PEDRO SEBASTIAN,,SAN BORJA,CA BEETHOVEN 303,-12.09877,-76.99676
07/02/2026,0752-CHORRILLOS,BHN-735,6345280,FLORES AREVALO VICTOR,,629,3025089369,62036,QUESO FUNDIDO SABOR CHEDDAR 170GR BDT,0.68,22.04,CHUMPITAZ MATUMAY PEDRO SEBASTIAN,,SAN BORJA,CA BEETHOVEN 303,-12.09877,-76.99676
07/02/2026,0752-CHORRILLOS,BHN-735,6345280,FLORES AREVALO VICTOR,,629,3025089369,62038,SALCHICHA DE POLLO 200G SEGO,0.6,5.44,CHUMPITAZ MATUMAY PEDRO SEBASTIAN,,SAN BORJA,CA BEETHOVEN 303,-12.09877,-76.99676
07/02/2026,0752-CHORRILLOS,BHN-735,6345280,FLORES AREVALO VICTOR,,629,3025089369,62040,JAMON DEL PAIS PQ 150GR 8LJ OK,0.15,8.57,CHUMPITAZ MATUMAY PEDRO SEBASTIAN,,SAN BORJA,CA BEETHOVEN 303,-12.09877,-76.99676
07/02/2026,0752-CHORRILLOS,BHN-735,6345280,FLORES AREVALO VICTOR,,629,3025089369,62042,JAMON PIZZA PQ 100GR 6LJ OK,0.6,17.32,CHUMPITAZ MATUMAY PEDRO SEBASTIAN,,SAN BORJA,CA BEETHOVEN 303,-12.09877,-76.99676
07/02/2026,0752-CHORRILLOS,BHN-735,6345280,FLORES AREVALO VICTOR,,629,3025089369,62044,CHICHARRON DE PRENSA PQ 100GR 7LJ OK,0.4,12.39,CHUMPITAZ MATUMAY PEDRO SEBASTIAN,,SAN BORJA,CA BEETHOVEN 303,-12.09877,-76.99676
07/02/2026,0752-CHORRILLOS,BHN-735,6345280,FLORES AREVALO VICTOR,,629,3025089369,62046,CHORIZO PARRI PREC 2U 140GR BDT,0.42,8.53,CHUMPITAZ MATUMAY PEDRO SEBASTIAN,,SAN BORJA,CA BEETHOVEN 303,-12.09877,-76.99676
07/02/2026,0752-CHORRILLOS,BHN-735,11683967,TANTALEAN NUÑEZ NORVIL,,629,3025060101,58600,CABANOSSI 25G BDT,0.1,6.4,CHUMPITAZ MATUMAY PEDRO SEBASTIAN,,SAN BORJA,AV SAN BORJA SUR 667,-12.10037,-77.00028
07/02/2026,0752-CHORRILLOS,BHN-735,11683967,TANTALEAN NUÑEZ NORVIL,,629,3025060101,58602,TOCINO AHUMADO 80GR BDT,0.32,16.52,CHUMPITAZ MATUMAY PEDRO SEBASTIAN,,SAN BORJA,AV SAN BORJA SUR 667,-12.10037,-77.00028
07/02/2026,0752-CHORRILLOS,BHN-735,11683967,TANTALEAN NUÑEZ NORVIL,,629,3025060101,58604,QUESO EDAM 90GR BDT,0.36,15.62,CHUMPITAZ MATUMAY PEDRO SEBASTIAN,,SAN BORJA,AV SAN BORJA SUR 667,-12.10037,-77.00028
07/02/2026,0752-CHORRILLOS,BHN-735,11683967,TANTALEAN NUÑEZ NORVIL,,629,3025060101,58606,VIENESA 12CM PQ 5UN 175GR OK,0.7,15.08,CHUMPITAZ MATUMAY PEDRO SEBASTIAN,,SAN BORJA,AV SAN BORJA SUR 667,-12.10037,-77.00028
07/02/2026,0752-CHORRILLOS,BHN-735,11652533,DORADOR ALDAVE JUAN JOSE,,629,3025093150,62178,PACK JAMON Y QUESO 370GR BDT,1.48,42.1,CHUMPITAZ MATUMAY PEDRO SEBASTIAN,,SAN BORJA,AV AVIACION 2931,-12.09847,-77.00184
07/02/2026,0752-CHORRILLOS,BHN-735,11652533,DORADOR ALDAVE JUAN JOSE,,629,3025093150,62180,HOT DOG TRADICIONAL 200GR BDT,0.6,9.34,CHUMPITAZ MATUMAY PEDRO SEBASTIAN,,SAN BORJA,AV AVIACION 2931,-12.09847,-77.00184
07/02/2026,0752-CHORRILLOS,BHN-735,11652533,DORADOR ALDAVE JUAN JOSE,,629,3025093150,62182,PACK J PIZZA Y EDAM 340GR OK,1.36,44.22,CHUMPITAZ MATUMAY PEDRO SEBASTIAN,,SAN BORJA,AV AVIACION 2931,-12.09847,-77.00184
07/02/2026,0752-CHORRILLOS,BHN-735,11652533,DORADOR ALDAVE JUAN JOSE,,629,3025093150,62184,PACK JAMONADA Y EDAM 180GR BDT,0.72,20.04,CHUMPITAZ MATUMAY PEDRO SEBASTIAN,,SAN BORJA,AV AVIACION 2931,-12.09847,-77.00184
07/02/2026,0752-CHORRILLOS,BHN-735,11652533,DORADOR ALDAVE JUAN JOSE,,629,3025093150,62186,JAMON PIZZA PQ 100GR 6LJ OK,0.5,14.43,CHUMPITAZ MATUMAY PEDRO SEBASTIAN,,SAN BORJA,AV AVIACION 2931,-12.09847,-77.00184
07/02/2026,0752-CHORRILLOS,BHN-735,11652533,DORADOR ALDAVE JUAN JOSE,,629,3025093150,62188,JAMONADA ESPECIAL PQ 100GR 8LJ OK,0.5,14.52,CHUMPITAZ MATUMAY PEDRO SEBASTIAN,,SAN BORJA,AV AVIACION 2931,-12.09847,-77.00184
07/02/2026,0752-CHORRILLOS,BHN-735,11652533,DORADOR ALDAVE JUAN JOSE,,629,3025093150,62190,POLACA PQ 100GR 8LJ OK,0.5,19.33,CHUMPITAZ MATUMAY PEDRO SEBASTIAN,,SAN BORJA,AV AVIACION 2931,-12.09847,-77.00184
07/02/2026,0752-CHORRILLOS,BHN-735,11652533,DORADOR ALDAVE JUAN JOSE,,629,3025093150,62192,VIENESA 12CM PQ 5UN 175GR OK,0.88,18.86,CHUMPITAZ MATUMAY PEDRO SEBASTIAN,,SAN BORJA,AV AVIACION 2931,-12.09847,-77.00184
07/02/2026,0752-CHORRILLOS,BHN-735,6341828,SENDAI SAC,SENDAI S.A.C.,720,3025067902,59490,QUESO CREMA PHILADELP BRICK 180GR KRAFT,8.64,385.71,CHUMPITAZ MATUMAY PEDRO SEBASTIAN,,SANTIAGO DE SURCO,AV PRIMAVERA 1494,-12.11001,-76.97312
07/02/2026,0752-CHORRILLOS,BHN-735,6341828,SENDAI SAC,SENDAI S.A.C.,720,3025099614,62648,MANTEQUILLA SIN SAL 1KG AP SIGMA FS,6,250.79,CHUMPITAZ MATUMAY PEDRO SEBASTIAN,,SANTIAGO DE SURCO,AV PRIMAVERA 1494,-12.11001,-76.97312
07/02/2026,0752-CHORRILLOS,BHN-735,11605183,YANAYACO PERU SRLTD,YANAYA 279702 ES,719,3025085439,61700,PATE 100GR BDT,1,27.4,CHUMPITAZ MATUMAY PEDRO SEBASTIAN,,SAN BORJA,AV SAN LUIS 2105,-12.09149,-76.9958
07/02/2026,0752-CHORRILLOS,BHN-735,11605183,YANAYACO PERU SRLTD,YANAYA 279702 ES,719,3025085439,61702,QUESO EDAM SR 180GR BDT,1.8,86.5,CHUMPITAZ MATUMAY PEDRO SEBASTIAN,,SAN BORJA,AV SAN LUIS 2105,-12.09149,-76.9958
07/02/2026,0752-CHORRILLOS,BHN-735,11605183,YANAYACO PERU SRLTD,YANAYA 279702 ES,719,3025085439,61704,PACK J PIZZA Y EDAM 340GR OK,2.04,66.78,CHUMPITAZ MATUMAY PEDRO SEBASTIAN,,SAN BORJA,AV SAN LUIS 2105,-12.09149,-76.9958
07/02/2026,0752-CHORRILLOS,BHN-735,11605183,YANAYACO PERU SRLTD,YANAYA 279702 ES,719,3025085439,61706,LOMO AHUMADO PQ 150GR 6LJ OK,0.3,18.54,CHUMPITAZ MATUMAY PEDRO SEBASTIAN,,SAN BORJA,AV SAN LUIS 2105,-12.09149,-76.9958
07/02/2026,0752-CHORRILLOS,BHN-735,11605183,YANAYACO PERU SRLTD,YANAYA 279702 ES,719,3025085439,61708,POLACA PQ 100GR 8LJ OK,1,29,CHUMPITAZ MATUMAY PEDRO SEBASTIAN,,SAN BORJA,AV SAN LUIS 2105,-12.09149,-76.9958
07/02/2026,0752-CHORRILLOS,BHN-735,11605183,YANAYACO PERU SRLTD,YANAYA 279702 ES,719,3025085439,61710,MORTADELA ESP PQ 100GR 8LJ OK,0.4,10.84,CHUMPITAZ MATUMAY PEDRO SEBASTIAN,,SAN BORJA,AV SAN LUIS 2105,-12.09149,-76.9958
07/02/2026,0752-CHORRILLOS,BHN-735,11597502,SAMUEL CABALLERO AMAUT,,629,3025086216,61810,SALCHICHA HUACHO 150GR BDT,0.3,7.96,CHUMPITAZ MATUMAY PEDRO SEBASTIAN,,SANTIAGO DE SURCO,MCDO FOOD MARKET PTO 10 URB LOS HUE,-12.11387,-76.97268
07/02/2026,0752-CHORRILLOS,BHN-735,11597502,SAMUEL CABALLERO AMAUT,,629,3025086216,61812,QUESO CREMA PHILADELP BRICK 180GR KRAFT,2.16,105.44,CHUMPITAZ MATUMAY PEDRO SEBASTIAN,,SANTIAGO DE SURCO,MCDO FOOD MARKET PTO 10 URB LOS HUE,-12.11387,-76.97268
07/02/2026,0752-CHORRILLOS,BHN-735,11597502,SAMUEL CABALLERO AMAUT,,629,3025086216,61814,BOLA TIPO MOZZARELLA X 200G BDT,0.4,13.59,CHUMPITAZ MATUMAY PEDRO SEBASTIAN,,SANTIAGO DE SURCO,MCDO FOOD MARKET PTO 10 URB LOS HUE,-12.11387,-76.97268
07/02/2026,0752-CHORRILLOS,BHN-735,11597502,SAMUEL CABALLERO AMAUT,,629,3025086216,61816,PACK J PIZZA Y EDAM 340GR OK,2.72,80.48,CHUMPITAZ MATUMAY PEDRO SEBASTIAN,,SANTIAGO DE SURCO,MCDO FOOD MARKET PTO 10 URB LOS HUE,-12.11387,-76.97268
07/02/2026,0752-CHORRILLOS,BHN-735,11597502,SAMUEL CABALLERO AMAUT,,629,3025086216,61818,JAMON PIZZA PQ 100GR 6LJ OK,0.6,17.32,CHUMPITAZ MATUMAY PEDRO SEBASTIAN,,SANTIAGO DE SURCO,MCDO FOOD MARKET PTO 10 URB LOS HUE,-12.11387,-76.97268
07/02/2026,0752-CHORRILLOS,BHN-735,11597502,SAMUEL CABALLERO AMAUT,,629,3025086216,61820,TOCINO AHUMADO 100GR OK,0.5,30.09,CHUMPITAZ MATUMAY PEDRO SEBASTIAN,,SANTIAGO DE SURCO,MCDO FOOD MARKET PTO 10 URB LOS HUE,-12.11387,-76.97268
07/02/2026,0752-CHORRILLOS,BMO-778,11599140,SANGUCHISIMO SAC,SANGUCHISIMO E,719,3025091679,62094,HAMBURG DE RES PQ 4UN 150GR OK,3,71.1,JURADO PEÑA JHERSSON ANDERSON,,MIRAFLORES,AV JOSE LARCO 371,-12.12097,-77.02893
07/02/2026,0752-CHORRILLOS,BMO-778,11598255,CHEF'S CAFE SAC,CHEFS 039871 ES,719,3025047749,58034,TOCINO AHUMADO 1KG BDT,1,47.82,JURADO PEÑA JHERSSON ANDERSON,,MIRAFLORES,AV. JOSE LARCO NRO. 763,-12.12521,-77.02935
07/02/2026,0752-CHORRILLOS,BMO-778,11598255,CHEF'S CAFE SAC,CHEFS 039871 ES,719,3025047749,58036,QUESO EDAM GAST 0.5KG BRAEDT A,3,118.8,JURADO PEÑA JHERSSON ANDERSON,,MIRAFLORES,AV. JOSE LARCO NRO. 763,-12.12521,-77.02935
07/02/2026,0752-CHORRILLOS,BMO-778,11598255,CHEF'S CAFE SAC,CHEFS 039871 ES,719,3025047749,58038,JAMON DEL PAIS PQ 150GR 8LJ OK,0.3,17.92,JURADO PEÑA JHERSSON ANDERSON,,MIRAFLORES,AV. JOSE LARCO NRO. 763,-12.12521,-77.02935
07/02/2026,0752-CHORRILLOS,BMO-778,11598255,CHEF'S CAFE SAC,CHEFS 039871 ES,719,3025076535,60592,TOCINO AHUMADO 1KG BDT,1,47.82,JURADO PEÑA JHERSSON ANDERSON,,MIRAFLORES,AV. JOSE LARCO NRO. 763,-12.12521,-77.02935
07/02/2026,0752-CHORRILLOS,BMO-778,11707720,MIRAFLORES DE TURISMO SAC,HOTEL EXCLUSIVE,739,3024981223,57450,CHORIZO FINAS HIERBAS COCT 250GR BDT,2,86.16,JURADO PEÑA JHERSSON ANDERSON,,MIRAFLORES,CA SAN MARTIN  550,-12.12637,-77.02887
07/02/2026,0752-CHORRILLOS,BMO-778,11606509,SOCIEDAD DE DESARROLLO DE HOTE,LARCO E,739,3025089399,62056,QUESO EDAM GAST 3.5KG AP BRAEDT A,17.5,507.5,JURADO PEÑA JHERSSON ANDERSON,,MIRAFLORES,AV JOSE LARCO 1140 URB MIRAFLORES,-12.1292,-77.02991
07/02/2026,0752-CHORRILLOS,BMO-778,11597177,INVERSIONES SERGA SAC,CARNES Y PAPAS SPM E,71A,3025072021,59974,MANTEQUILLA SIN SAL 1KG AP SIGMA FS,2,79,JURADO PEÑA JHERSSON ANDERSON,,MIRAFLORES,AV VASCO NUÑEZ DE BALBOA 285,-12.13223,-77.02701
07/02/2026,0752-CHORRILLOS,BMO-778,11597177,INVERSIONES SERGA SAC,CARNES Y PAPAS SPM E,71A,3025072021,59976,PARMESANO TROZADO 250GR AP SIGMA FS,1,47.5,JURADO PEÑA JHERSSON ANDERSON,,MIRAFLORES,AV VASCO NUÑEZ DE BALBOA 285,-12.13223,-77.02701
07/02/2026,0752-CHORRILLOS,BMO-778,11713515,GSJ PASTICCERE SAC,VEKIA,720,3025100328,62808,JAMON INGLES ARTESANAL  4.5KG AP BDT,4.5,262.76,JURADO PEÑA JHERSSON ANDERSON,,MIRAFLORES,AV REDUCTO 938 URB LEURO,-12.12756,-77.02434
07/02/2026,0752-CHORRILLOS,BMO-778,11713515,GSJ PASTICCERE SAC,VEKIA,720,3025100328,62810,JAMON INGLES ARTESANAL 1KG BDT,2,89.56,JURADO PEÑA JHERSSON ANDERSON,,MIRAFLORES,AV REDUCTO 938 URB LEURO,-12.12756,-77.02434
07/02/2026,0752-CHORRILLOS,BMO-778,11713515,GSJ PASTICCERE SAC,VEKIA,720,3025100328,62812,QUESO CREMA  1.9KG PHILADELPHIA,26.6,1130.5,JURADO PEÑA JHERSSON ANDERSON,,MIRAFLORES,AV REDUCTO 938 URB LEURO,-12.12756,-77.02434
07/02/2026,0752-CHORRILLOS,BMO-778,11713515,GSJ PASTICCERE SAC,VEKIA,720,3025100328,62814,LOMO AHUMADO PQ 150GR 6LJ OK,0.45,27.81,JURADO PEÑA JHERSSON ANDERSON,,MIRAFLORES,AV REDUCTO 938 URB LEURO,-12.12756,-77.02434
07/02/2026,0752-CHORRILLOS,BMO-778,11713515,GSJ PASTICCERE SAC,VEKIA,720,3025100328,62816,JAMON PAIS GOUR PZ 3.4 A 4.3KG OK,3.5,161.71,JURADO PEÑA JHERSSON ANDERSON,,MIRAFLORES,AV REDUCTO 938 URB LEURO,-12.12756,-77.02434
07/02/2026,0752-CHORRILLOS,BMO-778,11724359,LIMA FOCACCERIA SAC,,719,3025057270,58466,QUESO BURRATA X BOLSA 4UND 0.4KG DUMAN,0.4,40,JURADO PEÑA JHERSSON ANDERSON,,MIRAFLORES,CA JUAN DE LA FUENTE 383 URB PROLON,-12.12556,-77.02094
07/02/2026,0752-CHORRILLOS,BMO-778,11605949,COESTI SA,BENAVIDES E,714,3025061966,58720,CHORIZO AHUMADO 400GR BDT,0.8,21.44,JURADO PEÑA JHERSSON ANDERSON,,MIRAFLORES,BENAVIDES 433,-12.12442,-77.02888
07/02/2026,0752-CHORRILLOS,BMO-778,11605949,COESTI SA,BENAVIDES E,714,3025061966,58722,FRANKFURTER BRASA 1KG BDT,2,36,JURADO PEÑA JHERSSON ANDERSON,,MIRAFLORES,BENAVIDES 433,-12.12442,-77.02888
07/02/2026,0752-CHORRILLOS,BMO-778,11605949,COESTI SA,BENAVIDES E,714,3025061966,58724,CHORIZO SABOR CHIMICHURRI 400G BRAEDT,0.8,19.44,JURADO PEÑA JHERSSON ANDERSON,,MIRAFLORES,BENAVIDES 433,-12.12442,-77.02888
07/02/2026,0752-CHORRILLOS,BMO-778,11609905,HOTELES ESTELAR DEL PERU SAC,ESTELAR E,739,3025096151,62400,JAMON PECHUGA PAVO AHUMADA 2.9KG AP BDT,2.9,199.28,JURADO PEÑA JHERSSON ANDERSON,,MIRAFLORES,AV ALFREDO BENAVIDES 415,-12.12442,-77.02914
07/02/2026,0752-CHORRILLOS,BMO-778,11609905,HOTELES ESTELAR DEL PERU SAC,ESTELAR E,739,3025096151,62402,JAMON DEL PAIS 3.3KG AP BDT,3.3,159.51,JURADO PEÑA JHERSSON ANDERSON,,MIRAFLORES,AV ALFREDO BENAVIDES 415,-12.12442,-77.02914
07/02/2026,0752-CHORRILLOS,BMO-778,11599951,INVERSIONES INMOBILIARIAS LA P,LA PAZ E,739,3025080457,61172,FRANKFURTER GASTRONOMIA 2KG BDT,10,236.95,JURADO PEÑA JHERSSON ANDERSON,,MIRAFLORES,CAL ERNESTO DIEZ CANSECO NRO 344,-12.12239,-77.02747
07/02/2026,0752-CHORRILLOS,BMO-778,11599951,INVERSIONES INMOBILIARIAS LA P,LA PAZ E,739,3025080457,61174,SALCHICHA HUACHO 1KG AP BDT,2,59.1,JURADO PEÑA JHERSSON ANDERSON,,MIRAFLORES,CAL ERNESTO DIEZ CANSECO NRO 344,-12.12239,-77.02747
07/02/2026,0752-CHORRILLOS,BMO-778,11599951,INVERSIONES INMOBILIARIAS LA P,LA PAZ E,739,3025080457,61176,JAMON PIZZA 3.4 - 3.5 KG OK,6.9,164.22,JURADO PEÑA JHERSSON ANDERSON,,MIRAFLORES,CAL ERNESTO DIEZ CANSECO NRO 344,-12.12239,-77.02747
07/02/2026,0752-CHORRILLOS,BMO-778,11599951,INVERSIONES INMOBILIARIAS LA P,LA PAZ E,739,3025080457,61178,QUESO DE VACA FRESCO 1KG AP DUMAN,10,210,JURADO PEÑA JHERSSON ANDERSON,,MIRAFLORES,CAL ERNESTO DIEZ CANSECO NRO 344,-12.12239,-77.02747
07/02/2026,0752-CHORRILLOS,BMO-778,11599951,INVERSIONES INMOBILIARIAS LA P,LA PAZ E,739,3025080457,61180,JAMON DE PAVO PZ 5KG OK,5,246.22,JURADO PEÑA JHERSSON ANDERSON,,MIRAFLORES,CAL ERNESTO DIEZ CANSECO NRO 344,-12.12239,-77.02747
07/02/2026,0752-CHORRILLOS,BMO-778,11599951,INVERSIONES INMOBILIARIAS LA P,LA PAZ E,739,3025080457,61182,LOMO AHUMADO PZ 3.4 A 4.8KG OK,4,217.24,JURADO PEÑA JHERSSON ANDERSON,,MIRAFLORES,CAL ERNESTO DIEZ CANSECO NRO 344,-12.12239,-77.02747
07/02/2026,0752-CHORRILLOS,BMO-778,11606623,FLORES MORALES VICTOR,,740,3025056156,58396,MORTADELLA 3KG AP BDT,3,55.09,JURADO PEÑA JHERSSON ANDERSON,,SURQUILLO,CA NARCISO DE LA COLINA 517,-12.11827,-77.02545
07/02/2026,0752-CHORRILLOS,BMO-778,11606623,FLORES MORALES VICTOR,,740,3025056156,58398,CHORIZO PARRI PREC 2U 140GR BDT,1.4,27.86,JURADO PEÑA JHERSSON ANDERSON,,SURQUILLO,CA NARCISO DE LA COLINA 517,-12.11827,-77.02545
07/02/2026,0752-CHORRILLOS,BMO-778,11606623,FLORES MORALES VICTOR,,740,3025079878,61094,VIENESA 12CM PQ 5UN 175GR OK,0.88,18.48,JURADO PEÑA JHERSSON ANDERSON,,SURQUILLO,CA NARCISO DE LA COLINA 517,-12.11827,-77.02545
07/02/2026,0752-CHORRILLOS,BMO-778,11606623,FLORES MORALES VICTOR,,740,3025079878,61096,JAMONADA POLLO PZ 2KG SEGO,2,19.52,JURADO PEÑA JHERSSON ANDERSON,,SURQUILLO,CA NARCISO DE LA COLINA 517,-12.11827,-77.02545
07/02/2026,0752-CHORRILLOS,BMO-778,6345150,L&G DISTRIBUIDORA EMPRESA INDI,,740,3025070237,59876,JAMON SERRANO 8U CJ 800GR OK,12.8,2169.33,JURADO PEÑA JHERSSON ANDERSON,,SURQUILLO,JR LEONCIO PRADO 318,-12.11757,-77.02574
07/02/2026,0752-CHORRILLOS,BMO-778,6349701,DISTRIBUIDORA SANTINO GOURMET,,740,3025044906,57986,CHORIZO SARTA PICANTE 250GR OK,1,51.18,JURADO PEÑA JHERSSON ANDERSON,,SURQUILLO,CA SANTA ROSA 167,-12.11939,-77.02341
07/02/2026,0752-CHORRILLOS,BMO-778,11735413,RETAILERS 450 EIRL,,740,3025060377,58608,JAMON PIZZERO 3.8KG AP BDT,3.8,71.06,JURADO PEÑA JHERSSON ANDERSON,,SURQUILLO,JR NARCISO DE LA COLINA 559,-12.11833,-77.02517
07/02/2026,0752-CHORRILLOS,BMO-778,11735413,RETAILERS 450 EIRL,,740,3025060377,58610,FRANKFURTER GASTRONOMIA 1KG BDT,2,36.78,JURADO PEÑA JHERSSON ANDERSON,,SURQUILLO,JR NARCISO DE LA COLINA 559,-12.11833,-77.02517
07/02/2026,0752-CHORRILLOS,BMO-778,11735413,RETAILERS 450 EIRL,,740,3025060377,58612,FUNDIDO SABOR CHEDDAR 2.27KG MILKUNZ,4.54,121.75,JURADO PEÑA JHERSSON ANDERSON,,SURQUILLO,JR NARCISO DE LA COLINA 559,-12.11833,-77.02517
07/02/2026,0752-CHORRILLOS,BMO-778,11724018,SERVICIOS LILI SAC,,720,3025061975,58742,PECHUGA POLLO SH SP BR 6U CG CJ 12KG MT,24,312,JURADO PEÑA JHERSSON ANDERSON,,SURQUILLO,CA SAN DIEGO 764,-12.11863,-77.01877
07/02/2026,0752-CHORRILLOS,BMO-778,11724018,SERVICIOS LILI SAC,,720,3025095032,62324,QUESO EDAM REB 500GR SIGMA FS,2.5,81.35,JURADO PEÑA JHERSSON ANDERSON,,SURQUILLO,CA SAN DIEGO 764,-12.11863,-77.01877
07/02/2026,0752-CHORRILLOS,BMO-778,11724018,SERVICIOS LILI SAC,,720,3025095032,62326,JAMON AMERICANO PQ 0.5KG SEGO,2.5,37.5,JURADO PEÑA JHERSSON ANDERSON,,SURQUILLO,CA SAN DIEGO 764,-12.11863,-77.01877
07/02/2026,0752-CHORRILLOS,BMO-778,11633502,CARBAJAL CHACARA MARISOL FLORA,,740,3025076605,60634,PROSCIUTTO 100GR BDT,1,150.9,JURADO PEÑA JHERSSON ANDERSON,,SURQUILLO,JR COLINA 911,-12.11814,-77.02136
07/02/2026,0752-CHORRILLOS,BMO-778,11633502,CARBAJAL CHACARA MARISOL FLORA,,740,3025076605,60636,QUESO CREMA 3.6KG MILKUNZ,7.2,236.78,JURADO PEÑA JHERSSON ANDERSON,,SURQUILLO,JR COLINA 911,-12.11814,-77.02136
07/02/2026,0752-CHORRILLOS,BMO-778,11605335,ROSE SA,,579,3025093641,62236,JAMON PAVO 4.10KG AP BDT,4.1,195.75,JURADO PEÑA JHERSSON ANDERSON,,MIRAFLORES,CAL ARIAS SCHEREIBER N° 184 URB AUR,-12.12238,-77.01148
07/02/2026,0752-CHORRILLOS,BMO-778,11662866,CAPEBO SAC,,579,3025045135,57988,CABANOSSI AL VACIO 24U 600GR BDT,0.6,37.91,JURADO PEÑA JHERSSON ANDERSON,,MIRAFLORES,CA ARÍSTIDES ALJOVIN 210,-12.13113,-77.02899
07/02/2026,0752-CHORRILLOS,BMO-778,11662866,CAPEBO SAC,,579,3025045135,57990,QUESO GOUDA SR 180GR BDT,1.08,52.82,JURADO PEÑA JHERSSON ANDERSON,,MIRAFLORES,CA ARÍSTIDES ALJOVIN 210,-12.13113,-77.02899
07/02/2026,0752-CHORRILLOS,BMO-778,11662866,CAPEBO SAC,,579,3025045135,57992,QUESO MOZZARELLA SR 180G BDT,0.72,35.21,JURADO PEÑA JHERSSON ANDERSON,,MIRAFLORES,CA ARÍSTIDES ALJOVIN 210,-12.13113,-77.02899
07/02/2026,0752-CHORRILLOS,BMO-778,11662866,CAPEBO SAC,,579,3025045135,57994,JAMON DE PAVITA PQ 200GR 8LJ OK,0.4,23.34,JURADO PEÑA JHERSSON ANDERSON,,MIRAFLORES,CA ARÍSTIDES ALJOVIN 210,-12.13113,-77.02899
07/02/2026,0752-CHORRILLOS,BMO-778,11662866,CAPEBO SAC,,579,3025045135,57996,JAMON INGLES PQ 200GR 8LJ OK,0.4,25.19,JURADO PEÑA JHERSSON ANDERSON,,MIRAFLORES,CA ARÍSTIDES ALJOVIN 210,-12.13113,-77.02899
07/02/2026,0752-CHORRILLOS,BMO-778,11662866,CAPEBO SAC,,579,3025045135,57998,LOMO AHUMADO PQ 150GR 6LJ OK,0.3,18.92,JURADO PEÑA JHERSSON ANDERSON,,MIRAFLORES,CA ARÍSTIDES ALJOVIN 210,-12.13113,-77.02899
07/02/2026,0752-CHORRILLOS,BMO-778,11662866,CAPEBO SAC,,579,3025045135,58000,MOLIDA CASERA CG UN 0.5KG SEGO,0.5,6.7,JURADO PEÑA JHERSSON ANDERSON,,MIRAFLORES,CA ARÍSTIDES ALJOVIN 210,-12.13113,-77.02899
07/02/2026,0752-CHORRILLOS,BMO-778,11598838,BELMOND PERU SA,BELMOND E,739,3024979797,57448,LOMO FINO SC 5LB UP BR CG 2.5KG AP MT,15,780,JURADO PEÑA JHERSSON ANDERSON,,MIRAFLORES,CA LAS ACACIAS 171,-12.13567,-77.02725
07/02/2026,0752-CHORRILLOS,BMO-778,11598838,BELMOND PERU SA,BELMOND E,739,3025098615,62588,JAMON PECHUGA PAVO AHUMADA 2.9KG AP BDT,2.9,0,JURADO PEÑA JHERSSON ANDERSON,,MIRAFLORES,CA LAS ACACIAS 171,-12.13567,-77.02725
07/02/2026,0752-CHORRILLOS,BMO-778,11603356,SW FRANQUICIAS ANDINAS SAC,SUBWAY PANAMA E,713,3025100315,62704,PECHUGA POLLO MACERADA COCIDA 2KG SEGO,40,1162,JURADO PEÑA JHERSSON ANDERSON,,MIRAFLORES,AV ROOSEVELT NRO 6491 URB SANTA RITA,-12.1301,-77.01787
07/02/2026,0752-CHORRILLOS,BMO-778,11603356,SW FRANQUICIAS ANDINAS SAC,SUBWAY PANAMA E,713,3025100315,62706,JAMON PAVO 37LJ CG 500GR BDT,10,343.2,JURADO PEÑA JHERSSON ANDERSON,,MIRAFLORES,AV ROOSEVELT NRO 6491 URB SANTA RITA,-12.1301,-77.01787
07/02/2026,0752-CHORRILLOS,BMO-778,11603356,SW FRANQUICIAS ANDINAS SAC,SUBWAY PANAMA E,713,3025100315,62708,PULLED PORK ESPECIAL 1KG CG BF,2,69.36,JURADO PEÑA JHERSSON ANDERSON,,MIRAFLORES,AV ROOSEVELT NRO 6491 URB SANTA RITA,-12.1301,-77.01787
07/02/2026,0752-CHORRILLOS,BMO-778,11603356,SW FRANQUICIAS ANDINAS SAC,SUBWAY PANAMA E,713,3025100315,62710,FUNDIDO SABOR EMMENTAL 2.27KG MILKUNZ,18.16,487.76,JURADO PEÑA JHERSSON ANDERSON,,MIRAFLORES,AV ROOSEVELT NRO 6491 URB SANTA RITA,-12.1301,-77.01787
07/02/2026,0752-CHORRILLOS,BMO-778,11603356,SW FRANQUICIAS ANDINAS SAC,SUBWAY PANAMA E,713,3025100315,62712,FUNDIDO SABOR CHEDDAR 2.27KG MILKUNZ,20.43,548.73,JURADO PEÑA JHERSSON ANDERSON,,MIRAFLORES,AV ROOSEVELT NRO 6491 URB SANTA RITA,-12.1301,-77.01787
07/02/2026,0752-CHORRILLOS,BMO-778,11603356,SW FRANQUICIAS ANDINAS SAC,SUBWAY PANAMA E,713,3025100315,62714,JAMON 2001 OVAL CONG PQT 0.5KG BF,10,247.9,JURADO PEÑA JHERSSON ANDERSON,,MIRAFLORES,AV ROOSEVELT NRO 6491 URB SANTA RITA,-12.1301,-77.01787
07/02/2026,0752-CHORRILLOS,BMO-778,11727809,MARISOL ZVR SAC,,579,3025080108,61146,QUESO CREMA 3.6KG MILKUNZ,7.2,241.61,JURADO PEÑA JHERSSON ANDERSON,,SANTIAGO DE SURCO,CA SOR TITA 291,-12.13015,-77.00867
07/02/2026,0752-CHORRILLOS,BMO-778,11659067,INVERSIONES JJN SAC,,577,3025081876,61352,QUESO GOUDA SR 180GR BDT,1.08,52.82,JURADO PEÑA JHERSSON ANDERSON,,SANTIAGO DE SURCO,CALLE SOR MATE 310 URBANIZACIÓN EL,-12.13027,-77.0074
07/02/2026,0752-CHORRILLOS,BMO-778,11659067,INVERSIONES JJN SAC,,577,3025081876,61354,SALCHICHA HUACHO 150GR BDT,0.45,11.95,JURADO PEÑA JHERSSON ANDERSON,,SANTIAGO DE SURCO,CALLE SOR MATE 310 URBANIZACIÓN EL,-12.13027,-77.0074
07/02/2026,0752-CHORRILLOS,BMO-778,11659067,INVERSIONES JJN SAC,,577,3025081876,61356,JAMON DE PAVITA PQ 200GR 8LJ OK,0.6,35,JURADO PEÑA JHERSSON ANDERSON,,SANTIAGO DE SURCO,CALLE SOR MATE 310 URBANIZACIÓN EL,-12.13027,-77.0074
07/02/2026,0752-CHORRILLOS,BMO-778,11659067,INVERSIONES JJN SAC,,577,3025081876,61358,JAMON INGLES PQ 200GR 8LJ OK,1.2,75.58,JURADO PEÑA JHERSSON ANDERSON,,SANTIAGO DE SURCO,CALLE SOR MATE 310 URBANIZACIÓN EL,-12.13027,-77.0074
07/02/2026,0752-CHORRILLOS,BMO-778,11659067,INVERSIONES JJN SAC,,577,3025081876,61360,JAMON PIZZA PQ 100GR 6LJ OK,0.3,8.66,JURADO PEÑA JHERSSON ANDERSON,,SANTIAGO DE SURCO,CALLE SOR MATE 310 URBANIZACIÓN EL,-12.13027,-77.0074
07/02/2026,0752-CHORRILLOS,BMO-778,11659067,INVERSIONES JJN SAC,,577,3025081876,61362,LOMO AHUMADO PQ 150GR 6LJ OK,0.15,9.46,JURADO PEÑA JHERSSON ANDERSON,,SANTIAGO DE SURCO,CALLE SOR MATE 310 URBANIZACIÓN EL,-12.13027,-77.0074
07/02/2026,0752-CHORRILLOS,BMO-778,11659067,INVERSIONES JJN SAC,,577,3025081876,61364,POLACA PQ 100GR 8LJ OK,0.3,11.6,JURADO PEÑA JHERSSON ANDERSON,,SANTIAGO DE SURCO,CALLE SOR MATE 310 URBANIZACIÓN EL,-12.13027,-77.0074
07/02/2026,0752-CHORRILLOS,BMO-778,11659067,INVERSIONES JJN SAC,,577,3025081876,61366,MOLIDA CASERA CG UN 0.5KG SEGO,1.5,20.1,JURADO PEÑA JHERSSON ANDERSON,,SANTIAGO DE SURCO,CALLE SOR MATE 310 URBANIZACIÓN EL,-12.13027,-77.0074
07/02/2026,0752-CHORRILLOS,BMO-778,11716671,MINAYA ROJAS BLANCA NIEVES,,579,3025073148,60088,CHORIZO PARRI PREC 2U 140GR BDT,3.5,65.39,JURADO PEÑA JHERSSON ANDERSON,,SANTIAGO DE SURCO,MZ E LT 5 AAHH MANUEL MEDINA PAREDE,-12.13526,-77.01129
07/02/2026,0752-CHORRILLOS,BMO-778,11655443,LEON VILLACORTA MARY JUSTINA,,579,3025052972,58110,CABANOSSI 25G BDT,0.33,20.81,JURADO PEÑA JHERSSON ANDERSON,,SANTIAGO DE SURCO,AV CATALINO MIRANDA 327  ESQ C/ PSJ,-12.13868,-77.01438
07/02/2026,0752-CHORRILLOS,BMO-778,11655443,LEON VILLACORTA MARY JUSTINA,,579,3025052972,58112,SALCHICHA HUACHO 150GR BDT,0.3,7.96,JURADO PEÑA JHERSSON ANDERSON,,SANTIAGO DE SURCO,AV CATALINO MIRANDA 327  ESQ C/ PSJ,-12.13868,-77.01438
07/02/2026,0752-CHORRILLOS,BMO-778,11655443,LEON VILLACORTA MARY JUSTINA,,579,3025052972,58114,SALCHICHA DE POLLO 200G SEGO,0.8,7.26,JURADO PEÑA JHERSSON ANDERSON,,SANTIAGO DE SURCO,AV CATALINO MIRANDA 327  ESQ C/ PSJ,-12.13868,-77.01438
07/02/2026,0752-CHORRILLOS,BMO-778,6343924,EMVAPAR SAC,,577,3025082753,61386,PATE 100GR BDT,0.3,7.24,JURADO PEÑA JHERSSON ANDERSON,,SANTIAGO DE SURCO,PASEO LA CASTELLANA NRO. 597,-12.13532,-77.0041
07/02/2026,0752-CHORRILLOS,BMO-778,6343924,EMVAPAR SAC,,577,3025082753,61388,SALCHICHA DEL NORTE BLS 2KG 100GR OK,2,61.59,JURADO PEÑA JHERSSON ANDERSON,,SANTIAGO DE SURCO,PASEO LA CASTELLANA NRO. 597,-12.13532,-77.0041
07/02/2026,0752-CHORRILLOS,BMO-778,11605661,PANIFICADORA Y MINIMARKET LA F,,577,3025087291,61884,JAMON PIZZA 3.4 - 3.5 KG OK,3.45,73.95,JURADO PEÑA JHERSSON ANDERSON,,SANTIAGO DE SURCO,QUERECOTILLO INT 6 LT D URB LA CAPU,-12.13414,-76.99898
07/02/2026,0752-CHORRILLOS,BMO-778,11605661,PANIFICADORA Y MINIMARKET LA F,,577,3025087291,61886,PACK J PIZZA Y EDAM 340GR OK,3.4,100.6,JURADO PEÑA JHERSSON ANDERSON,,SANTIAGO DE SURCO,QUERECOTILLO INT 6 LT D URB LA CAPU,-12.13414,-76.99898
07/02/2026,0752-CHORRILLOS,BMO-778,11605661,PANIFICADORA Y MINIMARKET LA F,,577,3025087291,61888,QUESO FUNDIDO SABOR CHEDDAR 170GR BDT,0.17,0,JURADO PEÑA JHERSSON ANDERSON,,SANTIAGO DE SURCO,QUERECOTILLO INT 6 LT D URB LA CAPU,-12.13414,-76.99898
07/02/2026,0752-CHORRILLOS,BMO-778,11605661,PANIFICADORA Y MINIMARKET LA F,,577,3025087291,61890,JAMON DEL PAIS PZ 3.5KG OK,3.5,189.24,JURADO PEÑA JHERSSON ANDERSON,,SANTIAGO DE SURCO,QUERECOTILLO INT 6 LT D URB LA CAPU,-12.13414,-76.99898
07/02/2026,0752-CHORRILLOS,BMO-778,11605661,PANIFICADORA Y MINIMARKET LA F,,577,3025087291,61892,VIENESA BLS 5KG OK,5,93.26,JURADO PEÑA JHERSSON ANDERSON,,SANTIAGO DE SURCO,QUERECOTILLO INT 6 LT D URB LA CAPU,-12.13414,-76.99898
07/02/2026,0752-CHORRILLOS,BMO-778,11605661,PANIFICADORA Y MINIMARKET LA F,,577,3025087291,61894,VIENESA 12CM PQ 5UN 175GR OK,1.05,22.63,JURADO PEÑA JHERSSON ANDERSON,,SANTIAGO DE SURCO,QUERECOTILLO INT 6 LT D URB LA CAPU,-12.13414,-76.99898
07/02/2026,0752-CHORRILLOS,BMO-778,11605661,PANIFICADORA Y MINIMARKET LA F,,577,3025087291,61896,SALCHICHA DEL NORTE BLS 2KG 100GR OK,2,61.59,JURADO PEÑA JHERSSON ANDERSON,,SANTIAGO DE SURCO,QUERECOTILLO INT 6 LT D URB LA CAPU,-12.13414,-76.99898
07/02/2026,0752-CHORRILLOS,BMO-778,11605661,PANIFICADORA Y MINIMARKET LA F,,577,3025087291,61898,TOCINO AHUMADO 100GR OK,0.6,36.1,JURADO PEÑA JHERSSON ANDERSON,,SANTIAGO DE SURCO,QUERECOTILLO INT 6 LT D URB LA CAPU,-12.13414,-76.99898
07/02/2026,0752-CHORRILLOS,BMO-778,11667295,NAVIKA EIRL,,577,3025091952,62096,SALCHICHA HUACHO 1KG AP BDT,3,79.63,JURADO PEÑA JHERSSON ANDERSON,,SANTIAGO DE SURCO,AV AYACUCHO 1292 LIGURIA,-12.13365,-76.99562
07/02/2026,0752-CHORRILLOS,BMO-778,11667295,NAVIKA EIRL,,577,3025091952,62098,PACK J PIZZA Y EDAM 340GR OK,0.68,22.11,JURADO PEÑA JHERSSON ANDERSON,,SANTIAGO DE SURCO,AV AYACUCHO 1292 LIGURIA,-12.13365,-76.99562
07/02/2026,0752-CHORRILLOS,BMO-778,11667295,NAVIKA EIRL,,577,3025091952,62100,JAMONADA POLACA PZ 3KG OK,3,73.37,JURADO PEÑA JHERSSON ANDERSON,,SANTIAGO DE SURCO,AV AYACUCHO 1292 LIGURIA,-12.13365,-76.99562
07/02/2026,0752-CHORRILLOS,BMO-778,11667295,NAVIKA EIRL,,577,3025091952,62102,CHICHARRON DE PRENSA PZ 2.2 A 2.6KG OK,2.6,81.27,JURADO PEÑA JHERSSON ANDERSON,,SANTIAGO DE SURCO,AV AYACUCHO 1292 LIGURIA,-12.13365,-76.99562
07/02/2026,0752-CHORRILLOS,BMO-778,11667295,NAVIKA EIRL,,577,3025091952,62104,EDAM BARRA 3KG AP MILKUNZ,3,125.75,JURADO PEÑA JHERSSON ANDERSON,,SANTIAGO DE SURCO,AV AYACUCHO 1292 LIGURIA,-12.13365,-76.99562
07/02/2026,0752-CHORRILLOS,BMO-778,11667295,NAVIKA EIRL,,577,3025091952,62106,CHORIZO PARRI PREC 2U 140GR BDT,0.84,17.06,JURADO PEÑA JHERSSON ANDERSON,,SANTIAGO DE SURCO,AV AYACUCHO 1292 LIGURIA,-12.13365,-76.99562
07/02/2026,0752-CHORRILLOS,BMO-778,11732142,INVERSIONES BELDINI SAC,,577,3025084630,61666,JAMON PIZZA 3.4 - 3.5 KG OK,10.35,204.09,JURADO PEÑA JHERSSON ANDERSON,,SANTIAGO DE SURCO,JR ANTUNEZ DE MAYOLO 627 VISTA ALEG,-12.13371,-76.99186
07/02/2026,0752-CHORRILLOS,BSE-844,6245338,SUPERMERCADOS PERUANOS S.A.,ALMAC / CARNES E,724,3024849789,57162,COSTILLA AHUM BLS 2KG SEGO,200,5149.1,CHUMPITAZ VARGAS GEORGE BENSON,,CHORRILLOS,PAN. SUR KM. 18.5 (ESMERALDA)-URB.VILLA CHORRILLOS,-12.21215,-76.97635
07/02/2026,0752-CHORRILLOS,BSE-844,6245338,SUPERMERCADOS PERUANOS S.A.,ALMAC / CARNES E,724,3024849790,57164,MTO COSTILLAS CRIOLLA RF PZ 800GR AP OK,44.8,992.28,CHUMPITAZ VARGAS GEORGE BENSON,,CHORRILLOS,PAN. SUR KM. 18.5 (ESMERALDA)-URB.VILLA CHORRILLOS,-12.21215,-76.97635
07/02/2026,0752-CHORRILLOS,BSE-844,6245338,SUPERMERCADOS PERUANOS S.A.,ALMAC / CARNES E,724,3024849790,57166,MTO LOMITO ORIENTAL RF PZ 0.9KG AP OK,49.5,1283.39,CHUMPITAZ VARGAS GEORGE BENSON,,CHORRILLOS,PAN. SUR KM. 18.5 (ESMERALDA)-URB.VILLA CHORRILLOS,-12.21215,-76.97635
07/02/2026,0752-CHORRILLOS,BSE-844,6245338,SUPERMERCADOS PERUANOS S.A.,ALMAC / CARNES E,724,3024849790,57168,MTO LOMITO CRIOLLA RF PZ 0.9KG AP OK,47.7,1265.82,CHUMPITAZ VARGAS GEORGE BENSON,,CHORRILLOS,PAN. SUR KM. 18.5 (ESMERALDA)-URB.VILLA CHORRILLOS,-12.21215,-76.97635
07/02/2026,0752-CHORRILLOS,BSE-844,6245338,SUPERMERCADOS PERUANOS S.A.,ALMAC / CARNES E,724,3024849790,57170,MTO LOMO FINO CERDO 1.05KG AP OK,126,3534.3,CHUMPITAZ VARGAS GEORGE BENSON,,CHORRILLOS,PAN. SUR KM. 18.5 (ESMERALDA)-URB.VILLA CHORRILLOS,-12.21215,-76.97635
07/02/2026,0752-CHORRILLOS,BSE-844,11674125,EL CHACHA SERVICIOS GENERALES,,708,3025096626,62522,CHORIZO PREC CULINARIO 1KG OK,30,645,CHUMPITAZ VARGAS GEORGE BENSON,,CHORRILLOS,CA 12 DE FEBRERO MZ A4 LT 28 AH MAR,-12.17592,-77.02572
07/02/2026,0752-CHORRILLOS,BSE-844,11674125,EL CHACHA SERVICIOS GENERALES,,708,3025096626,62524,HAMBURG DE RES PQ 4UN 150GR OK,129.6,2782.74,CHUMPITAZ VARGAS GEORGE BENSON,,CHORRILLOS,CA 12 DE FEBRERO MZ A4 LT 28 AH MAR,-12.17592,-77.02572
07/02/2026,0752-CHORRILLOS,BTT-722,11605800,MACHACCA HUAMAN ROXANA,,642,3025081230,61268,CABANOSSI 25G BDT,0.6,38.42,BAUTISTA PARIONA EMILIO RAY,,LINCE,AV RIVERA NAVARRETE RICARDO 2599,-12.0887,-77.02729
07/02/2026,0752-CHORRILLOS,BTT-722,11605800,MACHACCA HUAMAN ROXANA,,642,3025081230,61270,HOT DOG TRADICIONAL 200GR BDT,2,31.12,BAUTISTA PARIONA EMILIO RAY,,LINCE,AV RIVERA NAVARRETE RICARDO 2599,-12.0887,-77.02729
07/02/2026,0752-CHORRILLOS,BTT-722,11605800,MACHACCA HUAMAN ROXANA,,642,3025081230,61272,SALCH VIENESA ESP PQ 5UN 250GR OK,1.5,25.19,BAUTISTA PARIONA EMILIO RAY,,LINCE,AV RIVERA NAVARRETE RICARDO 2599,-12.0887,-77.02729
07/02/2026,0752-CHORRILLOS,BTT-722,11605800,MACHACCA HUAMAN ROXANA,,642,3025081230,61274,CHORIZO PARRI PREC 2U 140GR BDT,1.12,21.83,BAUTISTA PARIONA EMILIO RAY,,LINCE,AV RIVERA NAVARRETE RICARDO 2599,-12.0887,-77.02729
07/02/2026,0752-CHORRILLOS,BTT-722,11722124,NONNA ANNA EIRL,,642,3025068398,59556,JAMON PIZZERO 3.8KG AP BDT,3.8,72.51,BAUTISTA PARIONA EMILIO RAY,,LINCE,JR FRANCISCO MASIAS 2698,-12.08957,-77.02626
07/02/2026,0752-CHORRILLOS,BTT-722,11722124,NONNA ANNA EIRL,,642,3025068398,59558,FRANKFURTER GASTRONOMIA 2KG BDT,4,74.89,BAUTISTA PARIONA EMILIO RAY,,LINCE,JR FRANCISCO MASIAS 2698,-12.08957,-77.02626
07/02/2026,0752-CHORRILLOS,BTT-722,11722124,NONNA ANNA EIRL,,642,3025068398,59560,QUESO CREMA PHILADELP BRICK 180GR KRAFT,0.54,28.79,BAUTISTA PARIONA EMILIO RAY,,LINCE,JR FRANCISCO MASIAS 2698,-12.08957,-77.02626
07/02/2026,0752-CHORRILLOS,BTT-722,11597271,GRIMANESA ECHEVARRIA SILUPU,,642,3024927765,57338,JAMONADA POLACA 3KG AP BDT,3,87.24,BAUTISTA PARIONA EMILIO RAY,,LINCE,FRANCISCO MASIAS # 2656,-12.08918,-77.02635
07/02/2026,0752-CHORRILLOS,BTT-722,11597271,GRIMANESA ECHEVARRIA SILUPU,,642,3024927765,57340,SALCHICHA HUACHO 150GR BDT,0.6,15.13,BAUTISTA PARIONA EMILIO RAY,,LINCE,FRANCISCO MASIAS # 2656,-12.08918,-77.02635
07/02/2026,0752-CHORRILLOS,BTT-722,11597271,GRIMANESA ECHEVARRIA SILUPU,,642,3024927765,57342,PACK J PIZZA Y EDAM 340GR OK,1.02,33.17,BAUTISTA PARIONA EMILIO RAY,,LINCE,FRANCISCO MASIAS # 2656,-12.08918,-77.02635
07/02/2026,0752-CHORRILLOS,BTT-722,11597271,GRIMANESA ECHEVARRIA SILUPU,,642,3024927765,57344,POLACA PQ 100GR 8LJ OK,0.6,23.2,BAUTISTA PARIONA EMILIO RAY,,LINCE,FRANCISCO MASIAS # 2656,-12.08918,-77.02635
07/02/2026,0752-CHORRILLOS,BTT-722,11737204,INVERSIONES NACIONALES DE TURI,FOOD HALL,739,3025100337,62836,QUESO BURRATA X BOLSA 4UND 0.4KG DUMAN,0.4,40,BAUTISTA PARIONA EMILIO RAY,,SAN ISIDRO,AV PASEO DE LA REPUBLICO 3070,-12.09362,-77.0241
07/02/2026,0752-CHORRILLOS,BTT-722,11597435,GOLDEN INVESTMENT SA,GOLDEN SANISIDRO E,739,3025098237,62560,MANTEQUILLA SIN SAL 1KG AP SIGMA FS,14,559.97,BAUTISTA PARIONA EMILIO RAY,,SAN ISIDRO,AV REPUBLICA DE PANAMA 3155 URB EL PALOMAR,-12.09601,-77.02068
07/02/2026,0752-CHORRILLOS,BTT-722,11699025,VITUSI SAC,CAFETERIA DONIZETTI,720,3025100325,62778,JAMON PIZZERO 3.8KG AP BDT,38,819.28,BAUTISTA PARIONA EMILIO RAY,,SAN ISIDRO,AV JAVIER PRADO ESTE 1010 INT 104 C,-12.09052,-77.0186
07/02/2026,0752-CHORRILLOS,BTT-722,11699025,VITUSI SAC,CAFETERIA DONIZETTI,720,3025100325,62780,CHORIZO PARRI PREC 1KG BDT,2,66.32,BAUTISTA PARIONA EMILIO RAY,,SAN ISIDRO,AV JAVIER PRADO ESTE 1010 INT 104 C,-12.09052,-77.0186
07/02/2026,0752-CHORRILLOS,BTT-722,11699025,VITUSI SAC,CAFETERIA DONIZETTI,720,3025100325,62782,JAMON DEL PAIS 3.3KG AP BDT,3.3,167.44,BAUTISTA PARIONA EMILIO RAY,,SAN ISIDRO,AV JAVIER PRADO ESTE 1010 INT 104 C,-12.09052,-77.0186
07/02/2026,0752-CHORRILLOS,BTT-722,11699025,VITUSI SAC,CAFETERIA DONIZETTI,720,3025100325,62784,JAMON PAVO 4.10KG AP BDT,4.1,192.25,BAUTISTA PARIONA EMILIO RAY,,SAN ISIDRO,AV JAVIER PRADO ESTE 1010 INT 104 C,-12.09052,-77.0186
07/02/2026,0752-CHORRILLOS,BTT-722,11699025,VITUSI SAC,CAFETERIA DONIZETTI,720,3025100325,62786,HOT DOG 3.1KG AP BDT,3.1,55.34,BAUTISTA PARIONA EMILIO RAY,,SAN ISIDRO,AV JAVIER PRADO ESTE 1010 INT 104 C,-12.09052,-77.0186
07/02/2026,0752-CHORRILLOS,BTT-722,11699025,VITUSI SAC,CAFETERIA DONIZETTI,720,3025100325,62788,TOCINO AHUM CP PZ 4KG AP SEGO,4,150.12,BAUTISTA PARIONA EMILIO RAY,,SAN ISIDRO,AV JAVIER PRADO ESTE 1010 INT 104 C,-12.09052,-77.0186
07/02/2026,0752-CHORRILLOS,BTT-722,11608117,CINCO MILLAS SAC,CMILLAS E,716,3025045693,58010,QUESO AZUL 2.2KG AP MILKUNZ,2.2,105.64,BAUTISTA PARIONA EMILIO RAY,,LA VICTORIA,AV CARLOS VILLARAN 500 INT L125,-12.08863,-77.02007
07/02/2026,0752-CHORRILLOS,BTT-722,6346690,ARELLANO ZUÑIGA CHANEL BENET,,645,3025068554,59630,TOCINO AHUMADO 80GR BDT,0.32,16.52,BAUTISTA PARIONA EMILIO RAY,,LA VICTORIA,JR LOS DIAMANTES 448,-12.07816,-77.02044
07/02/2026,0752-CHORRILLOS,BTT-722,6346690,ARELLANO ZUÑIGA CHANEL BENET,,645,3025068554,59632,PASTEL DE JAMON PZA 2KG SEGO,2,31.15,BAUTISTA PARIONA EMILIO RAY,,LA VICTORIA,JR LOS DIAMANTES 448,-12.07816,-77.02044
07/02/2026,0752-CHORRILLOS,BTT-722,6346690,ARELLANO ZUÑIGA CHANEL BENET,,645,3025068554,59634,SALCH HUACHO UN 0.25KG SEGO,1.5,25.87,BAUTISTA PARIONA EMILIO RAY,,LA VICTORIA,JR LOS DIAMANTES 448,-12.07816,-77.02044
07/02/2026,0752-CHORRILLOS,BTT-722,6343150,CARDENAS EVANGELISTA GUIME ARC,,645,3025100729,62848,SALCHICHA HUACHO 1KG AP BDT,1,26.54,BAUTISTA PARIONA EMILIO RAY,,LA VICTORIA,CA ANTONIO DE LA GUERRA 457 URB. S,-12.08091,-77.01769
07/02/2026,0752-CHORRILLOS,BTT-722,6343150,CARDENAS EVANGELISTA GUIME ARC,,645,3025100729,62850,JAMON PIZZA 3.4 - 3.5 KG OK,3.45,73.95,BAUTISTA PARIONA EMILIO RAY,,LA VICTORIA,CA ANTONIO DE LA GUERRA 457 URB. S,-12.08091,-77.01769
07/02/2026,0752-CHORRILLOS,BTT-722,6343150,CARDENAS EVANGELISTA GUIME ARC,,645,3025100729,62852,JAMONADA POLACA PZ 3KG OK,3,73.37,BAUTISTA PARIONA EMILIO RAY,,LA VICTORIA,CA ANTONIO DE LA GUERRA 457 URB. S,-12.08091,-77.01769
07/02/2026,0752-CHORRILLOS,BTT-722,11602485,KAYOMI SAC,RKY CANADA02 E,713,3025095029,62314,FRANKFURTER COCT 250GR BDT,1.25,38.45,BAUTISTA PARIONA EMILIO RAY,,LA VICTORIA,AV CANADA 1211 URB SANTA CATALINA (ALTDE MTRO CANADA)- CANAD,-12.08402,-77.01198
07/02/2026,0752-CHORRILLOS,BTT-722,11602485,KAYOMI SAC,RKY CANADA02 E,713,3025095029,62316,CHULETA BARCA 200G CG BL 10UNX2KG OK,12,211.32,BAUTISTA PARIONA EMILIO RAY,,LA VICTORIA,AV CANADA 1211 URB SANTA CATALINA (ALTDE MTRO CANADA)- CANAD,-12.08402,-77.01198
07/02/2026,0752-CHORRILLOS,BTT-722,11602485,KAYOMI SAC,RKY CANADA02 E,713,3025095029,62318,FRANK AHUM CUL 15CM PQ 20UN 1KG OK,6,118.32,BAUTISTA PARIONA EMILIO RAY,,LA VICTORIA,AV CANADA 1211 URB SANTA CATALINA (ALTDE MTRO CANADA)- CANAD,-12.08402,-77.01198
07/02/2026,0752-CHORRILLOS,BTT-722,11602485,KAYOMI SAC,RKY CANADA02 E,713,3025095029,62320,CHURRASC LARG 350G CG BL 2UNX0.7KG SEGO,2.8,100.96,BAUTISTA PARIONA EMILIO RAY,,LA VICTORIA,AV CANADA 1211 URB SANTA CATALINA (ALTDE MTRO CANADA)- CANAD,-12.08402,-77.01198
07/02/2026,0752-CHORRILLOS,BTT-722,11602485,KAYOMI SAC,RKY CANADA02 E,713,3025095029,62322,CHORIZO PREC NAT CG PQ 2KG SEGO,8,154.56,BAUTISTA PARIONA EMILIO RAY,,LA VICTORIA,AV CANADA 1211 URB SANTA CATALINA (ALTDE MTRO CANADA)- CANAD,-12.08402,-77.01198
07/02/2026,0752-CHORRILLOS,BTT-722,11543074,RICAPPA MENDOZA DIANA DURMEY,,645,3024865768,57206,QUESO CREMA PHILADELP BRICK 180GR KRAFT,0.54,28.79,BAUTISTA PARIONA EMILIO RAY,,LA VICTORIA,CA.PEDRO VITORELLI NRO. 284,-12.08375,-77.01007
07/02/2026,0752-CHORRILLOS,BTT-722,11543074,RICAPPA MENDOZA DIANA DURMEY,,645,3024865768,57208,PACK J PIZZA Y EDAM 340GR OK,0.68,22.11,BAUTISTA PARIONA EMILIO RAY,,LA VICTORIA,CA.PEDRO VITORELLI NRO. 284,-12.08375,-77.01007
07/02/2026,0752-CHORRILLOS,BTT-722,11543074,RICAPPA MENDOZA DIANA DURMEY,,645,3024865768,57210,JAMON PIZZA PQ 100GR 6LJ OK,0.4,11.54,BAUTISTA PARIONA EMILIO RAY,,LA VICTORIA,CA.PEDRO VITORELLI NRO. 284,-12.08375,-77.01007
07/02/2026,0752-CHORRILLOS,BTT-722,6341203,PASTELERIA-BODEGA GIOVANA EIRL,,645,3025080372,61162,JAMONADA POLACA 3KG AP BDT,3,87.24,BAUTISTA PARIONA EMILIO RAY,,LA VICTORIA,PJE CECIAS 233,-12.08218,-77.0083
07/02/2026,0752-CHORRILLOS,BTT-722,6341203,PASTELERIA-BODEGA GIOVANA EIRL,,645,3025080372,61164,JAMON INGLES 5KG AP BDT,5,228.97,BAUTISTA PARIONA EMILIO RAY,,LA VICTORIA,PJE CECIAS 233,-12.08218,-77.0083
07/02/2026,0752-CHORRILLOS,BTT-722,6341203,PASTELERIA-BODEGA GIOVANA EIRL,,645,3025080372,61166,JAMON PAIS GOUR PZ 3.4 A 4.3KG OK,3.5,222.78,BAUTISTA PARIONA EMILIO RAY,,LA VICTORIA,PJE CECIAS 233,-12.08218,-77.0083
07/02/2026,0752-CHORRILLOS,BTT-722,6341203,PASTELERIA-BODEGA GIOVANA EIRL,,645,3025080372,61168,CHORIZO PARRI PREC 2U 140GR BDT,1.26,24.44,BAUTISTA PARIONA EMILIO RAY,,LA VICTORIA,PJE CECIAS 233,-12.08218,-77.0083
07/02/2026,0752-CHORRILLOS,BTT-722,11608031,INGA DAMIAN BEATRIZ,,645,3025069570,59772,HOT DOG 200GR BDT,0.8,18.25,BAUTISTA PARIONA EMILIO RAY,,LA VICTORIA,CA FRANCISCO GRAÑA / ENRIQUE ENCIN,-12.08296,-77.00557
07/02/2026,0752-CHORRILLOS,BTT-722,11608031,INGA DAMIAN BEATRIZ,,645,3025069570,59774,QUESO CREMA PHILADELP BRICK 180GR KRAFT,0.36,20.2,BAUTISTA PARIONA EMILIO RAY,,LA VICTORIA,CA FRANCISCO GRAÑA / ENRIQUE ENCIN,-12.08296,-77.00557
07/02/2026,0752-CHORRILLOS,BTT-722,11608031,INGA DAMIAN BEATRIZ,,645,3025069570,59776,BOLA TIPO MOZZARELLA X 200G BDT,0.4,13.59,BAUTISTA PARIONA EMILIO RAY,,LA VICTORIA,CA FRANCISCO GRAÑA / ENRIQUE ENCIN,-12.08296,-77.00557
07/02/2026,0752-CHORRILLOS,BTT-722,11608031,INGA DAMIAN BEATRIZ,,645,3025069570,59778,CHORIZO PARRI PREC 2U 140GR BDT,0.56,11.37,BAUTISTA PARIONA EMILIO RAY,,LA VICTORIA,CA FRANCISCO GRAÑA / ENRIQUE ENCIN,-12.08296,-77.00557
07/02/2026,0752-CHORRILLOS,BTT-722,11734185,PANADERIA Y PASTELERIA ARTHUR,,645,3025093310,62206,JAMON PIZZERO 3.8KG AP BDT,3.8,72.51,BAUTISTA PARIONA EMILIO RAY,,LA VICTORIA,AV CANADA 1693,-12.08394,-77.00461
07/02/2026,0752-CHORRILLOS,BTT-722,11734185,PANADERIA Y PASTELERIA ARTHUR,,645,3025093310,62208,JAMONADA LONCH 3KG AP BDT,3,49.92,BAUTISTA PARIONA EMILIO RAY,,LA VICTORIA,AV CANADA 1693,-12.08394,-77.00461
07/02/2026,0752-CHORRILLOS,BTT-722,11734185,PANADERIA Y PASTELERIA ARTHUR,,645,3025093310,62210,PACK JAMON Y QUESO 370GR BDT,0.74,22.39,BAUTISTA PARIONA EMILIO RAY,,LA VICTORIA,AV CANADA 1693,-12.08394,-77.00461
07/02/2026,0752-CHORRILLOS,BTT-722,11734185,PANADERIA Y PASTELERIA ARTHUR,,645,3025093310,62212,SALCHICHA DEL NORTE 150G OK,0.9,25.92,BAUTISTA PARIONA EMILIO RAY,,LA VICTORIA,AV CANADA 1693,-12.08394,-77.00461
07/02/2026,0752-CHORRILLOS,BTT-722,11734185,PANADERIA Y PASTELERIA ARTHUR,,645,3025093310,62214,JAMONADA ESP 100GR BDT,0.3,5.77,BAUTISTA PARIONA EMILIO RAY,,LA VICTORIA,AV CANADA 1693,-12.08394,-77.00461
07/02/2026,0752-CHORRILLOS,BTT-722,11734185,PANADERIA Y PASTELERIA ARTHUR,,645,3025093310,62216,JAMONADA POLACA PZ 3KG OK,3,73.37,BAUTISTA PARIONA EMILIO RAY,,LA VICTORIA,AV CANADA 1693,-12.08394,-77.00461
07/02/2026,0752-CHORRILLOS,BTT-722,11734185,PANADERIA Y PASTELERIA ARTHUR,,645,3025093310,62218,VIENESA 12CM PQ 5UN 175GR OK,0.7,15.08,BAUTISTA PARIONA EMILIO RAY,,LA VICTORIA,AV CANADA 1693,-12.08394,-77.00461
07/02/2026,0752-CHORRILLOS,BTT-722,11734185,PANADERIA Y PASTELERIA ARTHUR,,645,3025093310,62220,CHORIZO PARRI PREC 2U 140GR BDT,0.56,11.37,BAUTISTA PARIONA EMILIO RAY,,LA VICTORIA,AV CANADA 1693,-12.08394,-77.00461
07/02/2026,0752-CHORRILLOS,BTT-722,11709168,MORENO CHOZO ALEX JOEL,,645,3025077297,60738,PACK JAMON Y QUESO 370GR BDT,1.11,33.59,BAUTISTA PARIONA EMILIO RAY,,LA VICTORIA,AV CANADA 1505,-12.0844,-77.00749
07/02/2026,0752-CHORRILLOS,BTT-722,11709168,MORENO CHOZO ALEX JOEL,,645,3025077297,60740,JAMON DEL PAIS 200GR SEGO,0.4,12.68,BAUTISTA PARIONA EMILIO RAY,,LA VICTORIA,AV CANADA 1505,-12.0844,-77.00749
07/02/2026,0752-CHORRILLOS,BTT-722,11709168,MORENO CHOZO ALEX JOEL,,645,3025077297,60742,QUESO FUNDIDO SABOR CHEDDAR 170GR BDT,0.17,5.51,BAUTISTA PARIONA EMILIO RAY,,LA VICTORIA,AV CANADA 1505,-12.0844,-77.00749
07/02/2026,0752-CHORRILLOS,BTT-722,11709168,MORENO CHOZO ALEX JOEL,,645,3025077297,60744,PACK JAMONADA Y EDAM 180GR BDT,0.36,10.55,BAUTISTA PARIONA EMILIO RAY,,LA VICTORIA,AV CANADA 1505,-12.0844,-77.00749
07/02/2026,0752-CHORRILLOS,BTT-722,11709168,MORENO CHOZO ALEX JOEL,,645,3025077297,60746,PASTEL DE JAMON PQ 150GR OK,0.3,9.55,BAUTISTA PARIONA EMILIO RAY,,LA VICTORIA,AV CANADA 1505,-12.0844,-77.00749
07/02/2026,0752-CHORRILLOS,BTT-722,11709168,MORENO CHOZO ALEX JOEL,,645,3025077297,60748,CHICHARRON DE PRENSA PQ 100GR 7LJ OK,0.4,12.39,BAUTISTA PARIONA EMILIO RAY,,LA VICTORIA,AV CANADA 1505,-12.0844,-77.00749
07/02/2026,0752-CHORRILLOS,BTT-722,11598935,MAXIMILIANO PARDO DELGADO,,645,3025079060,60970,QUESO FUNDIDO SABOR CHEDDAR 170GR BDT,0.17,0,BAUTISTA PARIONA EMILIO RAY,,SAN BORJA,AV CANADA 1706,-12.08443,-77.00477
07/02/2026,0752-CHORRILLOS,BTT-722,11598935,MAXIMILIANO PARDO DELGADO,,645,3025079060,60972,JAMON PIZZA PQ 100GR 6LJ OK,1,28.86,BAUTISTA PARIONA EMILIO RAY,,SAN BORJA,AV CANADA 1706,-12.08443,-77.00477
07/02/2026,0752-CHORRILLOS,BTT-722,11598935,MAXIMILIANO PARDO DELGADO,,645,3025079060,60974,POLACA PQ 100GR 8LJ OK,0.3,11.6,BAUTISTA PARIONA EMILIO RAY,,SAN BORJA,AV CANADA 1706,-12.08443,-77.00477
07/02/2026,0752-CHORRILLOS,BTT-722,11598935,MAXIMILIANO PARDO DELGADO,,645,3025079060,60976,VIENESA 12CM PQ 5UN 175GR OK,1.05,22.63,BAUTISTA PARIONA EMILIO RAY,,SAN BORJA,AV CANADA 1706,-12.08443,-77.00477
07/02/2026,0752-CHORRILLOS,BTT-722,11651875,YARA KIYAN VICTOR RAUL,ROKYS,713,3025096534,62498,MANTEQUILLA CON SAL 1KG AP SIGMA FS,1,31.84,BAUTISTA PARIONA EMILIO RAY,,SAN BORJA,AV CANADA 3296 URB EL JACARANDA,-12.08183,-76.99592
07/02/2026,0752-CHORRILLOS,BTT-722,11651875,YARA KIYAN VICTOR RAUL,ROKYS,713,3025096534,62500,SALCH FRANK ALEM COCK PQ 220GR OK,0.44,12,BAUTISTA PARIONA EMILIO RAY,,SAN BORJA,AV CANADA 3296 URB EL JACARANDA,-12.08183,-76.99592
07/02/2026,0752-CHORRILLOS,BTT-722,11651875,YARA KIYAN VICTOR RAUL,ROKYS,713,3025096534,62502,TOCINO AHUMADO 100GR OK,0.4,15.64,BAUTISTA PARIONA EMILIO RAY,,SAN BORJA,AV CANADA 3296 URB EL JACARANDA,-12.08183,-76.99592
07/02/2026,0752-CHORRILLOS,BTT-722,11651875,YARA KIYAN VICTOR RAUL,ROKYS,713,3025096534,62504,FUNDIDO SABOR CHEDDAR 2.27KG MILKUNZ,2.27,69.79,BAUTISTA PARIONA EMILIO RAY,,SAN BORJA,AV CANADA 3296 URB EL JACARANDA,-12.08183,-76.99592
07/02/2026,0752-CHORRILLOS,BTT-722,11651875,YARA KIYAN VICTOR RAUL,ROKYS,713,3025096534,62506,FRANK AHUM CUL 15CM PQ 20UN 1KG OK,4,78.88,BAUTISTA PARIONA EMILIO RAY,,SAN BORJA,AV CANADA 3296 URB EL JACARANDA,-12.08183,-76.99592
07/02/2026,0752-CHORRILLOS,BTT-722,11738976,4X COFFEE SAC,,719,3025100335,62832,JAMON PAIS GOUR PZ 3.4 A 4.3KG OK,3.5,165.1,BAUTISTA PARIONA EMILIO RAY,,SAN BORJA,JR UCELLO 118,-12.08942,-77.00546
07/02/2026,0752-CHORRILLOS,BTT-722,11738976,4X COFFEE SAC,,719,3025100335,62834,TOCINO CUL PQ 500GR 20GR 25LJ OK,2,89.32,BAUTISTA PARIONA EMILIO RAY,,SAN BORJA,JR UCELLO 118,-12.08942,-77.00546
07/02/2026,0752-CHORRILLOS,BTT-722,6348989,INVERSIONES DIAFUKO SAC,,645,3025081570,61306,PATE 100GR BDT,0.6,14.47,BAUTISTA PARIONA EMILIO RAY,,SAN BORJA,AV AVIACION 2327 AH SAN JUAN MASI,-12.08472,-77.00386
07/02/2026,0752-CHORRILLOS,BTT-722,6348989,INVERSIONES DIAFUKO SAC,,645,3025081570,61308,QUESO CREMA PHILADELP BRICK 180GR KRAFT,1.08,55.14,BAUTISTA PARIONA EMILIO RAY,,SAN BORJA,AV AVIACION 2327 AH SAN JUAN MASI,-12.08472,-77.00386
07/02/2026,0752-CHORRILLOS,BTT-722,6348989,INVERSIONES DIAFUKO SAC,,645,3025081570,61310,PACK J PIZZA Y EDAM 340GR OK,3.4,100.6,BAUTISTA PARIONA EMILIO RAY,,SAN BORJA,AV AVIACION 2327 AH SAN JUAN MASI,-12.08472,-77.00386
07/02/2026,0752-CHORRILLOS,BTT-722,6348989,INVERSIONES DIAFUKO SAC,,645,3025081570,61312,PHILADELPHIA ORIGINAL TUB 150GR KRAFT,0.9,43.27,BAUTISTA PARIONA EMILIO RAY,,SAN BORJA,AV AVIACION 2327 AH SAN JUAN MASI,-12.08472,-77.00386
07/02/2026,0752-CHORRILLOS,BTT-722,6348989,INVERSIONES DIAFUKO SAC,,645,3025081570,61314,PACK JAMONADA Y EDAM 180GR BDT,0.9,25.06,BAUTISTA PARIONA EMILIO RAY,,SAN BORJA,AV AVIACION 2327 AH SAN JUAN MASI,-12.08472,-77.00386
07/02/2026,0752-CHORRILLOS,BTT-722,6348989,INVERSIONES DIAFUKO SAC,,645,3025081570,61316,JAMONADA ESPECIAL PQ 100GR 8LJ OK,0.5,14.52,BAUTISTA PARIONA EMILIO RAY,,SAN BORJA,AV AVIACION 2327 AH SAN JUAN MASI,-12.08472,-77.00386
07/02/2026,0752-CHORRILLOS,BTT-722,6348989,INVERSIONES DIAFUKO SAC,,645,3025081570,61318,CHORIZO PARRI PREC 2U 140GR BDT,0.28,5.69,BAUTISTA PARIONA EMILIO RAY,,SAN BORJA,AV AVIACION 2327 AH SAN JUAN MASI,-12.08472,-77.00386
07/02/2026,0752-CHORRILLOS,BTT-722,11693383,SOLIS LUNA ANGELICA CERILA,,645,3024915949,57292,PATE 100GR BDT,0.4,9.65,BAUTISTA PARIONA EMILIO RAY,,SAN LUIS,JR ROSA NOGUERA 634 URB TUPAC AMARU,-12.07975,-77.00411
07/02/2026,0752-CHORRILLOS,BTT-722,11693383,SOLIS LUNA ANGELICA CERILA,,645,3024915949,57294,SALCHICHA HUACHO 150GR BDT,0.3,7.96,BAUTISTA PARIONA EMILIO RAY,,SAN LUIS,JR ROSA NOGUERA 634 URB TUPAC AMARU,-12.07975,-77.00411
07/02/2026,0752-CHORRILLOS,BTT-722,11693383,SOLIS LUNA ANGELICA CERILA,,645,3024915949,57296,QUESO FUNDIDO SABOR CHEDDAR 170GR BDT,0.17,0,BAUTISTA PARIONA EMILIO RAY,,SAN LUIS,JR ROSA NOGUERA 634 URB TUPAC AMARU,-12.07975,-77.00411
07/02/2026,0752-CHORRILLOS,BTT-722,11693383,SOLIS LUNA ANGELICA CERILA,,645,3024915949,57298,JAMONADA ESP 100GR BDT,0.8,15.39,BAUTISTA PARIONA EMILIO RAY,,SAN LUIS,JR ROSA NOGUERA 634 URB TUPAC AMARU,-12.07975,-77.00411
07/02/2026,0752-CHORRILLOS,BTT-722,11693383,SOLIS LUNA ANGELICA CERILA,,645,3024915949,57300,VIENESA 12CM PQ 5UN 175GR OK,1.05,22.63,BAUTISTA PARIONA EMILIO RAY,,SAN LUIS,JR ROSA NOGUERA 634 URB TUPAC AMARU,-12.07975,-77.00411
07/02/2026,0752-CHORRILLOS,BTT-722,11693383,SOLIS LUNA ANGELICA CERILA,,645,3024915949,57302,CHORIZO PARRI PREC 2U 140GR BDT,1.12,21.83,BAUTISTA PARIONA EMILIO RAY,,SAN LUIS,JR ROSA NOGUERA 634 URB TUPAC AMARU,-12.07975,-77.00411
07/02/2026,0752-CHORRILLOS,BTT-722,11667191,DE LA TORRE ANYOSA ROSARIO ISA,,645,3024956356,57370,PACK JAMON Y QUESO 370GR BDT,1.48,42.1,BAUTISTA PARIONA EMILIO RAY,,SAN LUIS,MCD LA LIBERTAD PTO 80  AV AVIACIO,-12.07936,-77.00735
07/02/2026,0752-CHORRILLOS,BTT-722,11667191,DE LA TORRE ANYOSA ROSARIO ISA,,645,3024956356,57372,CHORIZO FINAS HIERBAS 0.5 KG SEGO,1.5,26.79,BAUTISTA PARIONA EMILIO RAY,,SAN LUIS,MCD LA LIBERTAD PTO 80  AV AVIACIO,-12.07936,-77.00735
07/02/2026,0752-CHORRILLOS,BTT-722,11675495,MORENO ULLOA OLIVER LEODAN,,645,3025081607,61320,PACK JAMON Y QUESO 370GR BDT,2.22,61.64,BAUTISTA PARIONA EMILIO RAY,,SAN LUIS,CA JOSE GABRIEL AGUILAR 194,-12.07877,-77.00818
07/02/2026,0752-CHORRILLOS,BTT-722,11675495,MORENO ULLOA OLIVER LEODAN,,645,3025081607,61322,PACK J PIZZA Y EDAM 340GR OK,2.72,80.48,BAUTISTA PARIONA EMILIO RAY,,SAN LUIS,CA JOSE GABRIEL AGUILAR 194,-12.07877,-77.00818
07/02/2026,0752-CHORRILLOS,BTT-722,11758160,CAJA ROJAS LORENA MILAGROS,,645,3025084634,61668,CABANOSSI 25G BDT,0.3,19.21,BAUTISTA PARIONA EMILIO RAY,,SAN LUIS,AV SAN JUAN 401  ALTURA CDRA 4 DE A,-12.0767,-77.00691
07/02/2026,0752-CHORRILLOS,BTT-722,11758160,CAJA ROJAS LORENA MILAGROS,,645,3025084634,61670,PACK J PIZZA Y EDAM 340GR OK,1.7,52.52,BAUTISTA PARIONA EMILIO RAY,,SAN LUIS,AV SAN JUAN 401  ALTURA CDRA 4 DE A,-12.0767,-77.00691
07/02/2026,0752-CHORRILLOS,BTT-722,11758160,CAJA ROJAS LORENA MILAGROS,,645,3025084634,61672,PHILADELPHIA ORIGINAL TUB 150GR KRAFT,0.9,43.27,BAUTISTA PARIONA EMILIO RAY,,SAN LUIS,AV SAN JUAN 401  ALTURA CDRA 4 DE A,-12.0767,-77.00691
07/02/2026,0752-CHORRILLOS,BTT-722,11758160,CAJA ROJAS LORENA MILAGROS,,645,3025084634,61674,PACK JAMONADA Y EDAM 180GR BDT,0.72,20.04,BAUTISTA PARIONA EMILIO RAY,,SAN LUIS,AV SAN JUAN 401  ALTURA CDRA 4 DE A,-12.0767,-77.00691
07/02/2026,0752-CHORRILLOS,BTT-722,11634385,DURAN LLATA SARITA CARMEN,,645,3025096243,62452,JAMONADA ESPECIAL PQ 100GR 8LJ OK,1.2,34.84,BAUTISTA PARIONA EMILIO RAY,,SAN LUIS,AV SAN JUAN 583,-12.07629,-77.00483
07/02/2026,0752-CHORRILLOS,BTT-722,11599727,ROMINA DIAZ CHAVEZ,,645,3024904291,57250,CABANOSSI 25G BDT,0.6,38.42,BAUTISTA PARIONA EMILIO RAY,,SAN LUIS,JR RIO PIURA 545,-12.07811,-77.00226
07/02/2026,0752-CHORRILLOS,BTT-722,11599727,ROMINA DIAZ CHAVEZ,,645,3024904291,57252,SALCHICHA HUACHO 150GR BDT,0.45,11.95,BAUTISTA PARIONA EMILIO RAY,,SAN LUIS,JR RIO PIURA 545,-12.07811,-77.00226
07/02/2026,0752-CHORRILLOS,BTT-722,11599727,ROMINA DIAZ CHAVEZ,,645,3024904291,57254,PACK J PIZZA Y EDAM 340GR OK,1.02,33.17,BAUTISTA PARIONA EMILIO RAY,,SAN LUIS,JR RIO PIURA 545,-12.07811,-77.00226
07/02/2026,0752-CHORRILLOS,BTT-722,11599727,ROMINA DIAZ CHAVEZ,,645,3024904291,57256,JAMON PIZZA PQ 100GR 6LJ OK,0.4,11.54,BAUTISTA PARIONA EMILIO RAY,,SAN LUIS,JR RIO PIURA 545,-12.07811,-77.00226
07/02/2026,0752-CHORRILLOS,BTT-722,11599727,ROMINA DIAZ CHAVEZ,,645,3024904291,57258,JAMONADA ESPECIAL PQ 100GR 8LJ OK,0.4,11.61,BAUTISTA PARIONA EMILIO RAY,,SAN LUIS,JR RIO PIURA 545,-12.07811,-77.00226
07/02/2026,0752-CHORRILLOS,BTT-722,11680977,HUERTOS TIPIAN JUAN GUIDO,,645,3025080118,61148,JAMONADA POLACA 3KG AP BDT,3,87.24,BAUTISTA PARIONA EMILIO RAY,,LA VICTORIA,AV DEL AIRE 689 URB LA VICTORIA AL,-12.08138,-77.00617
07/02/2026,0752-CHORRILLOS,BTT-722,11680977,HUERTOS TIPIAN JUAN GUIDO,,645,3025080118,61150,JAMONADA ESP 100GR BDT,0.6,11.54,BAUTISTA PARIONA EMILIO RAY,,LA VICTORIA,AV DEL AIRE 689 URB LA VICTORIA AL,-12.08138,-77.00617
07/02/2026,0752-CHORRILLOS,BTT-722,11649000,CORPORACION TAYMI SAC,,645,3025076737,60662,CABANOSSI 25G BDT,0.25,16.01,BAUTISTA PARIONA EMILIO RAY,,SAN BORJA,CA LAS LETRAS 180,-12.08771,-77.00864
07/02/2026,0752-CHORRILLOS,BTT-722,11649000,CORPORACION TAYMI SAC,,645,3025076737,60664,TOCINO AHUMADO 80GR BDT,0.16,8.26,BAUTISTA PARIONA EMILIO RAY,,SAN BORJA,CA LAS LETRAS 180,-12.08771,-77.00864
07/02/2026,0752-CHORRILLOS,BTT-722,11649000,CORPORACION TAYMI SAC,,645,3025076737,60666,PACK JAMON Y QUESO 370GR BDT,0.37,11.2,BAUTISTA PARIONA EMILIO RAY,,SAN BORJA,CA LAS LETRAS 180,-12.08771,-77.00864
07/02/2026,0752-CHORRILLOS,BTT-722,11649000,CORPORACION TAYMI SAC,,645,3025076737,60668,HOT DOG TRADICIONAL 200GR BDT,0.6,9.34,BAUTISTA PARIONA EMILIO RAY,,SAN BORJA,CA LAS LETRAS 180,-12.08771,-77.00864
07/02/2026,0752-CHORRILLOS,BTT-722,11649000,CORPORACION TAYMI SAC,,645,3025076737,60670,BOLA TIPO MOZZARELLA X 200G BDT,0.2,6.8,BAUTISTA PARIONA EMILIO RAY,,SAN BORJA,CA LAS LETRAS 180,-12.08771,-77.00864
07/02/2026,0752-CHORRILLOS,BTT-722,11649000,CORPORACION TAYMI SAC,,645,3025076737,60672,PACK J PIZZA Y EDAM 340GR OK,0.34,11.06,BAUTISTA PARIONA EMILIO RAY,,SAN BORJA,CA LAS LETRAS 180,-12.08771,-77.00864
07/02/2026,0752-CHORRILLOS,BTT-722,11649000,CORPORACION TAYMI SAC,,645,3025076737,60674,QUESO EDAM 90GR BDT,0.18,7.81,BAUTISTA PARIONA EMILIO RAY,,SAN BORJA,CA LAS LETRAS 180,-12.08771,-77.00864
07/02/2026,0752-CHORRILLOS,BTT-722,11649000,CORPORACION TAYMI SAC,,645,3025076737,60676,TOCINO AHUMADO 100GR OK,0.2,12.03,BAUTISTA PARIONA EMILIO RAY,,SAN BORJA,CA LAS LETRAS 180,-12.08771,-77.00864
07/02/2026,0752-CHORRILLOS,BTT-722,11649000,CORPORACION TAYMI SAC,,645,3025076737,60678,CHORIZO PARRI PREC 2U 140GR BDT,0.56,11.37,BAUTISTA PARIONA EMILIO RAY,,SAN BORJA,CA LAS LETRAS 180,-12.08771,-77.00864
07/02/2026,0752-CHORRILLOS,BTT-722,6357408,EGUAVIL QUISPE SOFIA,,645,3025077643,60770,PATE 100GR BDT,0.2,4.82,BAUTISTA PARIONA EMILIO RAY,,SAN BORJA,CALLE LAS LETRAS 178,-12.0877,-77.00866
07/02/2026,0752-CHORRILLOS,BTT-722,6357408,EGUAVIL QUISPE SOFIA,,645,3025077643,60772,TOCINO AHUMADO 80GR BDT,0.4,20.65,BAUTISTA PARIONA EMILIO RAY,,SAN BORJA,CALLE LAS LETRAS 178,-12.0877,-77.00866
07/02/2026,0752-CHORRILLOS,BTT-722,6357408,EGUAVIL QUISPE SOFIA,,645,3025077643,60774,QUESO MOZZARELLA 90GR BDT,0.18,8.12,BAUTISTA PARIONA EMILIO RAY,,SAN BORJA,CALLE LAS LETRAS 178,-12.0877,-77.00866
07/02/2026,0752-CHORRILLOS,BTT-722,6357408,EGUAVIL QUISPE SOFIA,,645,3025077643,60776,PACK JAMON Y QUESO 370GR BDT,0.74,22.39,BAUTISTA PARIONA EMILIO RAY,,SAN BORJA,CALLE LAS LETRAS 178,-12.0877,-77.00866
07/02/2026,0752-CHORRILLOS,BTT-722,6357408,EGUAVIL QUISPE SOFIA,,645,3025077643,60778,SALCHICHA HUACHO 150GR BDT,0.6,15.13,BAUTISTA PARIONA EMILIO RAY,,SAN BORJA,CALLE LAS LETRAS 178,-12.0877,-77.00866
07/02/2026,0752-CHORRILLOS,BTT-722,6357408,EGUAVIL QUISPE SOFIA,,645,3025077643,60780,QUESO CREMA PHILADELP BRICK 180GR KRAFT,0.36,20.2,BAUTISTA PARIONA EMILIO RAY,,SAN BORJA,CALLE LAS LETRAS 178,-12.0877,-77.00866
07/02/2026,0752-CHORRILLOS,BTT-722,6357408,EGUAVIL QUISPE SOFIA,,645,3025077643,60782,HOT DOG TRADICIONAL 200GR BDT,0.6,9.34,BAUTISTA PARIONA EMILIO RAY,,SAN BORJA,CALLE LAS LETRAS 178,-12.0877,-77.00866
07/02/2026,0752-CHORRILLOS,BTT-722,6357408,EGUAVIL QUISPE SOFIA,,645,3025077643,60784,BOLA TIPO MOZZARELLA X 200G BDT,0.4,13.59,BAUTISTA PARIONA EMILIO RAY,,SAN BORJA,CALLE LAS LETRAS 178,-12.0877,-77.00866
07/02/2026,0752-CHORRILLOS,BTT-722,6357408,EGUAVIL QUISPE SOFIA,,645,3025077643,60786,PACK J PIZZA Y EDAM 340GR OK,0.68,22.11,BAUTISTA PARIONA EMILIO RAY,,SAN BORJA,CALLE LAS LETRAS 178,-12.0877,-77.00866
07/02/2026,0752-CHORRILLOS,BTT-722,6357408,EGUAVIL QUISPE SOFIA,,645,3025077643,60788,QUESO FUNDIDO SABOR CHEDDAR 170GR BDT,0.51,16.53,BAUTISTA PARIONA EMILIO RAY,,SAN BORJA,CALLE LAS LETRAS 178,-12.0877,-77.00866
07/02/2026,0752-CHORRILLOS,BTT-722,6357408,EGUAVIL QUISPE SOFIA,,645,3025077643,60790,JAMON PIZZA PQ 100GR 6LJ OK,0.3,8.66,BAUTISTA PARIONA EMILIO RAY,,SAN BORJA,CALLE LAS LETRAS 178,-12.0877,-77.00866
07/02/2026,0752-CHORRILLOS,BTT-722,6357408,EGUAVIL QUISPE SOFIA,,645,3025077643,60792,VIENESA 12CM PQ 5UN 175GR OK,0.53,11.31,BAUTISTA PARIONA EMILIO RAY,,SAN BORJA,CALLE LAS LETRAS 178,-12.0877,-77.00866
07/02/2026,0752-CHORRILLOS,BTT-722,6357408,EGUAVIL QUISPE SOFIA,,645,3025077643,60794,CHORIZO PARRI PREC 2U 140GR BDT,0.84,17.06,BAUTISTA PARIONA EMILIO RAY,,SAN BORJA,CALLE LAS LETRAS 178,-12.0877,-77.00866
07/02/2026,0752-CHORRILLOS,BTT-722,6357408,EGUAVIL QUISPE SOFIA,,645,3025077643,60796,PACK JAMON Y QUESO 157 GR SEGO,0.47,15.85,BAUTISTA PARIONA EMILIO RAY,,SAN BORJA,CALLE LAS LETRAS 178,-12.0877,-77.00866
07/02/2026,0752-CHORRILLOS,BTT-722,6357408,EGUAVIL QUISPE SOFIA,,645,3025077643,60798,QUESO PARMESANO CU?A 0.15KG AP QKALAS,0.3,10.18,BAUTISTA PARIONA EMILIO RAY,,SAN BORJA,CALLE LAS LETRAS 178,-12.0877,-77.00866
07/02/2026,0752-CHORRILLOS,BTT-722,6340224,ANDRADE BERNABE SAMUEL ASTERIO,,645,3025067992,59526,JAMON PIZZERO 3.8KG AP BDT,7.6,145.02,BAUTISTA PARIONA EMILIO RAY,,SAN BORJA,AV LUIS ALDANA 198,-12.08747,-77.00991
07/02/2026,0752-CHORRILLOS,BTT-722,6340224,ANDRADE BERNABE SAMUEL ASTERIO,,645,3025067992,59528,JAMONADA POLACA 3KG AP BDT,3,87.24,BAUTISTA PARIONA EMILIO RAY,,SAN BORJA,AV LUIS ALDANA 198,-12.08747,-77.00991
07/02/2026,0752-CHORRILLOS,BTT-722,6340224,ANDRADE BERNABE SAMUEL ASTERIO,,645,3025067992,59530,TOCINO AHUMADO 80GR BDT,0.32,16.52,BAUTISTA PARIONA EMILIO RAY,,SAN BORJA,AV LUIS ALDANA 198,-12.08747,-77.00991
07/02/2026,0752-CHORRILLOS,BTT-722,6340224,ANDRADE BERNABE SAMUEL ASTERIO,,645,3025067992,59532,QUESO FUNDIDO SABOR CHEDDAR 170GR BDT,0.17,0,BAUTISTA PARIONA EMILIO RAY,,SAN BORJA,AV LUIS ALDANA 198,-12.08747,-77.00991
07/02/2026,0752-CHORRILLOS,BTT-722,6340224,ANDRADE BERNABE SAMUEL ASTERIO,,645,3025067992,59534,PACK JAMONADA DE POLLO 80GX6PZA SEGO,0.48,5.75,BAUTISTA PARIONA EMILIO RAY,,SAN BORJA,AV LUIS ALDANA 198,-12.08747,-77.00991
07/02/2026,0752-CHORRILLOS,BTT-722,6340224,ANDRADE BERNABE SAMUEL ASTERIO,,645,3025067992,59536,SALCHICHA DE POLLO 200G SEGO,1.2,10.89,BAUTISTA PARIONA EMILIO RAY,,SAN BORJA,AV LUIS ALDANA 198,-12.08747,-77.00991
07/02/2026,0752-CHORRILLOS,BTT-722,6340224,ANDRADE BERNABE SAMUEL ASTERIO,,645,3025067992,59538,JAMONADA BOLOGNA PZ 2.9KG OK,2.9,57.36,BAUTISTA PARIONA EMILIO RAY,,SAN BORJA,AV LUIS ALDANA 198,-12.08747,-77.00991
07/02/2026,0752-CHORRILLOS,BTT-722,6340224,ANDRADE BERNABE SAMUEL ASTERIO,,645,3025067992,59540,VIENESA 12CM PQ 5UN 175GR OK,1.05,22.63,BAUTISTA PARIONA EMILIO RAY,,SAN BORJA,AV LUIS ALDANA 198,-12.08747,-77.00991
07/02/2026,0752-CHORRILLOS,BTT-722,6340224,ANDRADE BERNABE SAMUEL ASTERIO,,645,3025067992,59542,QUESO DE CHANCHO PZ 3KG OK,3,50.68,BAUTISTA PARIONA EMILIO RAY,,SAN BORJA,AV LUIS ALDANA 198,-12.08747,-77.00991
07/02/2026,0752-CHORRILLOS,BTT-722,6340224,ANDRADE BERNABE SAMUEL ASTERIO,,645,3025067992,59544,CARNE MOLIDA ESTANDAR 1.0 KG SEGO,3,43.2,BAUTISTA PARIONA EMILIO RAY,,SAN BORJA,AV LUIS ALDANA 198,-12.08747,-77.00991
07/02/2026,0752-CHORRILLOS,BTT-722,6340224,ANDRADE BERNABE SAMUEL ASTERIO,,645,3025067992,59546,PASTEL DE JAMON PZA 2KG SEGO,2,31.15,BAUTISTA PARIONA EMILIO RAY,,SAN BORJA,AV LUIS ALDANA 198,-12.08747,-77.00991
07/02/2026,0752-CHORRILLOS,BTT-722,6350459,VIDAURRE TUÑOQUE PASCUAL,,645,3025062500,58780,JAMON PIZZERO 3.8KG AP BDT,3.8,72.51,BAUTISTA PARIONA EMILIO RAY,,LA VICTORIA,CA RODOLFO BELTRAN 148,-12.08802,-77.01217
07/02/2026,0752-CHORRILLOS,BTT-722,6350459,VIDAURRE TUÑOQUE PASCUAL,,645,3025062500,58782,TOCINO AHUMADO 80GR BDT,0.24,12.39,BAUTISTA PARIONA EMILIO RAY,,LA VICTORIA,CA RODOLFO BELTRAN 148,-12.08802,-77.01217
07/02/2026,0752-CHORRILLOS,BTT-722,6350459,VIDAURRE TUÑOQUE PASCUAL,,645,3025062500,58784,QUESO EDAM 3KG AP SIGMA FS,3,104.56,BAUTISTA PARIONA EMILIO RAY,,LA VICTORIA,CA RODOLFO BELTRAN 148,-12.08802,-77.01217
07/02/2026,0752-CHORRILLOS,BTT-722,6350459,VIDAURRE TUÑOQUE PASCUAL,,645,3025062500,58786,VIENESA 12CM PQ 5UN 175GR OK,0.7,15.08,BAUTISTA PARIONA EMILIO RAY,,LA VICTORIA,CA RODOLFO BELTRAN 148,-12.08802,-77.01217
07/02/2026,0752-CHORRILLOS,BTT-722,6350459,VIDAURRE TUÑOQUE PASCUAL,,645,3025062500,58788,JAMON DEL PAIS 3.3KG SEGO,3.3,69.98,BAUTISTA PARIONA EMILIO RAY,,LA VICTORIA,CA RODOLFO BELTRAN 148,-12.08802,-77.01217
07/02/2026,0752-CHORRILLOS,BTT-722,6350459,VIDAURRE TUÑOQUE PASCUAL,,645,3025062500,58790,PASTEL DE JAMON PZA 2KG SEGO,2,31.15,BAUTISTA PARIONA EMILIO RAY,,LA VICTORIA,CA RODOLFO BELTRAN 148,-12.08802,-77.01217
07/02/2026,0752-CHORRILLOS,BTT-722,6350459,VIDAURRE TUÑOQUE PASCUAL,,645,3025062500,58792,CHORIZO PARRI PREC 2U 140GR BDT,0.42,8.53,BAUTISTA PARIONA EMILIO RAY,,LA VICTORIA,CA RODOLFO BELTRAN 148,-12.08802,-77.01217
07/02/2026,0752-CHORRILLOS,BTT-722,6343325,CASTILLA PAREDES RAUL ALFREDO,,645,3025074732,60380,JAMONADA LONCH 3KG AP BDT,30,431.81,BAUTISTA PARIONA EMILIO RAY,,LA VICTORIA,AV STA CATALINA 295 (ALT. C,-12.08406,-77.01801
07/02/2026,0752-CHORRILLOS,BTT-722,6343325,CASTILLA PAREDES RAUL ALFREDO,,645,3025074732,60382,HOT DOG SALCH NARANJA 24U 920GR SEGO -D,0.92,6.74,BAUTISTA PARIONA EMILIO RAY,,LA VICTORIA,AV STA CATALINA 295 (ALT. C,-12.08406,-77.01801
07/02/2026,0752-CHORRILLOS,BTT-722,6343325,CASTILLA PAREDES RAUL ALFREDO,,645,3025074732,60384,QUESO CREMA PHILADELP BRICK 180GR KRAFT,2.16,105.44,BAUTISTA PARIONA EMILIO RAY,,LA VICTORIA,AV STA CATALINA 295 (ALT. C,-12.08406,-77.01801
07/02/2026,0752-CHORRILLOS,BTT-722,6343325,CASTILLA PAREDES RAUL ALFREDO,,645,3025074732,60386,FRANKFURTER GASTRONOMIA 1KG BDT,1,19.43,BAUTISTA PARIONA EMILIO RAY,,LA VICTORIA,AV STA CATALINA 295 (ALT. C,-12.08406,-77.01801
07/02/2026,0752-CHORRILLOS,BTT-722,6343325,CASTILLA PAREDES RAUL ALFREDO,,645,3025074732,60388,QUESO FUNDIDO SABOR CHEDDAR 170GR BDT,0.17,0,BAUTISTA PARIONA EMILIO RAY,,LA VICTORIA,AV STA CATALINA 295 (ALT. C,-12.08406,-77.01801
07/02/2026,0752-CHORRILLOS,BTT-722,6343325,CASTILLA PAREDES RAUL ALFREDO,,645,3025074732,60390,SALCHICHA DE POLLO 200G SEGO,1.2,10.89,BAUTISTA PARIONA EMILIO RAY,,LA VICTORIA,AV STA CATALINA 295 (ALT. C,-12.08406,-77.01801
07/02/2026,0752-CHORRILLOS,BTT-722,6343325,CASTILLA PAREDES RAUL ALFREDO,,645,3025074732,60392,MORTADELA ESPECIAL PZ 2.9KG OK,2.9,64.3,BAUTISTA PARIONA EMILIO RAY,,LA VICTORIA,AV STA CATALINA 295 (ALT. C,-12.08406,-77.01801
07/02/2026,0752-CHORRILLOS,BTT-722,6343325,CASTILLA PAREDES RAUL ALFREDO,,645,3025074732,60394,VIENESA 12CM PQ 5UN 175GR OK,1.4,30.17,BAUTISTA PARIONA EMILIO RAY,,LA VICTORIA,AV STA CATALINA 295 (ALT. C,-12.08406,-77.01801
07/02/2026,0752-CHORRILLOS,BTT-722,6343325,CASTILLA PAREDES RAUL ALFREDO,,645,3025074732,60396,SALCHICHA DEL NORTE PQ 3UN 250GR OK,0.75,23.71,BAUTISTA PARIONA EMILIO RAY,,LA VICTORIA,AV STA CATALINA 295 (ALT. C,-12.08406,-77.01801
07/02/2026,0752-CHORRILLOS,BTT-722,6343325,CASTILLA PAREDES RAUL ALFREDO,,645,3025074732,60398,HAMBURG DE RES PQ 4UN 85GR OK,0.34,9.62,BAUTISTA PARIONA EMILIO RAY,,LA VICTORIA,AV STA CATALINA 295 (ALT. C,-12.08406,-77.01801
07/02/2026,0752-CHORRILLOS,BTT-722,6343325,CASTILLA PAREDES RAUL ALFREDO,,645,3025074732,60400,PASTEL DE JAMON PZA 2KG SEGO,2,31.15,BAUTISTA PARIONA EMILIO RAY,,LA VICTORIA,AV STA CATALINA 295 (ALT. C,-12.08406,-77.01801
07/02/2026,0752-CHORRILLOS,BTT-722,11748769,SNACKS DEL PERU SAC,,645,3025065289,59026,JAMONADA POLACA 3KG AP BDT,3,87.24,BAUTISTA PARIONA EMILIO RAY,,LA VICTORIA,AV SANTA CATALINA 3,-12.08067,-77.01667
07/02/2026,0752-CHORRILLOS,BTT-722,11748769,SNACKS DEL PERU SAC,,645,3025065289,59028,JAMON PAVO 4.10KG AP BDT,4.1,195.75,BAUTISTA PARIONA EMILIO RAY,,LA VICTORIA,AV SANTA CATALINA 3,-12.08067,-77.01667
07/02/2026,0752-CHORRILLOS,BTT-722,11748769,SNACKS DEL PERU SAC,,645,3025065289,59030,JAMON PIZZA 3.4 - 3.5 KG OK,10.35,204.09,BAUTISTA PARIONA EMILIO RAY,,LA VICTORIA,AV SANTA CATALINA 3,-12.08067,-77.01667
07/02/2026,0752-CHORRILLOS,BTT-722,11748769,SNACKS DEL PERU SAC,,645,3025065289,59032,CHORIZO PARRI PREC 2U 140GR BDT,1.12,21.83,BAUTISTA PARIONA EMILIO RAY,,LA VICTORIA,AV SANTA CATALINA 3,-12.08067,-77.01667
07/02/2026,0752-CHORRILLOS,BTT-722,11624774,PAQUIYAURI ACEVEDO JAIMITO,,642,3024736997,57138,PACK JAMON Y QUESO 370GR BDT,2.22,61.64,BAUTISTA PARIONA EMILIO RAY,,LINCE,AV RIVERA NAVARRETE 2412,-12.08756,-77.02751
07/02/2026,0752-CHORRILLOS,BTT-722,11624774,PAQUIYAURI ACEVEDO JAIMITO,,642,3024736997,57140,POLACA PQ 100GR 8LJ OK,0.6,23.2,BAUTISTA PARIONA EMILIO RAY,,LINCE,AV RIVERA NAVARRETE 2412,-12.08756,-77.02751
07/02/2026,0752-CHORRILLOS,BTT-722,11624774,PAQUIYAURI ACEVEDO JAIMITO,,642,3024736997,57142,TOCINO AHUMADO 100GR OK,0.4,24.07,BAUTISTA PARIONA EMILIO RAY,,LINCE,AV RIVERA NAVARRETE 2412,-12.08756,-77.02751
07/02/2026,0752-CHORRILLOS,BTT-722,11624774,PAQUIYAURI ACEVEDO JAIMITO,,642,3024736997,57144,CHORIZO PARRI PREC 2U 140GR BDT,0.84,17.06,BAUTISTA PARIONA EMILIO RAY,,LINCE,AV RIVERA NAVARRETE 2412,-12.08756,-77.02751
07/02/2026,0752-CHORRILLOS,BTT-722,11646909,BARBARA CCASA MAMANI,,642,3025075474,60510,TOCINO AHUM CP MED PZ 2KG AP SEGO,2,68.72,BAUTISTA PARIONA EMILIO RAY,,LINCE,MCDO JARDIN PTO 89,-12.08914,-77.02704
07/02/2026,0752-CHORRILLOS,BXR-715,6245492,SUPERMERCADOS PERUANOS S.A.,SPSA REFRIGER ACOPIO,724,3025057352,58468,VIENESA 12CM PQ 5UN 175GR OK,4.03,81.6,SORIANO SOLIS EDWIN NILVER,,VILLA EL SALVADOR,COO DE COL LAS VERT D LA TABL D LURIN ITDA 224 MZK1 LT08,-12.22012,-76.96893
07/02/2026,0752-CHORRILLOS,BXR-715,6245492,SUPERMERCADOS PERUANOS S.A.,SPSA REFRIGER ACOPIO,724,3025066017,59090,PACK SUPER CHORIZO PREC80GX6PZA SEGO,310.56,4813.68,SORIANO SOLIS EDWIN NILVER,,VILLA EL SALVADOR,COO DE COL LAS VERT D LA TABL D LURIN ITDA 224 MZK1 LT08,-12.22012,-76.96893
07/02/2026,0752-CHORRILLOS,BXR-715,6245492,SUPERMERCADOS PERUANOS S.A.,SPSA REFRIGER ACOPIO,724,3025066021,59092,CHORIZO PREC PQ 0.5KG SEGO,15,305.7,SORIANO SOLIS EDWIN NILVER,,VILLA EL SALVADOR,COO DE COL LAS VERT D LA TABL D LURIN ITDA 224 MZK1 LT08,-12.22012,-76.96893
07/02/2026,0752-CHORRILLOS,BXR-715,6245492,SUPERMERCADOS PERUANOS S.A.,SPSA REFRIGER ACOPIO,724,3025066023,59094,CHORIZO PARRILLERO PQ 4UN 400GR OK,4.8,138.72,SORIANO SOLIS EDWIN NILVER,,VILLA EL SALVADOR,COO DE COL LAS VERT D LA TABL D LURIN ITDA 224 MZK1 LT08,-12.22012,-76.96893
07/02/2026,0752-CHORRILLOS,BXR-715,6245492,SUPERMERCADOS PERUANOS S.A.,SPSA REFRIGER ACOPIO,724,3025066023,59096,MTO CHORIZO FINAS HIERBAS PQ 400GR OK,19.2,603.84,SORIANO SOLIS EDWIN NILVER,,VILLA EL SALVADOR,COO DE COL LAS VERT D LA TABL D LURIN ITDA 224 MZK1 LT08,-12.22012,-76.96893
07/02/2026,0752-CHORRILLOS,BXR-715,6245492,SUPERMERCADOS PERUANOS S.A.,SPSA REFRIGER ACOPIO,724,3025066023,59098,CHORIZO CAMPESTRE PQ 4UN 400GR OK,3.2,107.38,SORIANO SOLIS EDWIN NILVER,,VILLA EL SALVADOR,COO DE COL LAS VERT D LA TABL D LURIN ITDA 224 MZK1 LT08,-12.22012,-76.96893
07/02/2026,0752-CHORRILLOS,BXR-715,6245492,SUPERMERCADOS PERUANOS S.A.,SPSA REFRIGER ACOPIO,724,3025066023,59100,CHORIZO PREC PQ 0.5KG SEGO,7.5,152.85,SORIANO SOLIS EDWIN NILVER,,VILLA EL SALVADOR,COO DE COL LAS VERT D LA TABL D LURIN ITDA 224 MZK1 LT08,-12.22012,-76.96893
07/02/2026,0752-CHORRILLOS,BXR-715,6245492,SUPERMERCADOS PERUANOS S.A.,SPSA REFRIGER ACOPIO,724,3025066023,59102,RELLENO UN 0.5KG SEGO,4,79.76,SORIANO SOLIS EDWIN NILVER,,VILLA EL SALVADOR,COO DE COL LAS VERT D LA TABL D LURIN ITDA 224 MZK1 LT08,-12.22012,-76.96893
07/02/2026,0752-CHORRILLOS,BXR-715,6245492,SUPERMERCADOS PERUANOS S.A.,SPSA REFRIGER ACOPIO,724,3025066024,59104,JAMONADA DE POLLO 500G SEGO,8,109.92,SORIANO SOLIS EDWIN NILVER,,VILLA EL SALVADOR,COO DE COL LAS VERT D LA TABL D LURIN ITDA 224 MZK1 LT08,-12.22012,-76.96893
07/02/2026,0752-CHORRILLOS,BXR-715,6245492,SUPERMERCADOS PERUANOS S.A.,SPSA REFRIGER ACOPIO,724,3025066024,59106,TOCINO AHUMADO 150GR OK,2.25,125.25,SORIANO SOLIS EDWIN NILVER,,VILLA EL SALVADOR,COO DE COL LAS VERT D LA TABL D LURIN ITDA 224 MZK1 LT08,-12.22012,-76.96893
07/02/2026,0752-CHORRILLOS,BXR-715,6245492,SUPERMERCADOS PERUANOS S.A.,SPSA REFRIGER ACOPIO,724,3025066024,59108,SUPER TOCINO AHUMADO SEGO 500GR,15,354,SORIANO SOLIS EDWIN NILVER,,VILLA EL SALVADOR,COO DE COL LAS VERT D LA TABL D LURIN ITDA 224 MZK1 LT08,-12.22012,-76.96893
07/02/2026,0752-CHORRILLOS,BXR-715,6245492,SUPERMERCADOS PERUANOS S.A.,SPSA REFRIGER ACOPIO,724,3025066024,59110,JAMON INGLES PQ 200GR 8LJ OK,6,277.8,SORIANO SOLIS EDWIN NILVER,,VILLA EL SALVADOR,COO DE COL LAS VERT D LA TABL D LURIN ITDA 224 MZK1 LT08,-12.22012,-76.96893
07/02/2026,0752-CHORRILLOS,BXR-715,6245492,SUPERMERCADOS PERUANOS S.A.,SPSA REFRIGER ACOPIO,724,3025066024,59112,JAMON PIZZA PQ 500GR 25LJ OK,6,120.6,SORIANO SOLIS EDWIN NILVER,,VILLA EL SALVADOR,COO DE COL LAS VERT D LA TABL D LURIN ITDA 224 MZK1 LT08,-12.22012,-76.96893
07/02/2026,0752-CHORRILLOS,BXR-715,6245492,SUPERMERCADOS PERUANOS S.A.,SPSA REFRIGER ACOPIO,724,3025066024,59114,CHULETA AHUM PQ 3UN 0.30KG SEGO,3,87,SORIANO SOLIS EDWIN NILVER,,VILLA EL SALVADOR,COO DE COL LAS VERT D LA TABL D LURIN ITDA 224 MZK1 LT08,-12.22012,-76.96893
07/02/2026,0752-CHORRILLOS,BXR-715,6245492,SUPERMERCADOS PERUANOS S.A.,SPSA REFRIGER ACOPIO,724,3025066024,59116,SALCH VIENESA ESP PQ 10UN 500GR OK,6,106.32,SORIANO SOLIS EDWIN NILVER,,VILLA EL SALVADOR,COO DE COL LAS VERT D LA TABL D LURIN ITDA 224 MZK1 LT08,-12.22012,-76.96893
07/02/2026,0752-CHORRILLOS,BXR-715,6245492,SUPERMERCADOS PERUANOS S.A.,SPSA REFRIGER ACOPIO,724,3025066024,59118,SALCH VIENESA GOUR PQ 6UN 500GR OK,4,91.36,SORIANO SOLIS EDWIN NILVER,,VILLA EL SALVADOR,COO DE COL LAS VERT D LA TABL D LURIN ITDA 224 MZK1 LT08,-12.22012,-76.96893
07/02/2026,0752-CHORRILLOS,BXR-715,6245492,SUPERMERCADOS PERUANOS S.A.,SPSA REFRIGER ACOPIO,724,3025066024,59120,PACK VIENESA ESP 500G Y 250G 750GR OK,12,186.24,SORIANO SOLIS EDWIN NILVER,,VILLA EL SALVADOR,COO DE COL LAS VERT D LA TABL D LURIN ITDA 224 MZK1 LT08,-12.22012,-76.96893
07/02/2026,0752-CHORRILLOS,BXR-715,6245492,SUPERMERCADOS PERUANOS S.A.,SPSA REFRIGER ACOPIO,724,3025066024,59122,VIENESA PQ 40UN 50GR OK,80,1145.6,SORIANO SOLIS EDWIN NILVER,,VILLA EL SALVADOR,COO DE COL LAS VERT D LA TABL D LURIN ITDA 224 MZK1 LT08,-12.22012,-76.96893
07/02/2026,0752-CHORRILLOS,BXR-715,6245492,SUPERMERCADOS PERUANOS S.A.,SPSA REFRIGER ACOPIO,724,3025066024,59124,TOCINO CUL PQ 500GR 20GR 25LJ OK,30,1111.8,SORIANO SOLIS EDWIN NILVER,,VILLA EL SALVADOR,COO DE COL LAS VERT D LA TABL D LURIN ITDA 224 MZK1 LT08,-12.22012,-76.96893
07/02/2026,0752-CHORRILLOS,BXR-715,6245492,SUPERMERCADOS PERUANOS S.A.,SPSA REFRIGER ACOPIO,724,3025066024,59126,JAMON AMERICANO PQ 0.5KG SEGO,20,324.96,SORIANO SOLIS EDWIN NILVER,,VILLA EL SALVADOR,COO DE COL LAS VERT D LA TABL D LURIN ITDA 224 MZK1 LT08,-12.22012,-76.96893
07/02/2026,0752-CHORRILLOS,BXR-715,6245492,SUPERMERCADOS PERUANOS S.A.,SPSA REFRIGER ACOPIO,724,3025066024,59128,JAMON REDONDO AHUMADO PQ 0.5KG SEGO,12,263.28,SORIANO SOLIS EDWIN NILVER,,VILLA EL SALVADOR,COO DE COL LAS VERT D LA TABL D LURIN ITDA 224 MZK1 LT08,-12.22012,-76.96893
07/02/2026,0752-CHORRILLOS,BXR-715,6245492,SUPERMERCADOS PERUANOS S.A.,SPSA REFRIGER ACOPIO,724,3025066024,59130,HOT DOG SALCH NAR PQ 24U SEGO,22.08,191.76,SORIANO SOLIS EDWIN NILVER,,VILLA EL SALVADOR,COO DE COL LAS VERT D LA TABL D LURIN ITDA 224 MZK1 LT08,-12.22012,-76.96893
07/02/2026,0752-CHORRILLOS,BXR-715,6245492,SUPERMERCADOS PERUANOS S.A.,SPSA REFRIGER ACOPIO,724,3025066024,59132,HOT DOG SALCHIP ROSA PQ 24U SEGO,9.2,78.2,SORIANO SOLIS EDWIN NILVER,,VILLA EL SALVADOR,COO DE COL LAS VERT D LA TABL D LURIN ITDA 224 MZK1 LT08,-12.22012,-76.96893
07/02/2026,0752-CHORRILLOS,BXR-715,6245492,SUPERMERCADOS PERUANOS S.A.,SPSA REFRIGER ACOPIO,724,3025066024,59134,SALCH HUACHO UN 0.25KG SEGO,6,99.46,SORIANO SOLIS EDWIN NILVER,,VILLA EL SALVADOR,COO DE COL LAS VERT D LA TABL D LURIN ITDA 224 MZK1 LT08,-12.22012,-76.96893
07/02/2026,0752-CHORRILLOS,BXR-715,6245492,SUPERMERCADOS PERUANOS S.A.,SPSA REFRIGER ACOPIO,724,3025066024,59136,PEPERONI PQ 0.5KG SEGO,8,226.88,SORIANO SOLIS EDWIN NILVER,,VILLA EL SALVADOR,COO DE COL LAS VERT D LA TABL D LURIN ITDA 224 MZK1 LT08,-12.22012,-76.96893
07/02/2026,0752-CHORRILLOS,BXR-715,6245492,SUPERMERCADOS PERUANOS S.A.,SPSA REFRIGER ACOPIO,724,3025066025,59138,CHORIZO PRECOCIDO 1.5KG SEGO,4.5,81.15,SORIANO SOLIS EDWIN NILVER,,VILLA EL SALVADOR,COO DE COL LAS VERT D LA TABL D LURIN ITDA 224 MZK1 LT08,-12.22012,-76.96893
07/02/2026,0752-CHORRILLOS,BXR-715,6245492,SUPERMERCADOS PERUANOS S.A.,SPSA REFRIGER ACOPIO,724,3025066029,59140,PACK CHORIZOS COCKTAIL GOURMET 370G OK,8.88,278.88,SORIANO SOLIS EDWIN NILVER,,VILLA EL SALVADOR,COO DE COL LAS VERT D LA TABL D LURIN ITDA 224 MZK1 LT08,-12.22012,-76.96893
07/02/2026,0752-CHORRILLOS,BXR-715,6245492,SUPERMERCADOS PERUANOS S.A.,SPSA REFRIGER ACOPIO,724,3025066030,59142,FRANK AHUM CUL 15CM PQ 20UN 1KG OK,18,389.16,SORIANO SOLIS EDWIN NILVER,,VILLA EL SALVADOR,COO DE COL LAS VERT D LA TABL D LURIN ITDA 224 MZK1 LT08,-12.22012,-76.96893
07/02/2026,0752-CHORRILLOS,BXR-715,6245492,SUPERMERCADOS PERUANOS S.A.,SPSA REFRIGER ACOPIO,724,3025066032,59144,CHORIZO PREC PQ 0.5KG SEGO,7.5,152.85,SORIANO SOLIS EDWIN NILVER,,VILLA EL SALVADOR,COO DE COL LAS VERT D LA TABL D LURIN ITDA 224 MZK1 LT08,-12.22012,-76.96893
07/02/2026,0752-CHORRILLOS,BXR-715,6245492,SUPERMERCADOS PERUANOS S.A.,SPSA REFRIGER ACOPIO,724,3025066034,59146,PACK SUPER CHORIZO PREC80GX6PZA SEGO,168.96,2618.88,SORIANO SOLIS EDWIN NILVER,,VILLA EL SALVADOR,COO DE COL LAS VERT D LA TABL D LURIN ITDA 224 MZK1 LT08,-12.22012,-76.96893
07/02/2026,0752-CHORRILLOS,BXR-715,6245492,SUPERMERCADOS PERUANOS S.A.,SPSA REFRIGER ACOPIO,724,3025066036,59148,JAMON DEL PAIS 200GR SEGO,15,426.75,SORIANO SOLIS EDWIN NILVER,,VILLA EL SALVADOR,COO DE COL LAS VERT D LA TABL D LURIN ITDA 224 MZK1 LT08,-12.22012,-76.96893
07/02/2026,0752-CHORRILLOS,BXR-715,6245492,SUPERMERCADOS PERUANOS S.A.,SPSA REFRIGER ACOPIO,724,3025066036,59150,JAMONADA POLACA 180G OK,43.2,1236,SORIANO SOLIS EDWIN NILVER,,VILLA EL SALVADOR,COO DE COL LAS VERT D LA TABL D LURIN ITDA 224 MZK1 LT08,-12.22012,-76.96893
07/02/2026,0752-CHORRILLOS,BXR-715,6245492,SUPERMERCADOS PERUANOS S.A.,SPSA REFRIGER ACOPIO,724,3025066036,59152,CHICHARRON DE PRENSA 180GR OK,21.6,568.8,SORIANO SOLIS EDWIN NILVER,,VILLA EL SALVADOR,COO DE COL LAS VERT D LA TABL D LURIN ITDA 224 MZK1 LT08,-12.22012,-76.96893
07/02/2026,0752-CHORRILLOS,BXR-715,6245492,SUPERMERCADOS PERUANOS S.A.,SPSA REFRIGER ACOPIO,724,3025066036,59154,TOCINO AHUMADO 150GR OK,22.5,1252.5,SORIANO SOLIS EDWIN NILVER,,VILLA EL SALVADOR,COO DE COL LAS VERT D LA TABL D LURIN ITDA 224 MZK1 LT08,-12.22012,-76.96893
07/02/2026,0752-CHORRILLOS,BXR-715,6245492,SUPERMERCADOS PERUANOS S.A.,SPSA REFRIGER ACOPIO,724,3025066036,59156,SALCHICHA DEL NORTE 150G OK,18,522,SORIANO SOLIS EDWIN NILVER,,VILLA EL SALVADOR,COO DE COL LAS VERT D LA TABL D LURIN ITDA 224 MZK1 LT08,-12.22012,-76.96893
07/02/2026,0752-CHORRILLOS,BXR-715,6245492,SUPERMERCADOS PERUANOS S.A.,SPSA REFRIGER ACOPIO,724,3025066036,59158,JAMON DE PAVITA PQ 200GR 8LJ OK,2,87.41,SORIANO SOLIS EDWIN NILVER,,VILLA EL SALVADOR,COO DE COL LAS VERT D LA TABL D LURIN ITDA 224 MZK1 LT08,-12.22012,-76.96893
07/02/2026,0752-CHORRILLOS,BXR-715,6245492,SUPERMERCADOS PERUANOS S.A.,SPSA REFRIGER ACOPIO,724,3025066036,59160,JAMON INGLES PQ 200GR 8LJ OK,18,833.4,SORIANO SOLIS EDWIN NILVER,,VILLA EL SALVADOR,COO DE COL LAS VERT D LA TABL D LURIN ITDA 224 MZK1 LT08,-12.22012,-76.96893
07/02/2026,0752-CHORRILLOS,BXR-715,6245492,SUPERMERCADOS PERUANOS S.A.,SPSA REFRIGER ACOPIO,724,3025066036,59162,JAMON DEL PAIS PQ 150GR 8LJ OK,18,897.12,SORIANO SOLIS EDWIN NILVER,,VILLA EL SALVADOR,COO DE COL LAS VERT D LA TABL D LURIN ITDA 224 MZK1 LT08,-12.22012,-76.96893
07/02/2026,0752-CHORRILLOS,BXR-715,6245492,SUPERMERCADOS PERUANOS S.A.,SPSA REFRIGER ACOPIO,724,3025066036,59164,JAMON PIZZA PQ 500GR 25LJ OK,42,844.2,SORIANO SOLIS EDWIN NILVER,,VILLA EL SALVADOR,COO DE COL LAS VERT D LA TABL D LURIN ITDA 224 MZK1 LT08,-12.22012,-76.96893
07/02/2026,0752-CHORRILLOS,BXR-715,6245492,SUPERMERCADOS PERUANOS S.A.,SPSA REFRIGER ACOPIO,724,3025066036,59166,JAMON PIZZA PQ 200GR 12LJ OK,10,253.1,SORIANO SOLIS EDWIN NILVER,,VILLA EL SALVADOR,COO DE COL LAS VERT D LA TABL D LURIN ITDA 224 MZK1 LT08,-12.22012,-76.96893
07/02/2026,0752-CHORRILLOS,BXR-715,6245492,SUPERMERCADOS PERUANOS S.A.,SPSA REFRIGER ACOPIO,724,3025066036,59168,LOMO AHUMADO PQ 150GR 6LJ OK,4.5,256.8,SORIANO SOLIS EDWIN NILVER,,VILLA EL SALVADOR,COO DE COL LAS VERT D LA TABL D LURIN ITDA 224 MZK1 LT08,-12.22012,-76.96893
07/02/2026,0752-CHORRILLOS,BXR-715,6245492,SUPERMERCADOS PERUANOS S.A.,SPSA REFRIGER ACOPIO,724,3025066036,59170,PASTEL DE JAMON PQ 150GR OK,11.25,296.25,SORIANO SOLIS EDWIN NILVER,,VILLA EL SALVADOR,COO DE COL LAS VERT D LA TABL D LURIN ITDA 224 MZK1 LT08,-12.22012,-76.96893
07/02/2026,0752-CHORRILLOS,BXR-715,6245492,SUPERMERCADOS PERUANOS S.A.,SPSA REFRIGER ACOPIO,724,3025066036,59172,SALCH VIENESA ESP PQ 5UN 250GR OK,12.5,257.5,SORIANO SOLIS EDWIN NILVER,,VILLA EL SALVADOR,COO DE COL LAS VERT D LA TABL D LURIN ITDA 224 MZK1 LT08,-12.22012,-76.96893
07/02/2026,0752-CHORRILLOS,BXR-715,6245492,SUPERMERCADOS PERUANOS S.A.,SPSA REFRIGER ACOPIO,724,3025066036,59174,SALCH VIENESA ESP PQ 10UN 500GR OK,24,425.28,SORIANO SOLIS EDWIN NILVER,,VILLA EL SALVADOR,COO DE COL LAS VERT D LA TABL D LURIN ITDA 224 MZK1 LT08,-12.22012,-76.96893
07/02/2026,0752-CHORRILLOS,BXR-715,6245492,SUPERMERCADOS PERUANOS S.A.,SPSA REFRIGER ACOPIO,724,3025066036,59176,SALCH VIENESA GOUR PQ 6UN 500GR OK,24,548.16,SORIANO SOLIS EDWIN NILVER,,VILLA EL SALVADOR,COO DE COL LAS VERT D LA TABL D LURIN ITDA 224 MZK1 LT08,-12.22012,-76.96893
07/02/2026,0752-CHORRILLOS,BXR-715,6245492,SUPERMERCADOS PERUANOS S.A.,SPSA REFRIGER ACOPIO,724,3025066036,59178,PACK VIENESA ESP 500G Y 250G 750GR OK,96,1489.92,SORIANO SOLIS EDWIN NILVER,,VILLA EL SALVADOR,COO DE COL LAS VERT D LA TABL D LURIN ITDA 224 MZK1 LT08,-12.22012,-76.96893
07/02/2026,0752-CHORRILLOS,BXR-715,6245492,SUPERMERCADOS PERUANOS S.A.,SPSA REFRIGER ACOPIO,724,3025066036,59180,SALCH FRANK ALEM PQ 4UN 280GR OK,8.96,366.72,SORIANO SOLIS EDWIN NILVER,,VILLA EL SALVADOR,COO DE COL LAS VERT D LA TABL D LURIN ITDA 224 MZK1 LT08,-12.22012,-76.96893
07/02/2026,0752-CHORRILLOS,BXR-715,6245492,SUPERMERCADOS PERUANOS S.A.,SPSA REFRIGER ACOPIO,724,3025066036,59182,TOCINO CUL PQ 500GR 20GR 25LJ OK,90,3335.4,SORIANO SOLIS EDWIN NILVER,,VILLA EL SALVADOR,COO DE COL LAS VERT D LA TABL D LURIN ITDA 224 MZK1 LT08,-12.22012,-76.96893
07/02/2026,0752-CHORRILLOS,BXR-715,6245492,SUPERMERCADOS PERUANOS S.A.,SPSA REFRIGER ACOPIO,724,3025066036,59184,JAMON REDONDO AHUMADO PQ 0.5KG SEGO,36,789.84,SORIANO SOLIS EDWIN NILVER,,VILLA EL SALVADOR,COO DE COL LAS VERT D LA TABL D LURIN ITDA 224 MZK1 LT08,-12.22012,-76.96893
07/02/2026,0752-CHORRILLOS,BXR-715,6245492,SUPERMERCADOS PERUANOS S.A.,SPSA REFRIGER ACOPIO,724,3025066036,59186,HOT DOG SALCH NAR PQ 24U SEGO,22.08,191.76,SORIANO SOLIS EDWIN NILVER,,VILLA EL SALVADOR,COO DE COL LAS VERT D LA TABL D LURIN ITDA 224 MZK1 LT08,-12.22012,-76.96893
07/02/2026,0752-CHORRILLOS,BXR-715,6245492,SUPERMERCADOS PERUANOS S.A.,SPSA REFRIGER ACOPIO,724,3025066036,59188,HOT DOG SALCHIP ROSA PQ 24U SEGO,55.2,469.2,SORIANO SOLIS EDWIN NILVER,,VILLA EL SALVADOR,COO DE COL LAS VERT D LA TABL D LURIN ITDA 224 MZK1 LT08,-12.22012,-76.96893
07/02/2026,0752-CHORRILLOS,BXR-715,6245492,SUPERMERCADOS PERUANOS S.A.,SPSA REFRIGER ACOPIO,724,3025066036,59190,SALCH HUACHO UN 0.25KG SEGO,36,596.74,SORIANO SOLIS EDWIN NILVER,,VILLA EL SALVADOR,COO DE COL LAS VERT D LA TABL D LURIN ITDA 224 MZK1 LT08,-12.22012,-76.96893
07/02/2026,0752-CHORRILLOS,BXR-715,6245492,SUPERMERCADOS PERUANOS S.A.,SPSA REFRIGER ACOPIO,724,3025066039,59192,MORTADELA ESPECIAL 180GR OK,2.7,62.1,SORIANO SOLIS EDWIN NILVER,,VILLA EL SALVADOR,COO DE COL LAS VERT D LA TABL D LURIN ITDA 224 MZK1 LT08,-12.22012,-76.96893
07/02/2026,0752-CHORRILLOS,BXR-715,6245492,SUPERMERCADOS PERUANOS S.A.,SPSA REFRIGER ACOPIO,724,3025066042,59194,CHORIZO PARRILLERO PQ 4UN 400GR OK,72,2080.8,SORIANO SOLIS EDWIN NILVER,,VILLA EL SALVADOR,COO DE COL LAS VERT D LA TABL D LURIN ITDA 224 MZK1 LT08,-12.22012,-76.96893
07/02/2026,0752-CHORRILLOS,BXR-715,6245492,SUPERMERCADOS PERUANOS S.A.,SPSA REFRIGER ACOPIO,724,3025066042,59196,MTO CHORIZO FINAS HIERBAS PQ 400GR OK,57.6,1811.52,SORIANO SOLIS EDWIN NILVER,,VILLA EL SALVADOR,COO DE COL LAS VERT D LA TABL D LURIN ITDA 224 MZK1 LT08,-12.22012,-76.96893
07/02/2026,0752-CHORRILLOS,BXR-715,6245492,SUPERMERCADOS PERUANOS S.A.,SPSA REFRIGER ACOPIO,724,3025066042,59198,MORCILLA PQ 3UN 250GR OK,4,131.81,SORIANO SOLIS EDWIN NILVER,,VILLA EL SALVADOR,COO DE COL LAS VERT D LA TABL D LURIN ITDA 224 MZK1 LT08,-12.22012,-76.96893
07/02/2026,0752-CHORRILLOS,BXR-715,6245492,SUPERMERCADOS PERUANOS S.A.,SPSA REFRIGER ACOPIO,724,3025066042,59200,MORCILLA COCKTAIL PQ 220GR OK,8.8,311.44,SORIANO SOLIS EDWIN NILVER,,VILLA EL SALVADOR,COO DE COL LAS VERT D LA TABL D LURIN ITDA 224 MZK1 LT08,-12.22012,-76.96893
07/02/2026,0752-CHORRILLOS,BXR-715,6245492,SUPERMERCADOS PERUANOS S.A.,SPSA REFRIGER ACOPIO,724,3025066042,59202,CHORIZO CAMPESTRE PQ 4UN 400GR OK,12.8,429.5,SORIANO SOLIS EDWIN NILVER,,VILLA EL SALVADOR,COO DE COL LAS VERT D LA TABL D LURIN ITDA 224 MZK1 LT08,-12.22012,-76.96893
07/02/2026,0752-CHORRILLOS,BXR-715,6245492,SUPERMERCADOS PERUANOS S.A.,SPSA REFRIGER ACOPIO,724,3025066042,59204,CHORIZO ITAL PREC PQ 0.3KG SEGO,7.2,192.89,SORIANO SOLIS EDWIN NILVER,,VILLA EL SALVADOR,COO DE COL LAS VERT D LA TABL D LURIN ITDA 224 MZK1 LT08,-12.22012,-76.96893
07/02/2026,0752-CHORRILLOS,BXR-715,6245492,SUPERMERCADOS PERUANOS S.A.,SPSA REFRIGER ACOPIO,724,3025066042,59206,CHORIZO PREC PQ 0.5KG SEGO,165,3362.7,SORIANO SOLIS EDWIN NILVER,,VILLA EL SALVADOR,COO DE COL LAS VERT D LA TABL D LURIN ITDA 224 MZK1 LT08,-12.22012,-76.96893
07/02/2026,0752-CHORRILLOS,BXR-715,6245492,SUPERMERCADOS PERUANOS S.A.,SPSA REFRIGER ACOPIO,724,3025066042,59208,RELLENO UN 0.5KG SEGO,8,159.52,SORIANO SOLIS EDWIN NILVER,,VILLA EL SALVADOR,COO DE COL LAS VERT D LA TABL D LURIN ITDA 224 MZK1 LT08,-12.22012,-76.96893
07/02/2026,0752-CHORRILLOS,BXR-715,6245492,SUPERMERCADOS PERUANOS S.A.,SPSA REFRIGER ACOPIO,724,3025066043,59210,CHORIZO FINAS HIERBAS 0.5 KG SEGO,30,615,SORIANO SOLIS EDWIN NILVER,,VILLA EL SALVADOR,COO DE COL LAS VERT D LA TABL D LURIN ITDA 224 MZK1 LT08,-12.22012,-76.96893
07/02/2026,0752-CHORRILLOS,BXR-715,6245492,SUPERMERCADOS PERUANOS S.A.,SPSA REFRIGER ACOPIO,724,3025066044,59212,PACK CHORIZOS COCKTAIL GOURMET 370G OK,44.4,1394.4,SORIANO SOLIS EDWIN NILVER,,VILLA EL SALVADOR,COO DE COL LAS VERT D LA TABL D LURIN ITDA 224 MZK1 LT08,-12.22012,-76.96893
07/02/2026,0752-CHORRILLOS,BXR-715,6245492,SUPERMERCADOS PERUANOS S.A.,SPSA REFRIGER ACOPIO,724,3025066045,59214,PACK CHORIZ COCKTAIL SABOR LE?A 370GR OK,23.68,704.64,SORIANO SOLIS EDWIN NILVER,,VILLA EL SALVADOR,COO DE COL LAS VERT D LA TABL D LURIN ITDA 224 MZK1 LT08,-12.22012,-76.96893
07/02/2026,0752-CHORRILLOS,BXR-715,6245492,SUPERMERCADOS PERUANOS S.A.,SPSA REFRIGER ACOPIO,724,3025066049,59216,CHORIZO ITALIANO PQ 220GR OK,3.52,110.43,SORIANO SOLIS EDWIN NILVER,,VILLA EL SALVADOR,COO DE COL LAS VERT D LA TABL D LURIN ITDA 224 MZK1 LT08,-12.22012,-76.96893
07/02/2026,0752-CHORRILLOS,BXR-715,6245492,SUPERMERCADOS PERUANOS S.A.,SPSA REFRIGER ACOPIO,724,3025066049,59218,CHORIZO PARRILLERO PQ 4UN 400GR OK,72,2080.8,SORIANO SOLIS EDWIN NILVER,,VILLA EL SALVADOR,COO DE COL LAS VERT D LA TABL D LURIN ITDA 224 MZK1 LT08,-12.22012,-76.96893
07/02/2026,0752-CHORRILLOS,BXR-715,6245492,SUPERMERCADOS PERUANOS S.A.,SPSA REFRIGER ACOPIO,724,3025066049,59220,MTO CHORIZO FINAS HIERBAS PQ 400GR OK,108.8,3421.76,SORIANO SOLIS EDWIN NILVER,,VILLA EL SALVADOR,COO DE COL LAS VERT D LA TABL D LURIN ITDA 224 MZK1 LT08,-12.22012,-76.96893
07/02/2026,0752-CHORRILLOS,BXR-715,6245492,SUPERMERCADOS PERUANOS S.A.,SPSA REFRIGER ACOPIO,724,3025066049,59222,MORCILLA PQ 3UN 250GR OK,6,197.71,SORIANO SOLIS EDWIN NILVER,,VILLA EL SALVADOR,COO DE COL LAS VERT D LA TABL D LURIN ITDA 224 MZK1 LT08,-12.22012,-76.96893
07/02/2026,0752-CHORRILLOS,BXR-715,6245492,SUPERMERCADOS PERUANOS S.A.,SPSA REFRIGER ACOPIO,724,3025066049,59224,MORCILLA COCKTAIL PQ 220GR OK,5.28,186.86,SORIANO SOLIS EDWIN NILVER,,VILLA EL SALVADOR,COO DE COL LAS VERT D LA TABL D LURIN ITDA 224 MZK1 LT08,-12.22012,-76.96893
07/02/2026,0752-CHORRILLOS,BXR-715,6245492,SUPERMERCADOS PERUANOS S.A.,SPSA REFRIGER ACOPIO,724,3025066049,59226,CHORIZO CAMPESTRE PQ 4UN 400GR OK,9.6,322.13,SORIANO SOLIS EDWIN NILVER,,VILLA EL SALVADOR,COO DE COL LAS VERT D LA TABL D LURIN ITDA 224 MZK1 LT08,-12.22012,-76.96893
07/02/2026,0752-CHORRILLOS,BXR-715,6245492,SUPERMERCADOS PERUANOS S.A.,SPSA REFRIGER ACOPIO,724,3025066049,59228,CHORIZO PREC PQ 0.5KG SEGO,67.5,1375.65,SORIANO SOLIS EDWIN NILVER,,VILLA EL SALVADOR,COO DE COL LAS VERT D LA TABL D LURIN ITDA 224 MZK1 LT08,-12.22012,-76.96893
07/02/2026,0752-CHORRILLOS,BXR-715,6245492,SUPERMERCADOS PERUANOS S.A.,SPSA REFRIGER ACOPIO,724,3025066049,59230,RELLENO UN 0.5KG SEGO,12,239.28,SORIANO SOLIS EDWIN NILVER,,VILLA EL SALVADOR,COO DE COL LAS VERT D LA TABL D LURIN ITDA 224 MZK1 LT08,-12.22012,-76.96893
07/02/2026,0752-CHORRILLOS,BXR-715,6245492,SUPERMERCADOS PERUANOS S.A.,SPSA REFRIGER ACOPIO,724,3025066050,59232,CHORIZO FINAS HIERBAS 0.5 KG SEGO,37.5,768.75,SORIANO SOLIS EDWIN NILVER,,VILLA EL SALVADOR,COO DE COL LAS VERT D LA TABL D LURIN ITDA 224 MZK1 LT08,-12.22012,-76.96893
07/02/2026,0752-CHORRILLOS,BXR-715,6245492,SUPERMERCADOS PERUANOS S.A.,SPSA REFRIGER ACOPIO,724,3025066051,59234,PACK CHORIZOS COCKTAIL GOURMET 370G OK,44.4,1394.4,SORIANO SOLIS EDWIN NILVER,,VILLA EL SALVADOR,COO DE COL LAS VERT D LA TABL D LURIN ITDA 224 MZK1 LT08,-12.22012,-76.96893
07/02/2026,0752-CHORRILLOS,BXR-715,6245492,SUPERMERCADOS PERUANOS S.A.,SPSA REFRIGER ACOPIO,724,3025066052,59236,PACK CHORIZ COCKTAIL SABOR LE?A 370GR OK,35.52,1056.96,SORIANO SOLIS EDWIN NILVER,,VILLA EL SALVADOR,COO DE COL LAS VERT D LA TABL D LURIN ITDA 224 MZK1 LT08,-12.22012,-76.96893
07/02/2026,0752-CHORRILLOS,BXR-715,6245492,SUPERMERCADOS PERUANOS S.A.,SPSA REFRIGER ACOPIO,724,3025066053,59238,JAM?N GLAS? A LA MIEL 200G OK,8,356,SORIANO SOLIS EDWIN NILVER,,VILLA EL SALVADOR,COO DE COL LAS VERT D LA TABL D LURIN ITDA 224 MZK1 LT08,-12.22012,-76.96893
07/02/2026,0752-CHORRILLOS,BXR-715,6245492,SUPERMERCADOS PERUANOS S.A.,SPSA REFRIGER ACOPIO,724,3025066053,59240,JAMON DEL PAIS 200GR SEGO,18,512.1,SORIANO SOLIS EDWIN NILVER,,VILLA EL SALVADOR,COO DE COL LAS VERT D LA TABL D LURIN ITDA 224 MZK1 LT08,-12.22012,-76.96893
07/02/2026,0752-CHORRILLOS,BXR-715,6245492,SUPERMERCADOS PERUANOS S.A.,SPSA REFRIGER ACOPIO,724,3025066053,59242,JAMONADA POLACA 180G OK,43.2,1236,SORIANO SOLIS EDWIN NILVER,,VILLA EL SALVADOR,COO DE COL LAS VERT D LA TABL D LURIN ITDA 224 MZK1 LT08,-12.22012,-76.96893
07/02/2026,0752-CHORRILLOS,BXR-715,6245492,SUPERMERCADOS PERUANOS S.A.,SPSA REFRIGER ACOPIO,724,3025066053,59244,JAMONADA BOLOGNA 180GR OK,8.1,171,SORIANO SOLIS EDWIN NILVER,,VILLA EL SALVADOR,COO DE COL LAS VERT D LA TABL D LURIN ITDA 224 MZK1 LT08,-12.22012,-76.96893
07/02/2026,0752-CHORRILLOS,BXR-715,6245492,SUPERMERCADOS PERUANOS S.A.,SPSA REFRIGER ACOPIO,724,3025066053,59246,CHICHARRON DE PRENSA 180GR OK,21.6,568.8,SORIANO SOLIS EDWIN NILVER,,VILLA EL SALVADOR,COO DE COL LAS VERT D LA TABL D LURIN ITDA 224 MZK1 LT08,-12.22012,-76.96893
07/02/2026,0752-CHORRILLOS,BXR-715,6245492,SUPERMERCADOS PERUANOS S.A.,SPSA REFRIGER ACOPIO,724,3025066053,59248,TOCINO AHUMADO 150GR OK,47.25,2630.25,SORIANO SOLIS EDWIN NILVER,,VILLA EL SALVADOR,COO DE COL LAS VERT D LA TABL D LURIN ITDA 224 MZK1 LT08,-12.22012,-76.96893
07/02/2026,0752-CHORRILLOS,BXR-715,6245492,SUPERMERCADOS PERUANOS S.A.,SPSA REFRIGER ACOPIO,724,3025066053,59250,SALCHICHA DEL NORTE 150G OK,29.25,848.25,SORIANO SOLIS EDWIN NILVER,,VILLA EL SALVADOR,COO DE COL LAS VERT D LA TABL D LURIN ITDA 224 MZK1 LT08,-12.22012,-76.96893
07/02/2026,0752-CHORRILLOS,BXR-715,6245492,SUPERMERCADOS PERUANOS S.A.,SPSA REFRIGER ACOPIO,724,3025066053,59252,PATE GOURMET 150GR OK,2.25,74.4,SORIANO SOLIS EDWIN NILVER,,VILLA EL SALVADOR,COO DE COL LAS VERT D LA TABL D LURIN ITDA 224 MZK1 LT08,-12.22012,-76.96893
07/02/2026,0752-CHORRILLOS,BXR-715,6245492,SUPERMERCADOS PERUANOS S.A.,SPSA REFRIGER ACOPIO,724,3025066053,59254,JAMON DE PAVITA PQ 200GR 8LJ OK,8,349.64,SORIANO SOLIS EDWIN NILVER,,VILLA EL SALVADOR,COO DE COL LAS VERT D LA TABL D LURIN ITDA 224 MZK1 LT08,-12.22012,-76.96893
07/02/2026,0752-CHORRILLOS,BXR-715,6245492,SUPERMERCADOS PERUANOS S.A.,SPSA REFRIGER ACOPIO,724,3025066053,59256,JAMON INGLES PQ 200GR 8LJ OK,30,1389,SORIANO SOLIS EDWIN NILVER,,VILLA EL SALVADOR,COO DE COL LAS VERT D LA TABL D LURIN ITDA 224 MZK1 LT08,-12.22012,-76.96893
07/02/2026,0752-CHORRILLOS,BXR-715,6245492,SUPERMERCADOS PERUANOS S.A.,SPSA REFRIGER ACOPIO,724,3025066053,59258,JAMON DEL PAIS PQ 150GR 8LJ OK,38.25,1906.38,SORIANO SOLIS EDWIN NILVER,,VILLA EL SALVADOR,COO DE COL LAS VERT D LA TABL D LURIN ITDA 224 MZK1 LT08,-12.22012,-76.96893
07/02/2026,0752-CHORRILLOS,BXR-715,6245492,SUPERMERCADOS PERUANOS S.A.,SPSA REFRIGER ACOPIO,724,3025066053,59260,JAMON PIZZA PQ 500GR 25LJ OK,24,482.4,SORIANO SOLIS EDWIN NILVER,,VILLA EL SALVADOR,COO DE COL LAS VERT D LA TABL D LURIN ITDA 224 MZK1 LT08,-12.22012,-76.96893
07/02/2026,0752-CHORRILLOS,BXR-715,6245492,SUPERMERCADOS PERUANOS S.A.,SPSA REFRIGER ACOPIO,724,3025066053,59262,JAMON PIZZA PQ 200GR 12LJ OK,16,404.96,SORIANO SOLIS EDWIN NILVER,,VILLA EL SALVADOR,COO DE COL LAS VERT D LA TABL D LURIN ITDA 224 MZK1 LT08,-12.22012,-76.96893
07/02/2026,0752-CHORRILLOS,BXR-715,6245492,SUPERMERCADOS PERUANOS S.A.,SPSA REFRIGER ACOPIO,724,3025066053,59264,LOMO AHUMADO PQ 150GR 6LJ OK,18,1027.2,SORIANO SOLIS EDWIN NILVER,,VILLA EL SALVADOR,COO DE COL LAS VERT D LA TABL D LURIN ITDA 224 MZK1 LT08,-12.22012,-76.96893
07/02/2026,0752-CHORRILLOS,BXR-715,6245492,SUPERMERCADOS PERUANOS S.A.,SPSA REFRIGER ACOPIO,724,3025066053,59266,PASTEL DE JAMON PQ 150GR OK,29.25,770.25,SORIANO SOLIS EDWIN NILVER,,VILLA EL SALVADOR,COO DE COL LAS VERT D LA TABL D LURIN ITDA 224 MZK1 LT08,-12.22012,-76.96893
07/02/2026,0752-CHORRILLOS,BXR-715,6245492,SUPERMERCADOS PERUANOS S.A.,SPSA REFRIGER ACOPIO,724,3025066053,59268,SALCH VIENESA ESP PQ 5UN 250GR OK,40,824,SORIANO SOLIS EDWIN NILVER,,VILLA EL SALVADOR,COO DE COL LAS VERT D LA TABL D LURIN ITDA 224 MZK1 LT08,-12.22012,-76.96893
07/02/2026,0752-CHORRILLOS,BXR-715,6245492,SUPERMERCADOS PERUANOS S.A.,SPSA REFRIGER ACOPIO,724,3025066053,59270,SALCH VIENESA ESP PQ 10UN 500GR OK,66,1169.52,SORIANO SOLIS EDWIN NILVER,,VILLA EL SALVADOR,COO DE COL LAS VERT D LA TABL D LURIN ITDA 224 MZK1 LT08,-12.22012,-76.96893
07/02/2026,0752-CHORRILLOS,BXR-715,6245492,SUPERMERCADOS PERUANOS S.A.,SPSA REFRIGER ACOPIO,724,3025066053,59272,SALCH VIENESA GOUR PQ 6UN 500GR OK,52,1187.68,SORIANO SOLIS EDWIN NILVER,,VILLA EL SALVADOR,COO DE COL LAS VERT D LA TABL D LURIN ITDA 224 MZK1 LT08,-12.22012,-76.96893
07/02/2026,0752-CHORRILLOS,BXR-715,6245492,SUPERMERCADOS PERUANOS S.A.,SPSA REFRIGER ACOPIO,724,3025066053,59274,PACK VIENESA ESP 500G Y 250G 750GR OK,300,4656,SORIANO SOLIS EDWIN NILVER,,VILLA EL SALVADOR,COO DE COL LAS VERT D LA TABL D LURIN ITDA 224 MZK1 LT08,-12.22012,-76.96893
07/02/2026,0752-CHORRILLOS,BXR-715,6245492,SUPERMERCADOS PERUANOS S.A.,SPSA REFRIGER ACOPIO,724,3025066053,59276,SALCH FRANK ALEM PQ 4UN 280GR OK,13.44,550.08,SORIANO SOLIS EDWIN NILVER,,VILLA EL SALVADOR,COO DE COL LAS VERT D LA TABL D LURIN ITDA 224 MZK1 LT08,-12.22012,-76.96893
07/02/2026,0752-CHORRILLOS,BXR-715,6245492,SUPERMERCADOS PERUANOS S.A.,SPSA REFRIGER ACOPIO,724,3025066053,59278,SALCH FRANK ALEM COCK PQ 220GR OK,3.52,143.04,SORIANO SOLIS EDWIN NILVER,,VILLA EL SALVADOR,COO DE COL LAS VERT D LA TABL D LURIN ITDA 224 MZK1 LT08,-12.22012,-76.96893
07/02/2026,0752-CHORRILLOS,BXR-715,6245492,SUPERMERCADOS PERUANOS S.A.,SPSA REFRIGER ACOPIO,724,3025066053,59280,HOT DOG DE POLLO PQ 5UN 250GR OK,10,221.2,SORIANO SOLIS EDWIN NILVER,,VILLA EL SALVADOR,COO DE COL LAS VERT D LA TABL D LURIN ITDA 224 MZK1 LT08,-12.22012,-76.96893
07/02/2026,0752-CHORRILLOS,BXR-715,6245492,SUPERMERCADOS PERUANOS S.A.,SPSA REFRIGER ACOPIO,724,3025066053,59282,SOLOMILLO AHUM PZ 0.31 A 0.7KG OK,3,166.32,SORIANO SOLIS EDWIN NILVER,,VILLA EL SALVADOR,COO DE COL LAS VERT D LA TABL D LURIN ITDA 224 MZK1 LT08,-12.22012,-76.96893
07/02/2026,0752-CHORRILLOS,BXR-715,6245492,SUPERMERCADOS PERUANOS S.A.,SPSA REFRIGER ACOPIO,724,3025066053,59284,TOCINO CUL PQ 500GR 20GR 25LJ OK,15,555.9,SORIANO SOLIS EDWIN NILVER,,VILLA EL SALVADOR,COO DE COL LAS VERT D LA TABL D LURIN ITDA 224 MZK1 LT08,-12.22012,-76.96893
07/02/2026,0752-CHORRILLOS,BXR-715,6245492,SUPERMERCADOS PERUANOS S.A.,SPSA REFRIGER ACOPIO,724,3025066053,59286,CABANOSSI 20GR OK,4,476,SORIANO SOLIS EDWIN NILVER,,VILLA EL SALVADOR,COO DE COL LAS VERT D LA TABL D LURIN ITDA 224 MZK1 LT08,-12.22012,-76.96893
07/02/2026,0752-CHORRILLOS,BXR-715,6245492,SUPERMERCADOS PERUANOS S.A.,SPSA REFRIGER ACOPIO,724,3025066053,59288,SALAME TP NAPOLI 36LJ 150GR OK,0.9,101.83,SORIANO SOLIS EDWIN NILVER,,VILLA EL SALVADOR,COO DE COL LAS VERT D LA TABL D LURIN ITDA 224 MZK1 LT08,-12.22012,-76.96893
07/02/2026,0752-CHORRILLOS,BXR-715,6245492,SUPERMERCADOS PERUANOS S.A.,SPSA REFRIGER ACOPIO,724,3025066053,59290,JAMON REDONDO AHUMADO PQ 0.5KG SEGO,24,526.56,SORIANO SOLIS EDWIN NILVER,,VILLA EL SALVADOR,COO DE COL LAS VERT D LA TABL D LURIN ITDA 224 MZK1 LT08,-12.22012,-76.96893
07/02/2026,0752-CHORRILLOS,BXR-715,6245492,SUPERMERCADOS PERUANOS S.A.,SPSA REFRIGER ACOPIO,724,3025066053,59292,HOT DOG SALCHIP ROSA PQ 24U SEGO,55.2,469.2,SORIANO SOLIS EDWIN NILVER,,VILLA EL SALVADOR,COO DE COL LAS VERT D LA TABL D LURIN ITDA 224 MZK1 LT08,-12.22012,-76.96893
07/02/2026,0752-CHORRILLOS,BXR-715,6245492,SUPERMERCADOS PERUANOS S.A.,SPSA REFRIGER ACOPIO,724,3025066053,59294,SALCH HUACHO UN 0.25KG SEGO,45,745.92,SORIANO SOLIS EDWIN NILVER,,VILLA EL SALVADOR,COO DE COL LAS VERT D LA TABL D LURIN ITDA 224 MZK1 LT08,-12.22012,-76.96893
07/02/2026,0752-CHORRILLOS,BXR-715,6245492,SUPERMERCADOS PERUANOS S.A.,SPSA REFRIGER ACOPIO,724,3025066054,59296,EDAM BOLA 1.9KG AP MILKUNZ,3.8,202.6,SORIANO SOLIS EDWIN NILVER,,VILLA EL SALVADOR,COO DE COL LAS VERT D LA TABL D LURIN ITDA 224 MZK1 LT08,-12.22012,-76.96893
07/02/2026,0752-CHORRILLOS,BXR-715,6245492,SUPERMERCADOS PERUANOS S.A.,SPSA REFRIGER ACOPIO,724,3025066054,59298,QUESO AZUL 2.2KG AP MILKUNZ,17.6,1005.66,SORIANO SOLIS EDWIN NILVER,,VILLA EL SALVADOR,COO DE COL LAS VERT D LA TABL D LURIN ITDA 224 MZK1 LT08,-12.22012,-76.96893
07/02/2026,0752-CHORRILLOS,BXR-715,6245492,SUPERMERCADOS PERUANOS S.A.,SPSA REFRIGER ACOPIO,724,3025066054,59300,PROVOLONE 2.5KG AP MILKUNZ,1.7,92.86,SORIANO SOLIS EDWIN NILVER,,VILLA EL SALVADOR,COO DE COL LAS VERT D LA TABL D LURIN ITDA 224 MZK1 LT08,-12.22012,-76.96893
07/02/2026,0752-CHORRILLOS,BXR-715,6245492,SUPERMERCADOS PERUANOS S.A.,SPSA REFRIGER ACOPIO,724,3025066055,59302,QUESO CABRA 3.2KG AP RABEL,3.2,283.71,SORIANO SOLIS EDWIN NILVER,,VILLA EL SALVADOR,COO DE COL LAS VERT D LA TABL D LURIN ITDA 224 MZK1 LT08,-12.22012,-76.96893
07/02/2026,0752-CHORRILLOS,BXR-715,6245492,SUPERMERCADOS PERUANOS S.A.,SPSA REFRIGER ACOPIO,724,3025066055,59304,EDAM BARRA 3KG AP MILKUNZ,6,228.74,SORIANO SOLIS EDWIN NILVER,,VILLA EL SALVADOR,COO DE COL LAS VERT D LA TABL D LURIN ITDA 224 MZK1 LT08,-12.22012,-76.96893
07/02/2026,0752-CHORRILLOS,BXR-715,6245492,SUPERMERCADOS PERUANOS S.A.,SPSA REFRIGER ACOPIO,724,3025066055,59306,GOUDA BARRA 3.3KG AP MILKUNZ,9.9,383.82,SORIANO SOLIS EDWIN NILVER,,VILLA EL SALVADOR,COO DE COL LAS VERT D LA TABL D LURIN ITDA 224 MZK1 LT08,-12.22012,-76.96893
07/02/2026,0752-CHORRILLOS,BXR-715,6245492,SUPERMERCADOS PERUANOS S.A.,SPSA REFRIGER ACOPIO,724,3025066058,59308,MORTADELA ESPECIAL 180GR OK,13.5,310.5,SORIANO SOLIS EDWIN NILVER,,VILLA EL SALVADOR,COO DE COL LAS VERT D LA TABL D LURIN ITDA 224 MZK1 LT08,-12.22012,-76.96893
07/02/2026,0752-CHORRILLOS,BXR-715,6245492,SUPERMERCADOS PERUANOS S.A.,SPSA REFRIGER ACOPIO,724,3025066058,59310,JAMON PIZZA 3.4 - 3.5 KG OK,13.8,296.84,SORIANO SOLIS EDWIN NILVER,,VILLA EL SALVADOR,COO DE COL LAS VERT D LA TABL D LURIN ITDA 224 MZK1 LT08,-12.22012,-76.96893
07/02/2026,0752-CHORRILLOS,BXR-715,6245492,SUPERMERCADOS PERUANOS S.A.,SPSA REFRIGER ACOPIO,724,3025066058,59312,COMBO HD DE CERDO 600GR LA SEGOVIANA,18,222.6,SORIANO SOLIS EDWIN NILVER,,VILLA EL SALVADOR,COO DE COL LAS VERT D LA TABL D LURIN ITDA 224 MZK1 LT08,-12.22012,-76.96893
07/02/2026,0752-CHORRILLOS,BXR-715,6245492,SUPERMERCADOS PERUANOS S.A.,SPSA REFRIGER ACOPIO,724,3025066058,59314,MIX ESPA?OL 115GR OTTO KUNZ,2.76,325.68,SORIANO SOLIS EDWIN NILVER,,VILLA EL SALVADOR,COO DE COL LAS VERT D LA TABL D LURIN ITDA 224 MZK1 LT08,-12.22012,-76.96893
07/02/2026,0752-CHORRILLOS,BXR-715,6245492,SUPERMERCADOS PERUANOS S.A.,SPSA REFRIGER ACOPIO,724,3025066058,59316,JAMON INGLES PZ 6.5KG OK,39,1680,SORIANO SOLIS EDWIN NILVER,,VILLA EL SALVADOR,COO DE COL LAS VERT D LA TABL D LURIN ITDA 224 MZK1 LT08,-12.22012,-76.96893
07/02/2026,0752-CHORRILLOS,BXR-715,6245492,SUPERMERCADOS PERUANOS S.A.,SPSA REFRIGER ACOPIO,724,3025066058,59318,JAMON DE PAVO PZ 5KG OK,10,470.2,SORIANO SOLIS EDWIN NILVER,,VILLA EL SALVADOR,COO DE COL LAS VERT D LA TABL D LURIN ITDA 224 MZK1 LT08,-12.22012,-76.96893
07/02/2026,0752-CHORRILLOS,BXR-715,6245492,SUPERMERCADOS PERUANOS S.A.,SPSA REFRIGER ACOPIO,724,3025066058,59320,JAMON DEL PAIS PZ 3.5KG OK,14,622.65,SORIANO SOLIS EDWIN NILVER,,VILLA EL SALVADOR,COO DE COL LAS VERT D LA TABL D LURIN ITDA 224 MZK1 LT08,-12.22012,-76.96893
07/02/2026,0752-CHORRILLOS,BXR-715,6245492,SUPERMERCADOS PERUANOS S.A.,SPSA REFRIGER ACOPIO,724,3025066058,59322,LOMO AHUMADO PZ 3.4 A 4.8KG OK,24,1050.72,SORIANO SOLIS EDWIN NILVER,,VILLA EL SALVADOR,COO DE COL LAS VERT D LA TABL D LURIN ITDA 224 MZK1 LT08,-12.22012,-76.96893
07/02/2026,0752-CHORRILLOS,BXR-715,6245492,SUPERMERCADOS PERUANOS S.A.,SPSA REFRIGER ACOPIO,724,3025066058,59324,JAMON PAIS GOUR PZ 3.4 A 4.3KG OK,31.5,1758.33,SORIANO SOLIS EDWIN NILVER,,VILLA EL SALVADOR,COO DE COL LAS VERT D LA TABL D LURIN ITDA 224 MZK1 LT08,-12.22012,-76.96893
07/02/2026,0752-CHORRILLOS,BXR-715,6245492,SUPERMERCADOS PERUANOS S.A.,SPSA REFRIGER ACOPIO,724,3025066058,59326,TOCINO ESPECIAL PZ 1.5KG CORT OK,13.5,595.08,SORIANO SOLIS EDWIN NILVER,,VILLA EL SALVADOR,COO DE COL LAS VERT D LA TABL D LURIN ITDA 224 MZK1 LT08,-12.22012,-76.96893
07/02/2026,0752-CHORRILLOS,BXR-715,6245492,SUPERMERCADOS PERUANOS S.A.,SPSA REFRIGER ACOPIO,724,3025066058,59328,CABANOSSI PICANTE 20GR OK,0.8,97.2,SORIANO SOLIS EDWIN NILVER,,VILLA EL SALVADOR,COO DE COL LAS VERT D LA TABL D LURIN ITDA 224 MZK1 LT08,-12.22012,-76.96893
07/02/2026,0752-CHORRILLOS,BXR-715,6245492,SUPERMERCADOS PERUANOS S.A.,SPSA REFRIGER ACOPIO,724,3025066058,59330,JAMON SERRANO 4KG AP OK,54,4694.49,SORIANO SOLIS EDWIN NILVER,,VILLA EL SALVADOR,COO DE COL LAS VERT D LA TABL D LURIN ITDA 224 MZK1 LT08,-12.22012,-76.96893
07/02/2026,0752-CHORRILLOS,BXR-715,6245492,SUPERMERCADOS PERUANOS S.A.,SPSA REFRIGER ACOPIO,724,3025066058,59332,JAMON SERRANO A?EJO 5.5KG AP OK,11,863.94,SORIANO SOLIS EDWIN NILVER,,VILLA EL SALVADOR,COO DE COL LAS VERT D LA TABL D LURIN ITDA 224 MZK1 LT08,-12.22012,-76.96893
07/02/2026,0752-CHORRILLOS,C1V-740,11598258,COESTI SA,LA MOLINA,714,3024958975,57374,HOT DOG 200GR BDT,0.4,7.62,IZQUIERDO SALCEDO JOSE MIGUEL,,LA MOLINA,PROL JAVIER PRADO ESTE 6310,-12.07063,-76.95349
07/02/2026,0752-CHORRILLOS,C1V-740,11598258,COESTI SA,LA MOLINA,714,3024958975,57376,HAMBURGUESA PC 100G 63U CG CJ 6.30KG BF,18.9,350.1,IZQUIERDO SALCEDO JOSE MIGUEL,,LA MOLINA,PROL JAVIER PRADO ESTE 6310,-12.07063,-76.95349
07/02/2026,0752-CHORRILLOS,C1V-740,11598258,COESTI SA,LA MOLINA,714,3024958975,57378,PACK J PIZZA Y EDAM 340GR OK,0.68,22.26,IZQUIERDO SALCEDO JOSE MIGUEL,,LA MOLINA,PROL JAVIER PRADO ESTE 6310,-12.07063,-76.95349
07/02/2026,0752-CHORRILLOS,C1V-740,11598258,COESTI SA,LA MOLINA,714,3024958975,57380,PACK JAMONADA Y EDAM 180GR BDT,0.18,5.29,IZQUIERDO SALCEDO JOSE MIGUEL,,LA MOLINA,PROL JAVIER PRADO ESTE 6310,-12.07063,-76.95349
07/02/2026,0752-CHORRILLOS,C1V-740,11598258,COESTI SA,LA MOLINA,714,3024958975,57382,JAMON PIZZA PQ 100GR 6LJ OK,0.1,3.4,IZQUIERDO SALCEDO JOSE MIGUEL,,LA MOLINA,PROL JAVIER PRADO ESTE 6310,-12.07063,-76.95349
07/02/2026,0752-CHORRILLOS,C1V-740,11598258,COESTI SA,LA MOLINA,714,3024958975,57384,JAMONADA BOLOGNA PQ 100GR 8LJ OK,0.1,2.46,IZQUIERDO SALCEDO JOSE MIGUEL,,LA MOLINA,PROL JAVIER PRADO ESTE 6310,-12.07063,-76.95349
07/02/2026,0752-CHORRILLOS,C1V-740,11598258,COESTI SA,LA MOLINA,714,3024958975,57386,VIENESA 12CM PQ 5UN 175GR OK,0.18,3.95,IZQUIERDO SALCEDO JOSE MIGUEL,,LA MOLINA,PROL JAVIER PRADO ESTE 6310,-12.07063,-76.95349
07/02/2026,0752-CHORRILLOS,C1V-740,11598233,HECTOR REVILLA E HIJOS SAC,HECTOR 541690 ES,719,3025035249,57880,QUESO DE VACA FRESCO 1KG AP DUMAN,12,276,IZQUIERDO SALCEDO JOSE MIGUEL,,ATE,AV HUAROCHIRI MZ U1 LT 44,-12.06068,-76.94194
07/02/2026,0752-CHORRILLOS,C1V-740,11598233,HECTOR REVILLA E HIJOS SAC,HECTOR 541690 ES,719,3025035249,57882,SALCHICHA DEL NORTE BLS 2KG 100GR OK,4,101.06,IZQUIERDO SALCEDO JOSE MIGUEL,,ATE,AV HUAROCHIRI MZ U1 LT 44,-12.06068,-76.94194
07/02/2026,0752-CHORRILLOS,C1V-740,11598233,HECTOR REVILLA E HIJOS SAC,HECTOR 541690 ES,719,3025035249,57884,TOCINO CULINARIO PZ 3.4 A 4.3KG OK,13.6,548.76,IZQUIERDO SALCEDO JOSE MIGUEL,,ATE,AV HUAROCHIRI MZ U1 LT 44,-12.06068,-76.94194
07/02/2026,0752-CHORRILLOS,C1V-740,11598233,HECTOR REVILLA E HIJOS SAC,HECTOR 541690 ES,719,3025035249,57886,QUESO CREMA 3.6KG MILKUNZ,7.2,205.8,IZQUIERDO SALCEDO JOSE MIGUEL,,ATE,AV HUAROCHIRI MZ U1 LT 44,-12.06068,-76.94194
07/02/2026,0752-CHORRILLOS,C1V-740,11598233,HECTOR REVILLA E HIJOS SAC,HECTOR 541690 ES,719,3025035249,57888,RELLENO UN 0.5KG SEGO,5,60.3,IZQUIERDO SALCEDO JOSE MIGUEL,,ATE,AV HUAROCHIRI MZ U1 LT 44,-12.06068,-76.94194
07/02/2026,0752-CHORRILLOS,C1V-740,11602407,INVERSIONES NOR CHICKEN SAC,RKY MOLINA E,713,3025096154,62404,QUESO GOUDA SR 180GR BDT,0.9,39.34,IZQUIERDO SALCEDO JOSE MIGUEL,,LA MOLINA,AV LA MOLINA MZA G LTE 2 URB SAN CESAR II ETAPA (ROKYS),-12.07269,-76.95582
07/02/2026,0752-CHORRILLOS,C1V-740,11602407,INVERSIONES NOR CHICKEN SAC,RKY MOLINA E,713,3025096154,62406,FRANKFURTER COCT 250GR BDT,2.5,76.9,IZQUIERDO SALCEDO JOSE MIGUEL,,LA MOLINA,AV LA MOLINA MZA G LTE 2 URB SAN CESAR II ETAPA (ROKYS),-12.07269,-76.95582
07/02/2026,0752-CHORRILLOS,C1V-740,11602407,INVERSIONES NOR CHICKEN SAC,RKY MOLINA E,713,3025096154,62408,JAMON PIZZA PQ 100GR 6LJ OK,1,19.5,IZQUIERDO SALCEDO JOSE MIGUEL,,LA MOLINA,AV LA MOLINA MZA G LTE 2 URB SAN CESAR II ETAPA (ROKYS),-12.07269,-76.95582
07/02/2026,0752-CHORRILLOS,C1V-740,11602407,INVERSIONES NOR CHICKEN SAC,RKY MOLINA E,713,3025096154,62410,MOZZARELLA 4KG AP MILKUNZ,4,117.96,IZQUIERDO SALCEDO JOSE MIGUEL,,LA MOLINA,AV LA MOLINA MZA G LTE 2 URB SAN CESAR II ETAPA (ROKYS),-12.07269,-76.95582
07/02/2026,0752-CHORRILLOS,C1V-740,11602407,INVERSIONES NOR CHICKEN SAC,RKY MOLINA E,713,3025096154,62412,FUNDIDO SABOR CHEDDAR 2.27KG MILKUNZ,2.27,69.79,IZQUIERDO SALCEDO JOSE MIGUEL,,LA MOLINA,AV LA MOLINA MZA G LTE 2 URB SAN CESAR II ETAPA (ROKYS),-12.07269,-76.95582
07/02/2026,0752-CHORRILLOS,C1V-740,11602407,INVERSIONES NOR CHICKEN SAC,RKY MOLINA E,713,3025096154,62414,FRANK AHUM CUL 15CM PQ 20UN 1KG OK,7,138.04,IZQUIERDO SALCEDO JOSE MIGUEL,,LA MOLINA,AV LA MOLINA MZA G LTE 2 URB SAN CESAR II ETAPA (ROKYS),-12.07269,-76.95582
07/02/2026,0752-CHORRILLOS,C1V-740,11744641,INVERSIONES SERGA SAC,,71A,3025075429,60474,MANTEQUILLA SIN SAL 1KG AP SIGMA FS,1,39.5,IZQUIERDO SALCEDO JOSE MIGUEL,,LA MOLINA,AV LA UNIVERSIDAD 2448 SOTANO 1 TDA,-12.07541,-76.93616
07/02/2026,0752-CHORRILLOS,C1V-740,11744641,INVERSIONES SERGA SAC,,71A,3025075429,60476,HAMBURG DE RES PQ 4UN 150GR OK,0.6,14.22,IZQUIERDO SALCEDO JOSE MIGUEL,,LA MOLINA,AV LA UNIVERSIDAD 2448 SOTANO 1 TDA,-12.07541,-76.93616
07/02/2026,0752-CHORRILLOS,C1V-740,11744641,INVERSIONES SERGA SAC,,71A,3025075429,60478,JAMON YORK PZ 3.5KG OK,3.5,180.1,IZQUIERDO SALCEDO JOSE MIGUEL,,LA MOLINA,AV LA UNIVERSIDAD 2448 SOTANO 1 TDA,-12.07541,-76.93616
07/02/2026,0752-CHORRILLOS,C1V-740,11720503,JIMMY'S PRODUCCIONES EIRL,,719,3025078830,60958,HOT DOG 3.1KG AP BDT,15.5,261.18,IZQUIERDO SALCEDO JOSE MIGUEL,,ATE,PRO BOULEVARD 1052,-12.06438,-76.96857
07/02/2026,0752-CHORRILLOS,C1V-740,11720503,JIMMY'S PRODUCCIONES EIRL,,719,3025078830,60960,FUNDIDO SABOR CHEDDAR 2.27KG MILKUNZ,11.35,357.5,IZQUIERDO SALCEDO JOSE MIGUEL,,ATE,PRO BOULEVARD 1052,-12.06438,-76.96857
07/02/2026,0752-CHORRILLOS,C1V-740,11684824,LA GRANJA DE LA ABUELA ELA SAC,LA GRANJA DE LA ABUELA,715,3025045675,58006,FRANKFURTER GASTRONOMIA 2KG BDT,4,71.2,IZQUIERDO SALCEDO JOSE MIGUEL,,ATE,AV CENTRAL 533 URB VITARTE CENTRAL,-12.02451,-76.91766
07/02/2026,0752-CHORRILLOS,C1V-740,11684824,LA GRANJA DE LA ABUELA ELA SAC,LA GRANJA DE LA ABUELA,715,3025045675,58008,MORCILLA CRIOLLA 2001 CONG PQT20U 2KG BF,2,45,IZQUIERDO SALCEDO JOSE MIGUEL,,ATE,AV CENTRAL 533 URB VITARTE CENTRAL,-12.02451,-76.91766
07/02/2026,0752-CHORRILLOS,C1V-740,11601131,NEWREST PERU SAC,METSOLIMA E,714,3024960183,57398,PCH POL SH SP BR 2U CG CJ 15KG AP PERDIX,30,391.5,IZQUIERDO SALCEDO JOSE MIGUEL,,ATE,CA VULCANO 156 INT U URB OLIMPO,-12.0599,-76.95553
07/02/2026,0752-CHORRILLOS,C1V-740,11601131,NEWREST PERU SAC,METSOLIMA E,714,3024960183,57400,TOCINO CUL CG PQ 500GR 25LJ OK,1,25.15,IZQUIERDO SALCEDO JOSE MIGUEL,,ATE,CA VULCANO 156 INT U URB OLIMPO,-12.0599,-76.95553
07/02/2026,0752-CHORRILLOS,C1V-740,11601131,NEWREST PERU SAC,METSOLIMA E,714,3024960183,57402,JAMON DEL PAIS 2001 25LJ CG 500GR BF,2,33.2,IZQUIERDO SALCEDO JOSE MIGUEL,,ATE,CA VULCANO 156 INT U URB OLIMPO,-12.0599,-76.95553
07/02/2026,0752-CHORRILLOS,C1V-740,11601131,NEWREST PERU SAC,METSOLIMA E,714,3024960183,57404,MASA SALCH NORTE CUL CG PQ 600GR OK,2.4,30.28,IZQUIERDO SALCEDO JOSE MIGUEL,,ATE,CA VULCANO 156 INT U URB OLIMPO,-12.0599,-76.95553
07/02/2026,0752-CHORRILLOS,C1V-740,11601131,NEWREST PERU SAC,METSOLIMA E,714,3024960183,57406,MOLIDA ECO CG UN 1KG SEGO,12,144,IZQUIERDO SALCEDO JOSE MIGUEL,,ATE,CA VULCANO 156 INT U URB OLIMPO,-12.0599,-76.95553
07/02/2026,0752-CHORRILLOS,C1V-740,11601131,NEWREST PERU SAC,METSOLIMA E,714,3024960183,57408,JAMON LONCHERA CG PQ 0.5KG SEGO,2,23.16,IZQUIERDO SALCEDO JOSE MIGUEL,,ATE,CA VULCANO 156 INT U URB OLIMPO,-12.0599,-76.95553
07/02/2026,0752-CHORRILLOS,C1V-740,11601131,NEWREST PERU SAC,METSOLIMA E,714,3025086212,61808,CHORIZO PREC NAT CG PQ 2KG SEGO,4,53.01,IZQUIERDO SALCEDO JOSE MIGUEL,,ATE,CA VULCANO 156 INT U URB OLIMPO,-12.0599,-76.95553
07/02/2026,0752-CHORRILLOS,C1V-740,11603553,OPERADOR NACIONAL DE HOTELES D,OPERADOR E,739,3025042990,57970,BONDIOLA SH SP BR CG PZA 1.4 A 2.2 KG MT,324,6036.12,IZQUIERDO SALCEDO JOSE MIGUEL,,ATE,AV GRANJA AZUL 591 592 599,-12.03556,-76.88071
07/02/2026,0752-CHORRILLOS,C1V-740,11603553,OPERADOR NACIONAL DE HOTELES D,OPERADOR E,739,3025084393,61598,JAMON DEL PAIS 500GR BDT,27.5,1350.11,IZQUIERDO SALCEDO JOSE MIGUEL,,ATE,AV GRANJA AZUL 591 592 599,-12.03556,-76.88071
07/02/2026,0752-CHORRILLOS,C1V-740,11603553,OPERADOR NACIONAL DE HOTELES D,OPERADOR E,739,3025084393,61600,HOT DOG POLLO 500GR BDT,54,648,IZQUIERDO SALCEDO JOSE MIGUEL,,ATE,AV GRANJA AZUL 591 592 599,-12.03556,-76.88071
07/02/2026,0752-CHORRILLOS,C1V-740,11603553,OPERADOR NACIONAL DE HOTELES D,OPERADOR E,739,3025084393,61602,MANTEQUILLA SIN SAL 1KG AP SIGMA FS,47,1659.86,IZQUIERDO SALCEDO JOSE MIGUEL,,ATE,AV GRANJA AZUL 591 592 599,-12.03556,-76.88071
07/02/2026,0752-CHORRILLOS,C1V-740,11603553,OPERADOR NACIONAL DE HOTELES D,OPERADOR E,739,3025084393,61604,QUESO EDAM REB 500GR SIGMA FS,90,2565.01,IZQUIERDO SALCEDO JOSE MIGUEL,,ATE,AV GRANJA AZUL 591 592 599,-12.03556,-76.88071
07/02/2026,0752-CHORRILLOS,C1V-740,11603553,OPERADOR NACIONAL DE HOTELES D,OPERADOR E,739,3025084393,61606,JAMON PAVITA 200GR BDT BALANCE,24,717.03,IZQUIERDO SALCEDO JOSE MIGUEL,,ATE,AV GRANJA AZUL 591 592 599,-12.03556,-76.88071
07/02/2026,0752-CHORRILLOS,C1V-740,11603553,OPERADOR NACIONAL DE HOTELES D,OPERADOR E,739,3025084393,61608,JAMON AMERICANO PQ 0.5KG SEGO,90,1657.8,IZQUIERDO SALCEDO JOSE MIGUEL,,ATE,AV GRANJA AZUL 591 592 599,-12.03556,-76.88071
07/02/2026,0752-CHORRILLOS,C1V-740,11605874,INVERSIONES PAACCOM SAC,,629,3025103218,62900,CABANOSSI 25G BDT,0.03,1.6,IZQUIERDO SALCEDO JOSE MIGUEL,,SANTIAGO DE SURCO,JR LAS TRES MARIAS 185 URB LOS GRAN,-12.0912,-76.9728
07/02/2026,0752-CHORRILLOS,C1V-740,11605874,INVERSIONES PAACCOM SAC,,629,3025103218,62902,PATE 100GR BDT,0.3,7.24,IZQUIERDO SALCEDO JOSE MIGUEL,,SANTIAGO DE SURCO,JR LAS TRES MARIAS 185 URB LOS GRAN,-12.0912,-76.9728
07/02/2026,0752-CHORRILLOS,C1V-740,11605874,INVERSIONES PAACCOM SAC,,629,3025103218,62904,QUESO EDAM SR 180GR BDT,1.08,51.41,IZQUIERDO SALCEDO JOSE MIGUEL,,SANTIAGO DE SURCO,JR LAS TRES MARIAS 185 URB LOS GRAN,-12.0912,-76.9728
07/02/2026,0752-CHORRILLOS,C1V-740,11605874,INVERSIONES PAACCOM SAC,,629,3025103218,62906,QUESO GOUDA SR 180GR BDT,0.54,26.41,IZQUIERDO SALCEDO JOSE MIGUEL,,SANTIAGO DE SURCO,JR LAS TRES MARIAS 185 URB LOS GRAN,-12.0912,-76.9728
07/02/2026,0752-CHORRILLOS,C1V-740,11605874,INVERSIONES PAACCOM SAC,,629,3025103218,62908,JAMON PAVITA 200GR BDT BALANCE,0.4,16.65,IZQUIERDO SALCEDO JOSE MIGUEL,,SANTIAGO DE SURCO,JR LAS TRES MARIAS 185 URB LOS GRAN,-12.0912,-76.9728
07/02/2026,0752-CHORRILLOS,C1V-740,11605874,INVERSIONES PAACCOM SAC,,629,3025103218,62910,CHORIZO PARRI PREC 2U 140GR BDT,0.42,8.53,IZQUIERDO SALCEDO JOSE MIGUEL,,SANTIAGO DE SURCO,JR LAS TRES MARIAS 185 URB LOS GRAN,-12.0912,-76.9728
07/02/2026,0752-CHORRILLOS,C1V-740,11598196,FRANQUICIAS ALIMENTARIAS SA,FRIDAYS JOCKEY E,713,3024978927,57442,MTO HAMBURG ESP RES CJ 36UN 200GR OK,28.8,548.92,IZQUIERDO SALCEDO JOSE MIGUEL,,SANTIAGO DE SURCO,AV JAVIER PRADO ESTE 4200,-12.08548,-76.97578
07/02/2026,0752-CHORRILLOS,C1V-740,11727474,NESSUS HOTELES PERU SA,CASA ANDINA,739,3025079229,61018,JAMON DE PAVO PZ 5KG OK,5,165,IZQUIERDO SALCEDO JOSE MIGUEL,,SANTIAGO DE SURCO,AV CERROS DE CAMACHO 500  FTE GOLF,-12.08848,-76.96281
07/02/2026,0752-CHORRILLOS,C2H-866,11636876,GARCIA DIAZ DENISSE EDELINA,,579,3025080442,61170,CHORIZO PARRI PREC 2U 140GR BDT,1.96,37.01,SILVA PANANA JUAN PABLO,,BARRANCO,JR ENRIQUE BARRON 490,-12.13773,-77.01919
07/02/2026,0752-CHORRILLOS,C2H-866,11597214,FLOR DAVILA DE CHAVEZ,,579,3025082744,61378,QUESO CREMA PHILADELP BRICK 180GR KRAFT,0.36,20.2,SILVA PANANA JUAN PABLO,,BARRANCO,CA SOLDADO CABADA 100,-12.13699,-77.02047
07/02/2026,0752-CHORRILLOS,C2H-866,11597214,FLOR DAVILA DE CHAVEZ,,579,3025082744,61380,PACK J PIZZA Y EDAM 340GR OK,0.68,22.11,SILVA PANANA JUAN PABLO,,BARRANCO,CA SOLDADO CABADA 100,-12.13699,-77.02047
07/02/2026,0752-CHORRILLOS,C2H-866,11597214,FLOR DAVILA DE CHAVEZ,,579,3025082744,61382,QUESO FUNDIDO SABOR CHEDDAR 170GR BDT,0.17,0,SILVA PANANA JUAN PABLO,,BARRANCO,CA SOLDADO CABADA 100,-12.13699,-77.02047
07/02/2026,0752-CHORRILLOS,C2H-866,11597214,FLOR DAVILA DE CHAVEZ,,579,3025082744,61384,VIENESA 12CM PQ 5UN 175GR OK,1.4,30.17,SILVA PANANA JUAN PABLO,,BARRANCO,CA SOLDADO CABADA 100,-12.13699,-77.02047
07/02/2026,0752-CHORRILLOS,C2H-866,11599035,PATRICIA MARLENE QUINTANILLA S,,579,3025074285,60282,SALCH VIENESA ESP PQ 10UN 500GR OK,0.5,10.39,SILVA PANANA JUAN PABLO,,BARRANCO,AV REPUBLICA DE PANAMA 263,-12.13947,-77.01798
07/02/2026,0752-CHORRILLOS,C2H-866,11599035,PATRICIA MARLENE QUINTANILLA S,,579,3025074285,60284,CHORIZO PARRILLERO PQ 4UN 400GR OK,0.4,14.36,SILVA PANANA JUAN PABLO,,BARRANCO,AV REPUBLICA DE PANAMA 263,-12.13947,-77.01798
07/02/2026,0752-CHORRILLOS,C2H-866,11599035,PATRICIA MARLENE QUINTANILLA S,,579,3025074285,60286,CHICHARRON DE PRENSA PQ 100GR 7LJ OK,0.2,6.19,SILVA PANANA JUAN PABLO,,BARRANCO,AV REPUBLICA DE PANAMA 263,-12.13947,-77.01798
07/02/2026,0752-CHORRILLOS,C2H-866,11599035,PATRICIA MARLENE QUINTANILLA S,,579,3025074285,60288,CARNE MOLIDA ESTANDAR 1.0 KG SEGO,1,14.4,SILVA PANANA JUAN PABLO,,BARRANCO,AV REPUBLICA DE PANAMA 263,-12.13947,-77.01798
07/02/2026,0752-CHORRILLOS,C2H-866,11690632,STORITO EIRL,,579,3025082715,61368,CABANOSSI 25G BDT,0.33,20.81,SILVA PANANA JUAN PABLO,,BARRANCO,AV NICOLAS DE PIÉROLA NRO 287,-12.14153,-77.01946
07/02/2026,0752-CHORRILLOS,C2H-866,11690632,STORITO EIRL,,579,3025082715,61370,TOCINO AHUMADO 80GR BDT,0.24,12.39,SILVA PANANA JUAN PABLO,,BARRANCO,AV NICOLAS DE PIÉROLA NRO 287,-12.14153,-77.01946
07/02/2026,0752-CHORRILLOS,C2H-866,11690632,STORITO EIRL,,579,3025082715,61372,PACK J PIZZA Y EDAM 340GR OK,1.02,33.17,SILVA PANANA JUAN PABLO,,BARRANCO,AV NICOLAS DE PIÉROLA NRO 287,-12.14153,-77.01946
07/02/2026,0752-CHORRILLOS,C2H-866,11690632,STORITO EIRL,,579,3025082715,61374,VIENESA 12CM PQ 5UN 175GR OK,0.53,11.31,SILVA PANANA JUAN PABLO,,BARRANCO,AV NICOLAS DE PIÉROLA NRO 287,-12.14153,-77.01946
07/02/2026,0752-CHORRILLOS,C2H-866,11690632,STORITO EIRL,,579,3025082715,61376,CHORIZO PARRI PREC 2U 140GR BDT,0.42,8.53,SILVA PANANA JUAN PABLO,,BARRANCO,AV NICOLAS DE PIÉROLA NRO 287,-12.14153,-77.01946
07/02/2026,0752-CHORRILLOS,C2H-866,11755211,INVERSIONES INDEPENDENCIA SAC,RODIZIO BARRANCO,713,3025079186,61000,FRANK AHUM CUL 15CM PQ 20UN 1KG OK,2,39.44,SILVA PANANA JUAN PABLO,,BARRANCO,AV REPUBLICA DE PANAMA 210 URB TEJA,-12.14041,-77.01759
07/02/2026,0752-CHORRILLOS,C2H-866,11730746,OSORIO LAYZA ROBERT BERNARDO,,579,3025036798,57900,CABANOSSI 25G BDT,0.3,19.21,SILVA PANANA JUAN PABLO,,BARRANCO,AV REPUBLICA DE PANAMA 384  FTE EST,-12.13771,-77.01767
07/02/2026,0752-CHORRILLOS,C2H-866,11730746,OSORIO LAYZA ROBERT BERNARDO,,579,3025036798,57902,SALCHICHA HUACHO 150GR BDT,0.45,11.95,SILVA PANANA JUAN PABLO,,BARRANCO,AV REPUBLICA DE PANAMA 384  FTE EST,-12.13771,-77.01767
07/02/2026,0752-CHORRILLOS,C2H-866,11730746,OSORIO LAYZA ROBERT BERNARDO,,579,3025036798,57904,QUESO CREMA PHILADELP BRICK 180GR KRAFT,0.36,20.2,SILVA PANANA JUAN PABLO,,BARRANCO,AV REPUBLICA DE PANAMA 384  FTE EST,-12.13771,-77.01767
07/02/2026,0752-CHORRILLOS,C2H-866,11730746,OSORIO LAYZA ROBERT BERNARDO,,579,3025036798,57906,PACK SUPER CHORIZO PREC80GX6PZA SEGO,0.48,6.76,SILVA PANANA JUAN PABLO,,BARRANCO,AV REPUBLICA DE PANAMA 384  FTE EST,-12.13771,-77.01767
07/02/2026,0752-CHORRILLOS,C2H-866,11730746,OSORIO LAYZA ROBERT BERNARDO,,579,3025036798,57908,JAMONADA ESPECIAL PQ 100GR 8LJ OK,0.3,8.71,SILVA PANANA JUAN PABLO,,BARRANCO,AV REPUBLICA DE PANAMA 384  FTE EST,-12.13771,-77.01767
07/02/2026,0752-CHORRILLOS,C2H-866,11730746,OSORIO LAYZA ROBERT BERNARDO,,579,3025036798,57910,CHICHARRON DE PRENSA PQ 100GR 7LJ OK,0.3,9.29,SILVA PANANA JUAN PABLO,,BARRANCO,AV REPUBLICA DE PANAMA 384  FTE EST,-12.13771,-77.01767
07/02/2026,0752-CHORRILLOS,C2H-866,11730746,OSORIO LAYZA ROBERT BERNARDO,,579,3025036798,57912,CHORIZO PARRI PREC 2U 140GR BDT,0.42,8.53,SILVA PANANA JUAN PABLO,,BARRANCO,AV REPUBLICA DE PANAMA 384  FTE EST,-12.13771,-77.01767
07/02/2026,0752-CHORRILLOS,C2H-866,11711618,EUVA PERU SAC,,579,3025078271,60930,TOCINO AHUM CP MED PZ 2KG AP SEGO,4,137.43,SILVA PANANA JUAN PABLO,,BARRANCO,AV EL SOL NRO 301,-12.13929,-77.02064
07/02/2026,0752-CHORRILLOS,C2H-866,11616089,HUAMBOS ORBEGOZO JANET MARLENE,,579,3025085513,61720,QUESO CREMA PHILADELP BRICK 180GR KRAFT,2.16,105.44,SILVA PANANA JUAN PABLO,,BARRANCO,MCDO SAN MARTIN PTO 12,-12.13767,-77.02077
07/02/2026,0752-CHORRILLOS,C2H-866,11616089,HUAMBOS ORBEGOZO JANET MARLENE,,579,3025085513,61722,TOCINO AHUMADO 100GR SEGO,0.8,38.08,SILVA PANANA JUAN PABLO,,BARRANCO,MCDO SAN MARTIN PTO 12,-12.13767,-77.02077
07/02/2026,0752-CHORRILLOS,C2H-866,11604982,BODEGA BAZAR SARITA COLONIA,,579,3025066158,59356,JAMON PIZZERO 500GR BDT,2.5,61.9,SILVA PANANA JUAN PABLO,,BARRANCO,JR TACNA 535,-12.13968,-77.02465
07/02/2026,0752-CHORRILLOS,C2H-866,11604982,BODEGA BAZAR SARITA COLONIA,,579,3025066158,59358,QUESO EDAM REB 500GR SIGMA FS,2.5,101.34,SILVA PANANA JUAN PABLO,,BARRANCO,JR TACNA 535,-12.13968,-77.02465
07/02/2026,0752-CHORRILLOS,C2H-866,11604982,BODEGA BAZAR SARITA COLONIA,,579,3025066158,59360,JAMON PIZZA PQ 100GR 6LJ OK,0.7,20.2,SILVA PANANA JUAN PABLO,,BARRANCO,JR TACNA 535,-12.13968,-77.02465
07/02/2026,0752-CHORRILLOS,C2H-866,11604982,BODEGA BAZAR SARITA COLONIA,,579,3025066158,59362,TOCINO AHUMADO 100GR OK,0.8,48.14,SILVA PANANA JUAN PABLO,,BARRANCO,JR TACNA 535,-12.13968,-77.02465
07/02/2026,0752-CHORRILLOS,C2H-866,11604982,BODEGA BAZAR SARITA COLONIA,,579,3025066158,59364,QUESO PARIA CU?A 250GR AP QKALAS,0.5,13.56,SILVA PANANA JUAN PABLO,,BARRANCO,JR TACNA 535,-12.13968,-77.02465
07/02/2026,0752-CHORRILLOS,C2H-866,11604982,BODEGA BAZAR SARITA COLONIA,,579,3025066158,59366,QUESO ANDINO CU?A 250GR AP QKALAS,0.5,14.24,SILVA PANANA JUAN PABLO,,BARRANCO,JR TACNA 535,-12.13968,-77.02465
07/02/2026,0752-CHORRILLOS,C2H-866,11604982,BODEGA BAZAR SARITA COLONIA,,579,3025066158,59368,QUESO PARMESANO CU?A 0.15KG AP QKALAS,0.3,10.18,SILVA PANANA JUAN PABLO,,BARRANCO,JR TACNA 535,-12.13968,-77.02465
07/02/2026,0752-CHORRILLOS,C2H-866,11603112,GRUPO ENTRETENEDORES SAC,CENTENARIO E,720,3024995152,57532,JAMON INGLES ARTESANAL SR 200GR BDT,8,344.38,SILVA PANANA JUAN PABLO,,BARRANCO,CENTENARIO C/ SAN MARTIN 480 (REF ESPAL ESTUDIO 4),-12.14137,-77.02326
07/02/2026,0752-CHORRILLOS,C2H-866,11739552,INTRO BARRANCO SAC,,720,3025100330,62824,MANTEQUILLA SIN SAL 1KG AP SIGMA FS,5,211.74,SILVA PANANA JUAN PABLO,,BARRANCO,AV SAN MARTIN 451,-12.14169,-77.02343
07/02/2026,0752-CHORRILLOS,C2H-866,11714218,CCM HOTEL GROUP SAC,HOTEL CASA REPUBLICA,739,3025075485,60514,JAMON PIZZERO 500GR BDT,2,36.13,SILVA PANANA JUAN PABLO,,BARRANCO,AV SAENZ PEÑA 208 URB CONFRATERNID,-12.14305,-77.02386
07/02/2026,0752-CHORRILLOS,C2H-866,11714218,CCM HOTEL GROUP SAC,HOTEL CASA REPUBLICA,739,3025075485,60516,JAMON DEL PAIS 500GR BDT,0.5,32.73,SILVA PANANA JUAN PABLO,,BARRANCO,AV SAENZ PEÑA 208 URB CONFRATERNID,-12.14305,-77.02386
07/02/2026,0752-CHORRILLOS,C2H-866,11714218,CCM HOTEL GROUP SAC,HOTEL CASA REPUBLICA,739,3025075485,60518,SALCHICHA HUACHO 150GR BDT,2.25,64.2,SILVA PANANA JUAN PABLO,,BARRANCO,AV SAENZ PEÑA 208 URB CONFRATERNID,-12.14305,-77.02386
07/02/2026,0752-CHORRILLOS,C2H-866,11714218,CCM HOTEL GROUP SAC,HOTEL CASA REPUBLICA,739,3025075485,60520,JAMON PIERNA SR 200GR BDT,1.4,74.97,SILVA PANANA JUAN PABLO,,BARRANCO,AV SAENZ PEÑA 208 URB CONFRATERNID,-12.14305,-77.02386
07/02/2026,0752-CHORRILLOS,C2H-866,11714218,CCM HOTEL GROUP SAC,HOTEL CASA REPUBLICA,739,3025075485,60522,CHORIZO FINAS HIERBAS 400GR BDT,2,86.2,SILVA PANANA JUAN PABLO,,BARRANCO,AV SAENZ PEÑA 208 URB CONFRATERNID,-12.14305,-77.02386
07/02/2026,0752-CHORRILLOS,C2H-866,11714218,CCM HOTEL GROUP SAC,HOTEL CASA REPUBLICA,739,3025075485,60524,JAMON INGLES ARTESANAL SR 200GR BDT,1.4,99.96,SILVA PANANA JUAN PABLO,,BARRANCO,AV SAENZ PEÑA 208 URB CONFRATERNID,-12.14305,-77.02386
07/02/2026,0752-CHORRILLOS,C2H-866,11714218,CCM HOTEL GROUP SAC,HOTEL CASA REPUBLICA,739,3025075485,60526,FRANKFURTER COCT 250GR BDT,0.75,29.22,SILVA PANANA JUAN PABLO,,BARRANCO,AV SAENZ PEÑA 208 URB CONFRATERNID,-12.14305,-77.02386
07/02/2026,0752-CHORRILLOS,C2H-866,11655705,NAZARIO ROJO CARLOS MANUEL,,579,3025094521,62248,CABANOSSI 25G BDT,0.3,19.21,SILVA PANANA JUAN PABLO,,BARRANCO,AV ALMIRANTE GRAU  926,-12.14235,-77.02201
07/02/2026,0752-CHORRILLOS,C2H-866,11655705,NAZARIO ROJO CARLOS MANUEL,,579,3025094521,62250,CHORIZO PARRI PREC 500GR BDT,0.5,14.19,SILVA PANANA JUAN PABLO,,BARRANCO,AV ALMIRANTE GRAU  926,-12.14235,-77.02201
07/02/2026,0752-CHORRILLOS,C2H-866,11655705,NAZARIO ROJO CARLOS MANUEL,,579,3025094521,62252,MANTEQUILLA CON SAL 1KG AP SIGMA FS,1,38.98,SILVA PANANA JUAN PABLO,,BARRANCO,AV ALMIRANTE GRAU  926,-12.14235,-77.02201
07/02/2026,0752-CHORRILLOS,C2H-866,11655705,NAZARIO ROJO CARLOS MANUEL,,579,3025094521,62254,QUESO GOUDA 90GR BDT,0.18,8.12,SILVA PANANA JUAN PABLO,,BARRANCO,AV ALMIRANTE GRAU  926,-12.14235,-77.02201
07/02/2026,0752-CHORRILLOS,C2H-866,11655705,NAZARIO ROJO CARLOS MANUEL,,579,3025094521,62256,PACK JAMON Y QUESO 370GR BDT,0.74,22.39,SILVA PANANA JUAN PABLO,,BARRANCO,AV ALMIRANTE GRAU  926,-12.14235,-77.02201
07/02/2026,0752-CHORRILLOS,C2H-866,11655705,NAZARIO ROJO CARLOS MANUEL,,579,3025094521,62258,HOT DOG TRADICIONAL 200GR BDT,0.2,3.11,SILVA PANANA JUAN PABLO,,BARRANCO,AV ALMIRANTE GRAU  926,-12.14235,-77.02201
07/02/2026,0752-CHORRILLOS,C2H-866,11655705,NAZARIO ROJO CARLOS MANUEL,,579,3025094521,62260,JAMON PIZZA PQ 100GR 6LJ OK,0.3,8.66,SILVA PANANA JUAN PABLO,,BARRANCO,AV ALMIRANTE GRAU  926,-12.14235,-77.02201
07/02/2026,0752-CHORRILLOS,C2H-866,11655705,NAZARIO ROJO CARLOS MANUEL,,579,3025094521,62262,VIENESA 12CM PQ 5UN 175GR OK,0.53,11.31,SILVA PANANA JUAN PABLO,,BARRANCO,AV ALMIRANTE GRAU  926,-12.14235,-77.02201
07/02/2026,0752-CHORRILLOS,C2H-866,11655705,NAZARIO ROJO CARLOS MANUEL,,579,3025094521,62264,CHICHARRON DE PRENSA PQ 100GR 7LJ OK,0.2,6.19,SILVA PANANA JUAN PABLO,,BARRANCO,AV ALMIRANTE GRAU  926,-12.14235,-77.02201
07/02/2026,0752-CHORRILLOS,C2H-866,11655705,NAZARIO ROJO CARLOS MANUEL,,579,3025094521,62266,TOCINO AHUMADO 100GR OK,0.4,24.07,SILVA PANANA JUAN PABLO,,BARRANCO,AV ALMIRANTE GRAU  926,-12.14235,-77.02201
07/02/2026,0752-CHORRILLOS,C2H-866,11655705,NAZARIO ROJO CARLOS MANUEL,,579,3025094521,62268,RELLENO UN 0.5KG SEGO,0.5,6.69,SILVA PANANA JUAN PABLO,,BARRANCO,AV ALMIRANTE GRAU  926,-12.14235,-77.02201
07/02/2026,0752-CHORRILLOS,C2H-866,11655705,NAZARIO ROJO CARLOS MANUEL,,579,3025094521,62270,QUESO PARIA CU?A 250GR AP QKALAS,0.25,8.48,SILVA PANANA JUAN PABLO,,BARRANCO,AV ALMIRANTE GRAU  926,-12.14235,-77.02201
07/02/2026,0752-CHORRILLOS,C2H-866,11605807,PECEROS VARGAS DANY JOEL,,579,3024974959,57420,QUESO FUNDIDO SABOR CHEDDAR 170GR BDT,0.17,0,SILVA PANANA JUAN PABLO,,BARRANCO,AV ALMIRANTE MIGUEL GRAU 996,-12.14131,-77.02207
07/02/2026,0752-CHORRILLOS,C2H-866,11605807,PECEROS VARGAS DANY JOEL,,579,3024974959,57422,JAMON PIZZA PQ 100GR 6LJ OK,0.6,17.32,SILVA PANANA JUAN PABLO,,BARRANCO,AV ALMIRANTE MIGUEL GRAU 996,-12.14131,-77.02207
07/02/2026,0752-CHORRILLOS,C2H-866,11605807,PECEROS VARGAS DANY JOEL,,579,3024974959,57424,VIENESA 12CM PQ 5UN 175GR OK,1.23,26.4,SILVA PANANA JUAN PABLO,,BARRANCO,AV ALMIRANTE MIGUEL GRAU 996,-12.14131,-77.02207
07/02/2026,0752-CHORRILLOS,C2H-866,11605807,PECEROS VARGAS DANY JOEL,,579,3024974959,57426,CHORIZO PARRI PREC 2U 140GR BDT,0.84,17.06,SILVA PANANA JUAN PABLO,,BARRANCO,AV ALMIRANTE MIGUEL GRAU 996,-12.14131,-77.02207
07/02/2026,0752-CHORRILLOS,C2H-866,11604664,VILMA PALOMINO QUISPE,,579,3025026261,57778,SALCHICHA DEL NORTE PQ 3UN 250GR OK,0.25,7.9,SILVA PANANA JUAN PABLO,,BARRANCO,MCDO SAN MARTIN PTO 40,-12.13786,-77.02065
07/02/2026,0752-CHORRILLOS,C2H-866,11604664,VILMA PALOMINO QUISPE,,579,3025026261,57780,CHORIZO PARRI PREC 2U 140GR BDT,1.12,21.83,SILVA PANANA JUAN PABLO,,BARRANCO,MCDO SAN MARTIN PTO 40,-12.13786,-77.02065
07/02/2026,0752-CHORRILLOS,C2H-866,11604664,VILMA PALOMINO QUISPE,,579,3025026261,57782,QUESO PARIA CU?A 250GR AP QKALAS,0.5,13.56,SILVA PANANA JUAN PABLO,,BARRANCO,MCDO SAN MARTIN PTO 40,-12.13786,-77.02065
07/02/2026,0752-CHORRILLOS,C2H-866,11604664,VILMA PALOMINO QUISPE,,579,3025026261,57784,QUESO PARMESANO CU?A 0.15KG AP QKALAS,0.6,20.35,SILVA PANANA JUAN PABLO,,BARRANCO,MCDO SAN MARTIN PTO 40,-12.13786,-77.02065
07/02/2026,0752-CHORRILLOS,C2H-866,11755677,QUISTERIO GUERRERO SARITA EDIT,,579,3025077751,60832,CABANOSSI AL VACIO 24U 600GR BDT,0.6,37.91,SILVA PANANA JUAN PABLO,,BARRANCO,AV ALMIRANTE MIGUEL GRAU 1460,-12.13723,-77.02241
07/02/2026,0752-CHORRILLOS,C2H-866,11755677,QUISTERIO GUERRERO SARITA EDIT,,579,3025077751,60834,QUESO EDAM SR 180GR BDT,0.72,34.27,SILVA PANANA JUAN PABLO,,BARRANCO,AV ALMIRANTE MIGUEL GRAU 1460,-12.13723,-77.02241
07/02/2026,0752-CHORRILLOS,C2H-866,11755677,QUISTERIO GUERRERO SARITA EDIT,,579,3025077751,60836,QUESO GOUDA SR 180GR BDT,0.72,35.21,SILVA PANANA JUAN PABLO,,BARRANCO,AV ALMIRANTE MIGUEL GRAU 1460,-12.13723,-77.02241
07/02/2026,0752-CHORRILLOS,C2H-866,11755677,QUISTERIO GUERRERO SARITA EDIT,,579,3025077751,60838,QUESO MOZZARELLA SR 180G BDT,0.72,35.21,SILVA PANANA JUAN PABLO,,BARRANCO,AV ALMIRANTE MIGUEL GRAU 1460,-12.13723,-77.02241
07/02/2026,0752-CHORRILLOS,C2H-866,11755677,QUISTERIO GUERRERO SARITA EDIT,,579,3025077751,60840,PACK JAMON Y QUESO 370GR BDT,1.11,33.59,SILVA PANANA JUAN PABLO,,BARRANCO,AV ALMIRANTE MIGUEL GRAU 1460,-12.13723,-77.02241
07/02/2026,0752-CHORRILLOS,C2H-866,11755677,QUISTERIO GUERRERO SARITA EDIT,,579,3025077751,60842,CHORIZO FINAS HIERBAS 400GR BDT,1.2,39.69,SILVA PANANA JUAN PABLO,,BARRANCO,AV ALMIRANTE MIGUEL GRAU 1460,-12.13723,-77.02241
07/02/2026,0752-CHORRILLOS,C2H-866,11755677,QUISTERIO GUERRERO SARITA EDIT,,579,3025077751,60844,PACK JAMONADA Y EDAM 180GR BDT,0.54,15.83,SILVA PANANA JUAN PABLO,,BARRANCO,AV ALMIRANTE MIGUEL GRAU 1460,-12.13723,-77.02241
07/02/2026,0752-CHORRILLOS,C2H-866,11755677,QUISTERIO GUERRERO SARITA EDIT,,579,3025077751,60846,JAMON PIZZA PQ 100GR 6LJ OK,0.5,14.43,SILVA PANANA JUAN PABLO,,BARRANCO,AV ALMIRANTE MIGUEL GRAU 1460,-12.13723,-77.02241
07/02/2026,0752-CHORRILLOS,C2H-866,11755677,QUISTERIO GUERRERO SARITA EDIT,,579,3025077751,60848,VIENESA 12CM PQ 5UN 175GR OK,0.53,11.31,SILVA PANANA JUAN PABLO,,BARRANCO,AV ALMIRANTE MIGUEL GRAU 1460,-12.13723,-77.02241
07/02/2026,0752-CHORRILLOS,C2H-866,6350128,ASOCIACION DEPORTIVA LIMA MARI,ASOC DEP LIMA MARINA,708,3025087578,61916,QUESO CREMA  1.9KG PHILADELPHIA,1.9,80.75,SILVA PANANA JUAN PABLO,,BARRANCO,AV COSTA VERDE SN,-12.15473,-77.02565
07/02/2026,0752-CHORRILLOS,C2H-866,11742819,DON BAJADON EIRL,DON BAJADON,71A,3025064745,59022,FRANKFURTER GASTRONOMIA 2KG BDT,8,140,SILVA PANANA JUAN PABLO,,BARRANCO,AV GRAU 1002,-12.14103,-77.02198
07/02/2026,0752-CHORRILLOS,C2H-866,11690075,EL OTRO RINCON SAC,EL RINCON DE SIEMPRE,711,3025086442,61840,PECH POLLO SH SP BR 6U CG CJ 12KG PERDIX,36,592.5,SILVA PANANA JUAN PABLO,,BARRANCO,AV NICOLAS DE PIEROLA 215 URB,-12.14135,-77.02034
07/02/2026,0752-CHORRILLOS,C2H-866,11690075,EL OTRO RINCON SAC,EL RINCON DE SIEMPRE,711,3025086442,61842,BIFE ANGOSTO H/CHO AG USA CG 5KG AP SCE,5.36,509.2,SILVA PANANA JUAN PABLO,,BARRANCO,AV NICOLAS DE PIEROLA 215 URB,-12.14135,-77.02034
07/02/2026,0752-CHORRILLOS,C2H-866,11601401,PASTOR ABANTO OSCAR WILLY,,579,3025078167,60884,TOCINO AHUMADO 80GR BDT,0.48,24.77,SILVA PANANA JUAN PABLO,,BARRANCO,AV DEL SOL 566,-12.13946,-77.01908
07/02/2026,0752-CHORRILLOS,C2H-866,11601401,PASTOR ABANTO OSCAR WILLY,,579,3025078167,60886,QUESO MOZZARELLA 90GR BDT,0.18,8.12,SILVA PANANA JUAN PABLO,,BARRANCO,AV DEL SOL 566,-12.13946,-77.01908
07/02/2026,0752-CHORRILLOS,C2H-866,11601401,PASTOR ABANTO OSCAR WILLY,,579,3025078167,60888,BOLA TIPO MOZZARELLA X 200G BDT,0.6,20.39,SILVA PANANA JUAN PABLO,,BARRANCO,AV DEL SOL 566,-12.13946,-77.01908
07/02/2026,0752-CHORRILLOS,C2H-866,11601401,PASTOR ABANTO OSCAR WILLY,,579,3025078167,60890,QUESO FUNDIDO SABOR CHEDDAR 170GR BDT,0.34,11.02,SILVA PANANA JUAN PABLO,,BARRANCO,AV DEL SOL 566,-12.13946,-77.01908
07/02/2026,0752-CHORRILLOS,C2H-866,11601401,PASTOR ABANTO OSCAR WILLY,,579,3025078167,60892,SALCHICHA DEL NORTE PQ 3UN 250GR OK,0.25,7.9,SILVA PANANA JUAN PABLO,,BARRANCO,AV DEL SOL 566,-12.13946,-77.01908
07/02/2026,0752-CHORRILLOS,C2H-866,11601401,PASTOR ABANTO OSCAR WILLY,,579,3025078167,60894,CABANOSSI UN 25GR 0.026KG SEGO,0.16,8.99,SILVA PANANA JUAN PABLO,,BARRANCO,AV DEL SOL 566,-12.13946,-77.01908
07/02/2026,0752-CHORRILLOS,C2H-866,11674009,VARGAS VELASQUEZ GLADIS,,579,3025036779,57890,QUESO CREMA PHILADELP BRICK 180GR KRAFT,2.16,105.44,SILVA PANANA JUAN PABLO,,BARRANCO,JR LIMA 498,-12.14707,-77.01769
07/02/2026,0752-CHORRILLOS,C2H-866,11674009,VARGAS VELASQUEZ GLADIS,,579,3025036779,57892,PACK JAMONADA DE POLLO 80GX6PZA SEGO,0.48,5.75,SILVA PANANA JUAN PABLO,,BARRANCO,JR LIMA 498,-12.14707,-77.01769
07/02/2026,0752-CHORRILLOS,C2H-866,11674009,VARGAS VELASQUEZ GLADIS,,579,3025036779,57894,CHORIZO PARRI PREC 2U 140GR BDT,0.98,19.9,SILVA PANANA JUAN PABLO,,BARRANCO,JR LIMA 498,-12.14707,-77.01769
07/02/2026,0752-CHORRILLOS,C2H-866,11754728,OBISPO BORJA JUAN SIMEON,,579,3025061182,58672,PACK J PIZZA Y EDAM 340GR OK,1.36,44.22,SILVA PANANA JUAN PABLO,,BARRANCO,CA TALANA 392,-12.14533,-77.01656
07/02/2026,0752-CHORRILLOS,C2H-866,11754728,OBISPO BORJA JUAN SIMEON,,579,3025061182,58674,QUESO FUNDIDO SABOR CHEDDAR 170GR BDT,0.51,16.53,SILVA PANANA JUAN PABLO,,BARRANCO,CA TALANA 392,-12.14533,-77.01656
07/02/2026,0752-CHORRILLOS,C2H-866,11754728,OBISPO BORJA JUAN SIMEON,,579,3025061182,58676,PACK JAMONADA DE POLLO 80GX6PZA SEGO,0.96,10.92,SILVA PANANA JUAN PABLO,,BARRANCO,CA TALANA 392,-12.14533,-77.01656
07/02/2026,0752-CHORRILLOS,C2H-866,11754728,OBISPO BORJA JUAN SIMEON,,579,3025061182,58678,JAMONADA ESPECIAL PQ 100GR 8LJ OK,0.4,11.61,SILVA PANANA JUAN PABLO,,BARRANCO,CA TALANA 392,-12.14533,-77.01656
07/02/2026,0752-CHORRILLOS,C2H-866,11754728,OBISPO BORJA JUAN SIMEON,,579,3025061182,58680,CHORIZO PARRI PREC 2U 140GR BDT,1.12,21.83,SILVA PANANA JUAN PABLO,,BARRANCO,CA TALANA 392,-12.14533,-77.01656
07/02/2026,0752-CHORRILLOS,C2H-866,11674343,ZURITA NEIRA ALBERT SMIT,,579,3025084187,61566,CABANOSSI 25G BDT,0.3,19.21,SILVA PANANA JUAN PABLO,,BARRANCO,AV BOLOGNESI NRO 855,-12.14305,-77.01837
07/02/2026,0752-CHORRILLOS,C2H-866,11674343,ZURITA NEIRA ALBERT SMIT,,579,3025084187,61568,QUESO CREMA PHILADELP BRICK 180GR KRAFT,1.08,55.14,SILVA PANANA JUAN PABLO,,BARRANCO,AV BOLOGNESI NRO 855,-12.14305,-77.01837
07/02/2026,0752-CHORRILLOS,C2H-866,11674343,ZURITA NEIRA ALBERT SMIT,,579,3025084187,61570,PACK J PIZZA Y EDAM 340GR OK,2.72,80.48,SILVA PANANA JUAN PABLO,,BARRANCO,AV BOLOGNESI NRO 855,-12.14305,-77.01837
07/02/2026,0752-CHORRILLOS,C2H-866,11674343,ZURITA NEIRA ALBERT SMIT,,579,3025084187,61572,PACK JAMON Y QUESO 157 GR SEGO,0.47,15.85,SILVA PANANA JUAN PABLO,,BARRANCO,AV BOLOGNESI NRO 855,-12.14305,-77.01837
07/02/2026,0752-CHORRILLOS,C2H-866,11681225,JJM ALKI SAC,,579,3025070555,59878,JAMON PIZZERO 100GR BDT,0.2,5.29,SILVA PANANA JUAN PABLO,,BARRANCO,AV CRNL FRANCISCO BOLOGNESI 801,-12.14512,-77.01915
07/02/2026,0752-CHORRILLOS,C2H-866,11681225,JJM ALKI SAC,,579,3025070555,59880,TOCINO AHUMADO 80GR BDT,0.16,8.26,SILVA PANANA JUAN PABLO,,BARRANCO,AV CRNL FRANCISCO BOLOGNESI 801,-12.14512,-77.01915
07/02/2026,0752-CHORRILLOS,C2H-866,11681225,JJM ALKI SAC,,579,3025070555,59882,QUESO MOZZARELLA 90GR BDT,0.09,4.06,SILVA PANANA JUAN PABLO,,BARRANCO,AV CRNL FRANCISCO BOLOGNESI 801,-12.14512,-77.01915
07/02/2026,0752-CHORRILLOS,C2H-866,11681225,JJM ALKI SAC,,579,3025070555,59884,SALCHICHA HUACHO 150GR BDT,0.6,15.13,SILVA PANANA JUAN PABLO,,BARRANCO,AV CRNL FRANCISCO BOLOGNESI 801,-12.14512,-77.01915
07/02/2026,0752-CHORRILLOS,C2H-866,11681225,JJM ALKI SAC,,579,3025070555,59886,HOT DOG TRADICIONAL 200GR BDT,0.6,9.34,SILVA PANANA JUAN PABLO,,BARRANCO,AV CRNL FRANCISCO BOLOGNESI 801,-12.14512,-77.01915
07/02/2026,0752-CHORRILLOS,C2H-866,11681225,JJM ALKI SAC,,579,3025070555,59888,QUESO FUNDIDO SABOR CHEDDAR 170GR BDT,0.34,11.02,SILVA PANANA JUAN PABLO,,BARRANCO,AV CRNL FRANCISCO BOLOGNESI 801,-12.14512,-77.01915
07/02/2026,0752-CHORRILLOS,C2H-866,11681225,JJM ALKI SAC,,579,3025070555,59890,PHILADELPHIA ORIGINAL TUB 150GR KRAFT,0.3,16.12,SILVA PANANA JUAN PABLO,,BARRANCO,AV CRNL FRANCISCO BOLOGNESI 801,-12.14512,-77.01915
07/02/2026,0752-CHORRILLOS,C2H-866,11681225,JJM ALKI SAC,,579,3025070555,59892,JAMONADA ESP 100GR BDT,0.3,5.77,SILVA PANANA JUAN PABLO,,BARRANCO,AV CRNL FRANCISCO BOLOGNESI 801,-12.14512,-77.01915
07/02/2026,0752-CHORRILLOS,C2H-866,11681225,JJM ALKI SAC,,579,3025070555,59894,VIENESA 12CM PQ 5UN 175GR OK,0.53,11.31,SILVA PANANA JUAN PABLO,,BARRANCO,AV CRNL FRANCISCO BOLOGNESI 801,-12.14512,-77.01915
07/02/2026,0752-CHORRILLOS,C2H-866,11681225,JJM ALKI SAC,,579,3025070555,59896,CHORIZO PREC PQ 0.5KG SEGO,0.5,9.36,SILVA PANANA JUAN PABLO,,BARRANCO,AV CRNL FRANCISCO BOLOGNESI 801,-12.14512,-77.01915
07/02/2026,0752-CHORRILLOS,C2H-866,11681225,JJM ALKI SAC,,579,3025070555,59898,CHORIZO PARRI PREC 2U 140GR BDT,0.28,5.69,SILVA PANANA JUAN PABLO,,BARRANCO,AV CRNL FRANCISCO BOLOGNESI 801,-12.14512,-77.01915
07/02/2026,0752-CHORRILLOS,C2H-866,11681225,JJM ALKI SAC,,579,3025070555,59900,CHORIZO FINAS HIERBAS 0.5 KG SEGO,0.5,9.4,SILVA PANANA JUAN PABLO,,BARRANCO,AV CRNL FRANCISCO BOLOGNESI 801,-12.14512,-77.01915
07/02/2026,0752-CHORRILLOS,C2H-866,11681225,JJM ALKI SAC,,579,3025070555,59902,QUESO PARMESANO CU?A 0.15KG AP QKALAS,0.3,10.18,SILVA PANANA JUAN PABLO,,BARRANCO,AV CRNL FRANCISCO BOLOGNESI 801,-12.14512,-77.01915
07/02/2026,0752-CHORRILLOS,C2H-866,11752073,PEREZ HILARIO CELINDA,,579,3025068555,59636,CABANOSSI 25G BDT,0.18,11.21,SILVA PANANA JUAN PABLO,,BARRANCO,JR DAVALOS 330,-12.14574,-77.01773
07/02/2026,0752-CHORRILLOS,C2H-866,11752073,PEREZ HILARIO CELINDA,,579,3025068555,59638,QUESO GOUDA 90GR BDT,0.09,4.06,SILVA PANANA JUAN PABLO,,BARRANCO,JR DAVALOS 330,-12.14574,-77.01773
07/02/2026,0752-CHORRILLOS,C2H-866,11752073,PEREZ HILARIO CELINDA,,579,3025068555,59640,QUESO CREMA PHILADELP BRICK 180GR KRAFT,0.36,20.2,SILVA PANANA JUAN PABLO,,BARRANCO,JR DAVALOS 330,-12.14574,-77.01773
07/02/2026,0752-CHORRILLOS,C2H-866,11579770,VENTOCILLA CORDOBA ABEL MAGNO,,579,3025074938,60448,PATE 100GR BDT,0.6,14.47,SILVA PANANA JUAN PABLO,,SANTIAGO DE SURCO,AV LIMA 702 REF A 2 CDRAS PLAZA BU,-12.14494,-77.01632
07/02/2026,0752-CHORRILLOS,C2H-866,11579770,VENTOCILLA CORDOBA ABEL MAGNO,,579,3025074938,60450,PACK JAMON Y QUESO 370GR BDT,2.96,80.17,SILVA PANANA JUAN PABLO,,SANTIAGO DE SURCO,AV LIMA 702 REF A 2 CDRAS PLAZA BU,-12.14494,-77.01632
07/02/2026,0752-CHORRILLOS,C2H-866,11579770,VENTOCILLA CORDOBA ABEL MAGNO,,579,3025074938,60452,BOLA TIPO MOZZARELLA X 200G BDT,0.4,13.59,SILVA PANANA JUAN PABLO,,SANTIAGO DE SURCO,AV LIMA 702 REF A 2 CDRAS PLAZA BU,-12.14494,-77.01632
07/02/2026,0752-CHORRILLOS,C2H-866,11579770,VENTOCILLA CORDOBA ABEL MAGNO,,579,3025074938,60454,PACK JAMONADA Y EDAM 180GR BDT,1.44,40.1,SILVA PANANA JUAN PABLO,,SANTIAGO DE SURCO,AV LIMA 702 REF A 2 CDRAS PLAZA BU,-12.14494,-77.01632
07/02/2026,0752-CHORRILLOS,C2H-866,11579770,VENTOCILLA CORDOBA ABEL MAGNO,,579,3025074938,60456,JAMONADA ESPECIAL PQ 100GR 8LJ OK,0.6,17.42,SILVA PANANA JUAN PABLO,,SANTIAGO DE SURCO,AV LIMA 702 REF A 2 CDRAS PLAZA BU,-12.14494,-77.01632
07/02/2026,0752-CHORRILLOS,C2H-866,11579770,VENTOCILLA CORDOBA ABEL MAGNO,,579,3025074938,60458,CHICHARRON DE PRENSA PQ 100GR 7LJ OK,0.3,9.29,SILVA PANANA JUAN PABLO,,SANTIAGO DE SURCO,AV LIMA 702 REF A 2 CDRAS PLAZA BU,-12.14494,-77.01632
07/02/2026,0752-CHORRILLOS,C2H-866,11579770,VENTOCILLA CORDOBA ABEL MAGNO,,579,3025074938,60460,JAMONADA POLLO PZ 2KG SEGO,2,19.91,SILVA PANANA JUAN PABLO,,SANTIAGO DE SURCO,AV LIMA 702 REF A 2 CDRAS PLAZA BU,-12.14494,-77.01632
07/02/2026,0752-CHORRILLOS,C2H-866,11699897,ARIAS SALAS MIGUEL EFRAIN,,579,3024941703,57366,QUESO CREMA PHILADELP BRICK 180GR KRAFT,2.16,105.44,SILVA PANANA JUAN PABLO,,BARRANCO,PLAZUELA BUTTERS 286,-12.14362,-77.01602
07/02/2026,0752-CHORRILLOS,C2H-866,11738587,INVERSIONES GABY & FER SAC,,740,3025067830,59448,CHORIZO PARRI PREC 500GR BDT,6,119.62,SILVA PANANA JUAN PABLO,,BARRANCO,MERCADO Nº 2 PTO 232-233,-12.14169,-77.01566
07/02/2026,0752-CHORRILLOS,C2H-866,11738587,INVERSIONES GABY & FER SAC,,740,3025067830,59450,MANTEQUILLA CON SAL 1KG AP SIGMA FS,1,38.2,SILVA PANANA JUAN PABLO,,BARRANCO,MERCADO Nº 2 PTO 232-233,-12.14169,-77.01566
07/02/2026,0752-CHORRILLOS,C2H-866,11738587,INVERSIONES GABY & FER SAC,,740,3025067830,59452,MANTEQUILLA SIN SAL 1KG AP SIGMA FS,2,76.4,SILVA PANANA JUAN PABLO,,BARRANCO,MERCADO Nº 2 PTO 232-233,-12.14169,-77.01566
07/02/2026,0752-CHORRILLOS,C2H-866,11738587,INVERSIONES GABY & FER SAC,,740,3025067830,59454,SALCHICHA HUACHO 150GR BDT,0.9,23.4,SILVA PANANA JUAN PABLO,,BARRANCO,MERCADO Nº 2 PTO 232-233,-12.14169,-77.01566
07/02/2026,0752-CHORRILLOS,C2H-866,11738587,INVERSIONES GABY & FER SAC,,740,3025067830,59456,PACK SUPER CHORIZO PREC80GX6PZA SEGO,1.44,19.89,SILVA PANANA JUAN PABLO,,BARRANCO,MERCADO Nº 2 PTO 232-233,-12.14169,-77.01566
07/02/2026,0752-CHORRILLOS,C2H-866,11738587,INVERSIONES GABY & FER SAC,,740,3025067830,59458,MORTADELA ESPECIAL PZ 2.9KG OK,2.9,63.01,SILVA PANANA JUAN PABLO,,BARRANCO,MERCADO Nº 2 PTO 232-233,-12.14169,-77.01566
07/02/2026,0752-CHORRILLOS,C2H-866,11738587,INVERSIONES GABY & FER SAC,,740,3025067830,59460,VIENESA 12CM PQ 5UN 175GR OK,2.1,44.34,SILVA PANANA JUAN PABLO,,BARRANCO,MERCADO Nº 2 PTO 232-233,-12.14169,-77.01566
07/02/2026,0752-CHORRILLOS,C2H-866,11738587,INVERSIONES GABY & FER SAC,,740,3025067830,59462,CHICHARRON DE PRENSA PZ 2.2 A 2.6KG OK,2.6,79.64,SILVA PANANA JUAN PABLO,,BARRANCO,MERCADO Nº 2 PTO 232-233,-12.14169,-77.01566
07/02/2026,0752-CHORRILLOS,C2H-866,11738587,INVERSIONES GABY & FER SAC,,740,3025067830,59464,QUESO DE CHANCHO PZ 3KG OK,3,49.67,SILVA PANANA JUAN PABLO,,BARRANCO,MERCADO Nº 2 PTO 232-233,-12.14169,-77.01566
07/02/2026,0752-CHORRILLOS,C2H-866,11738587,INVERSIONES GABY & FER SAC,,740,3025067830,59466,MORCILLA PQ 3UN 250GR OK,0.75,26.73,SILVA PANANA JUAN PABLO,,BARRANCO,MERCADO Nº 2 PTO 232-233,-12.14169,-77.01566
07/02/2026,0752-CHORRILLOS,C2H-866,11738587,INVERSIONES GABY & FER SAC,,740,3025067830,59468,CHORIZO PREC PQ 0.5KG SEGO,4.5,77.89,SILVA PANANA JUAN PABLO,,BARRANCO,MERCADO Nº 2 PTO 232-233,-12.14169,-77.01566
07/02/2026,0752-CHORRILLOS,C2H-866,11738587,INVERSIONES GABY & FER SAC,,740,3025067830,59470,COSTILLA AHUM BLS 2KG SEGO,4,88.97,SILVA PANANA JUAN PABLO,,BARRANCO,MERCADO Nº 2 PTO 232-233,-12.14169,-77.01566
07/02/2026,0752-CHORRILLOS,C2H-866,11738587,INVERSIONES GABY & FER SAC,,740,3025067830,59472,CHORIZO PARRI PREC 2U 140GR BDT,3.36,66.86,SILVA PANANA JUAN PABLO,,BARRANCO,MERCADO Nº 2 PTO 232-233,-12.14169,-77.01566
07/02/2026,0752-CHORRILLOS,C2H-866,11738587,INVERSIONES GABY & FER SAC,,740,3025092960,62110,TOCINO CUL PQ 500GR 20GR 25LJ OK,50,1270.94,SILVA PANANA JUAN PABLO,,BARRANCO,MERCADO Nº 2 PTO 232-233,-12.14169,-77.01566
07/02/2026,0752-CHORRILLOS,C2H-866,11597086,MOISES SALCEDO CHIPANA,,740,3025000359,57608,MANTEQUILLA CON SAL 1KG AP SIGMA FS,1,38.2,SILVA PANANA JUAN PABLO,,BARRANCO,MCDO 2 PTO 240,-12.14178,-77.01568
07/02/2026,0752-CHORRILLOS,C2H-866,11597086,MOISES SALCEDO CHIPANA,,740,3025000359,57610,BOLA TIPO MOZZARELLA X 200G BDT,3.2,106.54,SILVA PANANA JUAN PABLO,,BARRANCO,MCDO 2 PTO 240,-12.14178,-77.01568
07/02/2026,0752-CHORRILLOS,C2H-866,11597086,MOISES SALCEDO CHIPANA,,740,3025000359,57612,QUESO GOUDA 3KG AP BDT,3,110.89,SILVA PANANA JUAN PABLO,,BARRANCO,MCDO 2 PTO 240,-12.14178,-77.01568
07/02/2026,0752-CHORRILLOS,C2H-866,11597086,MOISES SALCEDO CHIPANA,,740,3025000359,57614,QUESO DE CHANCHO PZ 3KG OK,3,49.67,SILVA PANANA JUAN PABLO,,BARRANCO,MCDO 2 PTO 240,-12.14178,-77.01568
07/02/2026,0752-CHORRILLOS,C2H-866,11597086,MOISES SALCEDO CHIPANA,,740,3025000359,57616,CHORIZO PARRI PREC 2U 140GR BDT,1.96,39,SILVA PANANA JUAN PABLO,,BARRANCO,MCDO 2 PTO 240,-12.14178,-77.01568
07/02/2026,0752-CHORRILLOS,C2H-866,11759600,SON CCO SILVA NELLY MARTINA,#N/A,,3025066899,59394,QUESO CREMA PHILADELP BRICK 180GR KRAFT,2.16,105.44,SILVA PANANA JUAN PABLO,,#N/A,#N/A,-12.14194,-77.01576
07/02/2026,0752-CHORRILLOS,C2H-866,11636249,COCHACHI ALVARADO VICTOR,,579,3025062659,58794,HOT DOG TRADICIONAL 200GR BDT,0.8,12.45,SILVA PANANA JUAN PABLO,,BARRANCO,MCDO BALTA PTO K 13,-12.14202,-77.01525
07/02/2026,0752-CHORRILLOS,C2H-866,11636249,COCHACHI ALVARADO VICTOR,,579,3025062659,58796,BOLA TIPO MOZZARELLA X 200G BDT,0.6,20.39,SILVA PANANA JUAN PABLO,,BARRANCO,MCDO BALTA PTO K 13,-12.14202,-77.01525
07/02/2026,0752-CHORRILLOS,C2H-866,11636249,COCHACHI ALVARADO VICTOR,,579,3025062659,58798,QUESO EDAM 90GR BDT,0.27,11.72,SILVA PANANA JUAN PABLO,,BARRANCO,MCDO BALTA PTO K 13,-12.14202,-77.01525
07/02/2026,0752-CHORRILLOS,C2H-866,11636249,COCHACHI ALVARADO VICTOR,,579,3025062659,58800,CHORIZO PARRI PREC 2U 140GR BDT,0.28,5.69,SILVA PANANA JUAN PABLO,,BARRANCO,MCDO BALTA PTO K 13,-12.14202,-77.01525
07/02/2026,0752-CHORRILLOS,C2H-866,11636249,COCHACHI ALVARADO VICTOR,,579,3025062659,58802,QUESO PARMESANO CU?A 0.15KG AP QKALAS,0.3,10.18,SILVA PANANA JUAN PABLO,,BARRANCO,MCDO BALTA PTO K 13,-12.14202,-77.01525
07/02/2026,0752-CHORRILLOS,C2H-866,11634535,MENDOZA RIOS FREDY,,579,3025076538,60594,PACK J PIZZA Y EDAM 340GR OK,2.72,80.48,SILVA PANANA JUAN PABLO,,BARRANCO,JR ARICA 224 URB TEJADA,-12.14219,-77.01618
07/02/2026,0752-CHORRILLOS,C2H-866,11634535,MENDOZA RIOS FREDY,,579,3025076538,60596,QUESO FUNDIDO SABOR CHEDDAR 170GR BDT,0.17,0,SILVA PANANA JUAN PABLO,,BARRANCO,JR ARICA 224 URB TEJADA,-12.14219,-77.01618
07/02/2026,0752-CHORRILLOS,C2H-866,11634535,MENDOZA RIOS FREDY,,579,3025076538,60598,PHILADELPHIA ORIGINAL TUB 150GR KRAFT,0.9,43.27,SILVA PANANA JUAN PABLO,,BARRANCO,JR ARICA 224 URB TEJADA,-12.14219,-77.01618
07/02/2026,0752-CHORRILLOS,C2H-866,11634535,MENDOZA RIOS FREDY,,579,3025076538,60600,JAMON PIZZERO SR 200GR BDT,0.6,14.51,SILVA PANANA JUAN PABLO,,BARRANCO,JR ARICA 224 URB TEJADA,-12.14219,-77.01618
07/02/2026,0752-CHORRILLOS,C2H-866,11634535,MENDOZA RIOS FREDY,,579,3025076538,60602,JAMONADA ESP 100GR BDT,0.3,5.77,SILVA PANANA JUAN PABLO,,BARRANCO,JR ARICA 224 URB TEJADA,-12.14219,-77.01618
07/02/2026,0752-CHORRILLOS,C2H-866,11634535,MENDOZA RIOS FREDY,,579,3025076538,60604,VIENESA 12CM PQ 5UN 175GR OK,1.05,22.63,SILVA PANANA JUAN PABLO,,BARRANCO,JR ARICA 224 URB TEJADA,-12.14219,-77.01618
07/02/2026,0752-CHORRILLOS,C2H-866,11634535,MENDOZA RIOS FREDY,,579,3025076538,60606,CHORIZO PARRI PREC 2U 140GR BDT,2.24,41.85,SILVA PANANA JUAN PABLO,,BARRANCO,JR ARICA 224 URB TEJADA,-12.14219,-77.01618
07/02/2026,0752-CHORRILLOS,C2H-866,11634535,MENDOZA RIOS FREDY,,579,3025076538,60608,QUESO PARMESANO CU?A 0.15KG AP QKALAS,0.6,20.35,SILVA PANANA JUAN PABLO,,BARRANCO,JR ARICA 224 URB TEJADA,-12.14219,-77.01618
07/02/2026,0752-CHORRILLOS,C2I-891,11745534,CIEN X CIENTO SUR SAC,,641,3025053484,58162,JAMON PIZZERO 3.8KG AP BDT,34.2,538.72,HUAMANI TORRES PABLO ANTONY,,INDEPENDENCIA,AV ALFREDO MENDIOLA 4880,-11.97825,-77.0648
07/02/2026,0752-CHORRILLOS,C2I-891,11745534,CIEN X CIENTO SUR SAC,,641,3025053484,58164,CHORIZO PARRI PREC 500GR BDT,25,528.1,HUAMANI TORRES PABLO ANTONY,,INDEPENDENCIA,AV ALFREDO MENDIOLA 4880,-11.97825,-77.0648
07/02/2026,0752-CHORRILLOS,C2I-891,11745534,CIEN X CIENTO SUR SAC,,641,3025053484,58166,CHORIZO PARRI PREC 1KG BDT,6,151.25,HUAMANI TORRES PABLO ANTONY,,INDEPENDENCIA,AV ALFREDO MENDIOLA 4880,-11.97825,-77.0648
07/02/2026,0752-CHORRILLOS,C2I-891,11745534,CIEN X CIENTO SUR SAC,,641,3025053484,58168,JAMONADA LONCH 3KG AP BDT,210,2970.24,HUAMANI TORRES PABLO ANTONY,,INDEPENDENCIA,AV ALFREDO MENDIOLA 4880,-11.97825,-77.0648
07/02/2026,0752-CHORRILLOS,C2I-891,11745534,CIEN X CIENTO SUR SAC,,641,3025053484,58170,JAMON PIZZERO 100GR BDT,20,449.4,HUAMANI TORRES PABLO ANTONY,,INDEPENDENCIA,AV ALFREDO MENDIOLA 4880,-11.97825,-77.0648
07/02/2026,0752-CHORRILLOS,C2I-891,11745534,CIEN X CIENTO SUR SAC,,641,3025053484,58172,MANTEQUILLA SIN SAL 1KG AP SIGMA FS,5,165.67,HUAMANI TORRES PABLO ANTONY,,INDEPENDENCIA,AV ALFREDO MENDIOLA 4880,-11.97825,-77.0648
07/02/2026,0752-CHORRILLOS,C2I-891,11745534,CIEN X CIENTO SUR SAC,,641,3025053484,58174,TOCINO AHUMADO 80GR BDT,5.6,245.63,HUAMANI TORRES PABLO ANTONY,,INDEPENDENCIA,AV ALFREDO MENDIOLA 4880,-11.97825,-77.0648
07/02/2026,0752-CHORRILLOS,C2I-891,11745534,CIEN X CIENTO SUR SAC,,641,3025053484,58176,JAMONADA POLLO 100GR BDT,10,203.6,HUAMANI TORRES PABLO ANTONY,,INDEPENDENCIA,AV ALFREDO MENDIOLA 4880,-11.97825,-77.0648
07/02/2026,0752-CHORRILLOS,C2I-891,11745534,CIEN X CIENTO SUR SAC,,641,3025053484,58178,HOT DOG SALCH NARANJA 24U 920GR SEGO -D,92,567.5,HUAMANI TORRES PABLO ANTONY,,INDEPENDENCIA,AV ALFREDO MENDIOLA 4880,-11.97825,-77.0648
07/02/2026,0752-CHORRILLOS,C2I-891,11745534,CIEN X CIENTO SUR SAC,,641,3025053484,58180,QUESO MOZZARELLA 90GR BDT,6.3,241.64,HUAMANI TORRES PABLO ANTONY,,INDEPENDENCIA,AV ALFREDO MENDIOLA 4880,-11.97825,-77.0648
07/02/2026,0752-CHORRILLOS,C2I-891,11745534,CIEN X CIENTO SUR SAC,,641,3025053484,58182,QUESO GOUDA SR 180GR BDT,0.72,29.92,HUAMANI TORRES PABLO ANTONY,,INDEPENDENCIA,AV ALFREDO MENDIOLA 4880,-11.97825,-77.0648
07/02/2026,0752-CHORRILLOS,C2I-891,11745534,CIEN X CIENTO SUR SAC,,641,3025053484,58184,PACK JAMON Y QUESO 370GR BDT,99.9,2569.59,HUAMANI TORRES PABLO ANTONY,,INDEPENDENCIA,AV ALFREDO MENDIOLA 4880,-11.97825,-77.0648
07/02/2026,0752-CHORRILLOS,C2I-891,11745534,CIEN X CIENTO SUR SAC,,641,3025053484,58186,SALCHICHA HUACHO 150GR BDT,56.7,1279.53,HUAMANI TORRES PABLO ANTONY,,INDEPENDENCIA,AV ALFREDO MENDIOLA 4880,-11.97825,-77.0648
07/02/2026,0752-CHORRILLOS,C2I-891,11745534,CIEN X CIENTO SUR SAC,,641,3025053484,58188,QUESO CREMA PHILADELP BRICK 180GR KRAFT,64.8,3206.52,HUAMANI TORRES PABLO ANTONY,,INDEPENDENCIA,AV ALFREDO MENDIOLA 4880,-11.97825,-77.0648
07/02/2026,0752-CHORRILLOS,C2I-891,11745534,CIEN X CIENTO SUR SAC,,641,3025053484,58190,VIENESA AHUMADA 1KG SEGO,4,38.19,HUAMANI TORRES PABLO ANTONY,,INDEPENDENCIA,AV ALFREDO MENDIOLA 4880,-11.97825,-77.0648
07/02/2026,0752-CHORRILLOS,C2I-891,11745534,CIEN X CIENTO SUR SAC,,641,3025053484,58192,PIZZERO 3KG SEGO,36,319.74,HUAMANI TORRES PABLO ANTONY,,INDEPENDENCIA,AV ALFREDO MENDIOLA 4880,-11.97825,-77.0648
07/02/2026,0752-CHORRILLOS,C2I-891,11745534,CIEN X CIENTO SUR SAC,,641,3025053484,58194,SUPER JAMONADA 2KG SEGO,40,279,HUAMANI TORRES PABLO ANTONY,,INDEPENDENCIA,AV ALFREDO MENDIOLA 4880,-11.97825,-77.0648
07/02/2026,0752-CHORRILLOS,C2I-891,11745534,CIEN X CIENTO SUR SAC,,641,3025053484,58196,JAMON DE PAIS 1.6KG AP SEGO,44.8,719.89,HUAMANI TORRES PABLO ANTONY,,INDEPENDENCIA,AV ALFREDO MENDIOLA 4880,-11.97825,-77.0648
07/02/2026,0752-CHORRILLOS,C2I-891,11745534,CIEN X CIENTO SUR SAC,,641,3025053484,58198,SUP CHORIZO PREC 12U 960GR SEGO,115.2,965.4,HUAMANI TORRES PABLO ANTONY,,INDEPENDENCIA,AV ALFREDO MENDIOLA 4880,-11.97825,-77.0648
07/02/2026,0752-CHORRILLOS,C2I-891,11745534,CIEN X CIENTO SUR SAC,,641,3025053484,58200,HOT DOG TRADICIONAL 200GR BDT,112,1481.2,HUAMANI TORRES PABLO ANTONY,,INDEPENDENCIA,AV ALFREDO MENDIOLA 4880,-11.97825,-77.0648
07/02/2026,0752-CHORRILLOS,C2I-891,11745534,CIEN X CIENTO SUR SAC,,641,3025053484,58202,FRANKFURTER GASTRONOMIA 1KG BDT,48,792.53,HUAMANI TORRES PABLO ANTONY,,INDEPENDENCIA,AV ALFREDO MENDIOLA 4880,-11.97825,-77.0648
07/02/2026,0752-CHORRILLOS,C2I-891,11745534,CIEN X CIENTO SUR SAC,,641,3025053484,58204,BOLA TIPO MOZZARELLA X 200G BDT,40,1155,HUAMANI TORRES PABLO ANTONY,,INDEPENDENCIA,AV ALFREDO MENDIOLA 4880,-11.97825,-77.0648
07/02/2026,0752-CHORRILLOS,C2I-891,11745534,CIEN X CIENTO SUR SAC,,641,3025053484,58206,CHORIZO PICANTE 400GR BDT,1.2,33.74,HUAMANI TORRES PABLO ANTONY,,INDEPENDENCIA,AV ALFREDO MENDIOLA 4880,-11.97825,-77.0648
07/02/2026,0752-CHORRILLOS,C2I-891,11745534,CIEN X CIENTO SUR SAC,,641,3025053484,58208,CHORIZO FINAS HIERBAS 960 GR SEGO,153.6,1439.36,HUAMANI TORRES PABLO ANTONY,,INDEPENDENCIA,AV ALFREDO MENDIOLA 4880,-11.97825,-77.0648
07/02/2026,0752-CHORRILLOS,C2I-891,11745534,CIEN X CIENTO SUR SAC,,641,3025053484,58210,CABANOSSI 500GR SEGO,3,59.95,HUAMANI TORRES PABLO ANTONY,,INDEPENDENCIA,AV ALFREDO MENDIOLA 4880,-11.97825,-77.0648
07/02/2026,0752-CHORRILLOS,C2I-891,11745534,CIEN X CIENTO SUR SAC,,641,3025053484,58212,PACK J PIZZA Y EDAM 340GR OK,15.3,385.29,HUAMANI TORRES PABLO ANTONY,,INDEPENDENCIA,AV ALFREDO MENDIOLA 4880,-11.97825,-77.0648
07/02/2026,0752-CHORRILLOS,C2I-891,11745534,CIEN X CIENTO SUR SAC,,641,3025053484,58214,QUESO FUNDIDO SABOR CHEDDAR 170GR BDT,24.48,868.32,HUAMANI TORRES PABLO ANTONY,,INDEPENDENCIA,AV ALFREDO MENDIOLA 4880,-11.97825,-77.0648
07/02/2026,0752-CHORRILLOS,C2I-891,11745534,CIEN X CIENTO SUR SAC,,641,3025053484,58216,SALCHICHA DE POLLO 200G SEGO,84,722.4,HUAMANI TORRES PABLO ANTONY,,INDEPENDENCIA,AV ALFREDO MENDIOLA 4880,-11.97825,-77.0648
07/02/2026,0752-CHORRILLOS,C2I-891,11745534,CIEN X CIENTO SUR SAC,,641,3025053484,58218,PHILADELPHIA LIGHT TUB 150GR KRAFT,0.9,43.33,HUAMANI TORRES PABLO ANTONY,,INDEPENDENCIA,AV ALFREDO MENDIOLA 4880,-11.97825,-77.0648
07/02/2026,0752-CHORRILLOS,C2I-891,11745534,CIEN X CIENTO SUR SAC,,641,3025053484,58220,PHILADELPHIA ORIGINAL TUB 150GR KRAFT,252,12114.48,HUAMANI TORRES PABLO ANTONY,,INDEPENDENCIA,AV ALFREDO MENDIOLA 4880,-11.97825,-77.0648
07/02/2026,0752-CHORRILLOS,C2I-891,11745534,CIEN X CIENTO SUR SAC,,641,3025053484,58222,PACK JAMONADA Y EDAM 180GR BDT,56.7,1412.46,HUAMANI TORRES PABLO ANTONY,,INDEPENDENCIA,AV ALFREDO MENDIOLA 4880,-11.97825,-77.0648
07/02/2026,0752-CHORRILLOS,C2I-891,11745534,CIEN X CIENTO SUR SAC,,641,3025053484,58224,JAMONADA ESP 100GR BDT,90,1471.5,HUAMANI TORRES PABLO ANTONY,,INDEPENDENCIA,AV ALFREDO MENDIOLA 4880,-11.97825,-77.0648
07/02/2026,0752-CHORRILLOS,C2I-891,11745534,CIEN X CIENTO SUR SAC,,641,3025053484,58226,QUESO EDAM 90GR BDT,12.6,464.66,HUAMANI TORRES PABLO ANTONY,,INDEPENDENCIA,AV ALFREDO MENDIOLA 4880,-11.97825,-77.0648
07/02/2026,0752-CHORRILLOS,C2I-891,11745534,CIEN X CIENTO SUR SAC,,641,3025053484,58228,HAMBURG DE RES PQ 8UN 85GR OK,19.04,442.29,HUAMANI TORRES PABLO ANTONY,,INDEPENDENCIA,AV ALFREDO MENDIOLA 4880,-11.97825,-77.0648
07/02/2026,0752-CHORRILLOS,C2I-891,11745534,CIEN X CIENTO SUR SAC,,641,3025053484,58230,JAMON PIZZA PQ 100GR 6LJ OK,2,49.06,HUAMANI TORRES PABLO ANTONY,,INDEPENDENCIA,AV ALFREDO MENDIOLA 4880,-11.97825,-77.0648
07/02/2026,0752-CHORRILLOS,C2I-891,11745534,CIEN X CIENTO SUR SAC,,641,3025053484,58232,JAMONADA ESPECIAL PQ 100GR 8LJ OK,15,369.3,HUAMANI TORRES PABLO ANTONY,,INDEPENDENCIA,AV ALFREDO MENDIOLA 4880,-11.97825,-77.0648
07/02/2026,0752-CHORRILLOS,C2I-891,11745534,CIEN X CIENTO SUR SAC,,641,3025053484,58234,JAMONADA POLACA PZ 3KG OK,9,187.09,HUAMANI TORRES PABLO ANTONY,,INDEPENDENCIA,AV ALFREDO MENDIOLA 4880,-11.97825,-77.0648
07/02/2026,0752-CHORRILLOS,C2I-891,11745534,CIEN X CIENTO SUR SAC,,641,3025053484,58236,POLACA PQ 100GR 8LJ OK,2,65.7,HUAMANI TORRES PABLO ANTONY,,INDEPENDENCIA,AV ALFREDO MENDIOLA 4880,-11.97825,-77.0648
07/02/2026,0752-CHORRILLOS,C2I-891,11745534,CIEN X CIENTO SUR SAC,,641,3025053484,58238,MORTADELA ESPECIAL PZ 2.9KG OK,8.7,163.96,HUAMANI TORRES PABLO ANTONY,,INDEPENDENCIA,AV ALFREDO MENDIOLA 4880,-11.97825,-77.0648
07/02/2026,0752-CHORRILLOS,C2I-891,11745534,CIEN X CIENTO SUR SAC,,641,3025053484,58240,MORTADELA ESP PQ 100GR 8LJ OK,1.2,26.63,HUAMANI TORRES PABLO ANTONY,,INDEPENDENCIA,AV ALFREDO MENDIOLA 4880,-11.97825,-77.0648
07/02/2026,0752-CHORRILLOS,C2I-891,11745534,CIEN X CIENTO SUR SAC,,641,3025053484,58242,SALCH VIENESA ESP PQ 5UN 250GR OK,1.5,21.41,HUAMANI TORRES PABLO ANTONY,,INDEPENDENCIA,AV ALFREDO MENDIOLA 4880,-11.97825,-77.0648
07/02/2026,0752-CHORRILLOS,C2I-891,11745534,CIEN X CIENTO SUR SAC,,641,3025053484,58244,VIENESA 12CM PQ 5UN 175GR OK,315,5349.6,HUAMANI TORRES PABLO ANTONY,,INDEPENDENCIA,AV ALFREDO MENDIOLA 4880,-11.97825,-77.0648
07/02/2026,0752-CHORRILLOS,C2I-891,11745534,CIEN X CIENTO SUR SAC,,641,3025053484,58246,SALCHICHA DEL NORTE PQ 3UN 250GR OK,1.25,33.59,HUAMANI TORRES PABLO ANTONY,,INDEPENDENCIA,AV ALFREDO MENDIOLA 4880,-11.97825,-77.0648
07/02/2026,0752-CHORRILLOS,C2I-891,11745534,CIEN X CIENTO SUR SAC,,641,3025053484,58248,PACK COCKTAIL PQ 16UN 320G OK,1.92,62.3,HUAMANI TORRES PABLO ANTONY,,INDEPENDENCIA,AV ALFREDO MENDIOLA 4880,-11.97825,-77.0648
07/02/2026,0752-CHORRILLOS,C2I-891,11745534,CIEN X CIENTO SUR SAC,,641,3025053484,58250,CHICHARRON DE PRENSA PQ 100GR 7LJ OK,30,789.6,HUAMANI TORRES PABLO ANTONY,,INDEPENDENCIA,AV ALFREDO MENDIOLA 4880,-11.97825,-77.0648
07/02/2026,0752-CHORRILLOS,C2I-891,11745534,CIEN X CIENTO SUR SAC,,641,3025053484,58252,TOCINO CUL PQ 500GR 20GR 25LJ OK,1.5,43.87,HUAMANI TORRES PABLO ANTONY,,INDEPENDENCIA,AV ALFREDO MENDIOLA 4880,-11.97825,-77.0648
07/02/2026,0752-CHORRILLOS,C2I-891,11745534,CIEN X CIENTO SUR SAC,,641,3025053484,58254,TOCINO AHUMADO 100GR OK,4,204.6,HUAMANI TORRES PABLO ANTONY,,INDEPENDENCIA,AV ALFREDO MENDIOLA 4880,-11.97825,-77.0648
07/02/2026,0752-CHORRILLOS,C2I-891,11745534,CIEN X CIENTO SUR SAC,,641,3025053484,58256,JAMON DEL PAIS 3.3KG SEGO,9.9,178.44,HUAMANI TORRES PABLO ANTONY,,INDEPENDENCIA,AV ALFREDO MENDIOLA 4880,-11.97825,-77.0648
07/02/2026,0752-CHORRILLOS,C2I-891,11745534,CIEN X CIENTO SUR SAC,,641,3025053484,58258,PASTEL DE JAMON PZA 2KG SEGO,46,609.06,HUAMANI TORRES PABLO ANTONY,,INDEPENDENCIA,AV ALFREDO MENDIOLA 4880,-11.97825,-77.0648
07/02/2026,0752-CHORRILLOS,C2I-891,11745534,CIEN X CIENTO SUR SAC,,641,3025053484,58260,JAMONADA POLLO PZ 2KG SEGO,120,946.26,HUAMANI TORRES PABLO ANTONY,,INDEPENDENCIA,AV ALFREDO MENDIOLA 4880,-11.97825,-77.0648
07/02/2026,0752-CHORRILLOS,C2I-891,11745534,CIEN X CIENTO SUR SAC,,641,3025053484,58262,MORTADELA PZ 2KG SEGO,8,92.27,HUAMANI TORRES PABLO ANTONY,,INDEPENDENCIA,AV ALFREDO MENDIOLA 4880,-11.97825,-77.0648
07/02/2026,0752-CHORRILLOS,C2I-891,11745534,CIEN X CIENTO SUR SAC,,641,3025053484,58264,HOT DOG SALCHIP ROSA PQ 24U SEGO,66.24,408.6,HUAMANI TORRES PABLO ANTONY,,INDEPENDENCIA,AV ALFREDO MENDIOLA 4880,-11.97825,-77.0648
07/02/2026,0752-CHORRILLOS,C2I-891,11745534,CIEN X CIENTO SUR SAC,,641,3025053484,58266,CHORIZO PLANCHERO CG PQ  2KG SEGO,6,75.24,HUAMANI TORRES PABLO ANTONY,,INDEPENDENCIA,AV ALFREDO MENDIOLA 4880,-11.97825,-77.0648
07/02/2026,0752-CHORRILLOS,C2I-891,11745534,CIEN X CIENTO SUR SAC,,641,3025053484,58268,CHORIZO PREC PQ 0.5KG SEGO,60,951.72,HUAMANI TORRES PABLO ANTONY,,INDEPENDENCIA,AV ALFREDO MENDIOLA 4880,-11.97825,-77.0648
07/02/2026,0752-CHORRILLOS,C2I-891,11745534,CIEN X CIENTO SUR SAC,,641,3025053484,58270,SUP CHORIZO PREC PQ 10U 0.8KG SEGO,24,230.25,HUAMANI TORRES PABLO ANTONY,,INDEPENDENCIA,AV ALFREDO MENDIOLA 4880,-11.97825,-77.0648
07/02/2026,0752-CHORRILLOS,C2I-891,11745534,CIEN X CIENTO SUR SAC,,641,3025053484,58272,SUPER HAMBURG POLLO PQ 1.008KG SEGO,24.19,186.38,HUAMANI TORRES PABLO ANTONY,,INDEPENDENCIA,AV ALFREDO MENDIOLA 4880,-11.97825,-77.0648
07/02/2026,0752-CHORRILLOS,C2I-891,11745534,CIEN X CIENTO SUR SAC,,641,3025053484,58274,SUPER HAMBURG RES PQ 1.008KG SEGO,34.27,277.51,HUAMANI TORRES PABLO ANTONY,,INDEPENDENCIA,AV ALFREDO MENDIOLA 4880,-11.97825,-77.0648
07/02/2026,0752-CHORRILLOS,C2I-891,11745534,CIEN X CIENTO SUR SAC,,641,3025053484,58276,PEPERONI PQ 0.5KG SEGO,3,68.33,HUAMANI TORRES PABLO ANTONY,,INDEPENDENCIA,AV ALFREDO MENDIOLA 4880,-11.97825,-77.0648
07/02/2026,0752-CHORRILLOS,C2I-891,11745534,CIEN X CIENTO SUR SAC,,641,3025053484,58278,RELLENO UN 0.5KG SEGO,10,113.74,HUAMANI TORRES PABLO ANTONY,,INDEPENDENCIA,AV ALFREDO MENDIOLA 4880,-11.97825,-77.0648
07/02/2026,0752-CHORRILLOS,C2I-891,11745534,CIEN X CIENTO SUR SAC,,641,3025053484,58280,CHORIZO PARRI PREC 2U 140GR BDT,546.84,9210.35,HUAMANI TORRES PABLO ANTONY,,INDEPENDENCIA,AV ALFREDO MENDIOLA 4880,-11.97825,-77.0648
07/02/2026,0752-CHORRILLOS,C2I-891,11745534,CIEN X CIENTO SUR SAC,,641,3025053484,58282,PACK JAMON Y QUESO 157 GR SEGO,15.7,506,HUAMANI TORRES PABLO ANTONY,,INDEPENDENCIA,AV ALFREDO MENDIOLA 4880,-11.97825,-77.0648
07/02/2026,0752-CHORRILLOS,C8A-730,11601589,GASTROBIZ SAC,OPEN PLAZA ANGAMOS,713,3024989749,57474,PECHUGA POLLO MACERADA COCIDA 2KG SEGO,16,464.8,HUAPAYA COTRINA VICTOR ALONZO,,SURQUILLO,AV ANGAMOS 1805 INT E-7,-12.1118,-77.0116
07/02/2026,0752-CHORRILLOS,C8A-730,11601589,GASTROBIZ SAC,OPEN PLAZA ANGAMOS,713,3024989749,57476,JAMON PAVO 37LJ CG 500GR BDT,1.5,51.48,HUAPAYA COTRINA VICTOR ALONZO,,SURQUILLO,AV ANGAMOS 1805 INT E-7,-12.1118,-77.0116
07/02/2026,0752-CHORRILLOS,C8A-730,11601589,GASTROBIZ SAC,OPEN PLAZA ANGAMOS,713,3024989749,57478,PULLED PORK ESPECIAL 1KG CG BF,2,69.36,HUAPAYA COTRINA VICTOR ALONZO,,SURQUILLO,AV ANGAMOS 1805 INT E-7,-12.1118,-77.0116
07/02/2026,0752-CHORRILLOS,C8A-730,11601589,GASTROBIZ SAC,OPEN PLAZA ANGAMOS,713,3024989749,57480,JAMON 2001 OVAL CONG PQT 0.5KG BF,2.5,61.97,HUAPAYA COTRINA VICTOR ALONZO,,SURQUILLO,AV ANGAMOS 1805 INT E-7,-12.1118,-77.0116
07/02/2026,0752-CHORRILLOS,C8A-730,11598758,PARRILLADAS PERUANAS SA,PARRI OPEN MARSANO E,713,3024940707,57358,BIFE ANGOS CONG 2U BLS 500G AP SEGO,4,164,HUAPAYA COTRINA VICTOR ALONZO,,SURQUILLO,AV ANGAMOS ESTE 1803 LC91  (CRUCE CON MARSANO),-12.11233,-77.01184
07/02/2026,0752-CHORRILLOS,C8A-730,11598758,PARRILLADAS PERUANAS SA,PARRI OPEN MARSANO E,713,3024940707,57360,BIFE PALETA CERDO CG 0.8KG AP OK,6.4,126.91,HUAPAYA COTRINA VICTOR ALONZO,,SURQUILLO,AV ANGAMOS ESTE 1803 LC91  (CRUCE CON MARSANO),-12.11233,-77.01184
07/02/2026,0752-CHORRILLOS,C8A-730,11598758,PARRILLADAS PERUANAS SA,PARRI OPEN MARSANO E,713,3024940707,57362,VIENESA 1001 20CM CONG PQT 18U 1.8KG BF,34.2,416.29,HUAPAYA COTRINA VICTOR ALONZO,,SURQUILLO,AV ANGAMOS ESTE 1803 LC91  (CRUCE CON MARSANO),-12.11233,-77.01184
07/02/2026,0752-CHORRILLOS,C8A-730,11598758,PARRILLADAS PERUANAS SA,PARRI OPEN MARSANO E,713,3024940707,57364,CHOR PREC 1001 CONG PQT 20U 1.8KG BF,7.2,154.15,HUAPAYA COTRINA VICTOR ALONZO,,SURQUILLO,AV ANGAMOS ESTE 1803 LC91  (CRUCE CON MARSANO),-12.11233,-77.01184
07/02/2026,0752-CHORRILLOS,C8A-730,11749055,COREST ANGAMOS SAC,EL CHINITO,711,3025098861,62626,RELLENO UN 0.5KG SEGO,10,114.4,HUAPAYA COTRINA VICTOR ALONZO,,SURQUILLO,AV ANGAMOS ESTE 2482,-12.11213,-77.00234
07/02/2026,0752-CHORRILLOS,C8A-730,11747413,CASERO SALUDABLE SAC,KASALU,719,3025079137,60994,MANTEQUILLA SIN SAL 1KG AP SIGMA FS,1,36,HUAPAYA COTRINA VICTOR ALONZO,,SAN BORJA,ALM LA ARQUITECTURA 147 CH TORRES D,-12.10923,-77.00356
07/02/2026,0752-CHORRILLOS,C8A-730,11756398,SANTA MADRE SAC,,720,3025099713,62662,JAMON SERRANO CUL 20U CJ 2KG OK,2,283.43,HUAPAYA COTRINA VICTOR ALONZO,,SURQUILLO,AV VILLARAN 1107 DPTO 102,-12.11987,-76.99997
07/02/2026,0752-CHORRILLOS,C8A-730,11756398,SANTA MADRE SAC,,720,3025099713,62664,QUESO CREMA 3.6KG MILKUNZ,3.6,102.9,HUAPAYA COTRINA VICTOR ALONZO,,SURQUILLO,AV VILLARAN 1107 DPTO 102,-12.11987,-76.99997
07/02/2026,0752-CHORRILLOS,C8A-730,11756398,SANTA MADRE SAC,,720,3025099713,62666,MOZZARELLA 4KG AP MILKUNZ,16,575.66,HUAPAYA COTRINA VICTOR ALONZO,,SURQUILLO,AV VILLARAN 1107 DPTO 102,-12.11987,-76.99997
07/02/2026,0752-CHORRILLOS,C8A-730,11604446,INVERSIONES NOR CHICKEN SAC,RKY AVIACION45 E,713,3025096158,62444,MANTEQUILLA CON SAL 1KG AP SIGMA FS,1,31.84,HUAPAYA COTRINA VICTOR ALONZO,,SANTIAGO DE SURCO,AV AVIACION NRO 4555 (4555-4561-4569-4571 URB HIGUERETA),-12.12163,-76.99807
07/02/2026,0752-CHORRILLOS,C8A-730,11604446,INVERSIONES NOR CHICKEN SAC,RKY AVIACION45 E,713,3025096158,62446,FRANKFURTER COCT 250GR BDT,1,30.76,HUAPAYA COTRINA VICTOR ALONZO,,SANTIAGO DE SURCO,AV AVIACION NRO 4555 (4555-4561-4569-4571 URB HIGUERETA),-12.12163,-76.99807
07/02/2026,0752-CHORRILLOS,C8A-730,11604446,INVERSIONES NOR CHICKEN SAC,RKY AVIACION45 E,713,3025096158,62448,FUNDIDO SABOR CHEDDAR 2.27KG MILKUNZ,2.27,69.79,HUAPAYA COTRINA VICTOR ALONZO,,SANTIAGO DE SURCO,AV AVIACION NRO 4555 (4555-4561-4569-4571 URB HIGUERETA),-12.12163,-76.99807
07/02/2026,0752-CHORRILLOS,C8A-730,11604446,INVERSIONES NOR CHICKEN SAC,RKY AVIACION45 E,713,3025096158,62450,FRANK AHUM CUL 15CM PQ 20UN 1KG OK,10,197.2,HUAPAYA COTRINA VICTOR ALONZO,,SANTIAGO DE SURCO,AV AVIACION NRO 4555 (4555-4561-4569-4571 URB HIGUERETA),-12.12163,-76.99807
07/02/2026,0752-CHORRILLOS,C8A-730,11601763,INVERSIONES INDEPENDENCIA SAC,RODIZIO AVIACION E,713,3025067904,59498,MANTEQUILLA CON SAL 1KG AP SIGMA FS,5,159.19,HUAPAYA COTRINA VICTOR ALONZO,,SANTIAGO DE SURCO,AV AVIACION 4555 URB RESIDENCIAL HIGUERETA,-12.1216,-76.99807
07/02/2026,0752-CHORRILLOS,C8A-730,11601763,INVERSIONES INDEPENDENCIA SAC,RODIZIO AVIACION E,713,3025067904,59500,MANTEQUILLA SIN SAL 1KG AP SIGMA FS,1,31.78,HUAPAYA COTRINA VICTOR ALONZO,,SANTIAGO DE SURCO,AV AVIACION 4555 URB RESIDENCIAL HIGUERETA,-12.1216,-76.99807
07/02/2026,0752-CHORRILLOS,C8A-730,11601763,INVERSIONES INDEPENDENCIA SAC,RODIZIO AVIACION E,713,3025067904,59502,PECH POLLO SH SP BR 6U CG CJ 12KG PERDIX,24,314.4,HUAPAYA COTRINA VICTOR ALONZO,,SANTIAGO DE SURCO,AV AVIACION 4555 URB RESIDENCIAL HIGUERETA,-12.1216,-76.99807
07/02/2026,0752-CHORRILLOS,C8A-730,11601763,INVERSIONES INDEPENDENCIA SAC,RODIZIO AVIACION E,713,3025067904,59504,QUESO PARMESANO 6KG AP SIGMA FS,6,271.92,HUAPAYA COTRINA VICTOR ALONZO,,SANTIAGO DE SURCO,AV AVIACION 4555 URB RESIDENCIAL HIGUERETA,-12.1216,-76.99807
07/02/2026,0752-CHORRILLOS,C8A-730,11601763,INVERSIONES INDEPENDENCIA SAC,RODIZIO AVIACION E,713,3025067904,59506,QUESO CREMA 3.6KG MILKUNZ,3.6,97.2,HUAPAYA COTRINA VICTOR ALONZO,,SANTIAGO DE SURCO,AV AVIACION 4555 URB RESIDENCIAL HIGUERETA,-12.1216,-76.99807
07/02/2026,0752-CHORRILLOS,C8A-730,11601763,INVERSIONES INDEPENDENCIA SAC,RODIZIO AVIACION E,713,3025067904,59508,MOZZARELLA 4KG AP MILKUNZ,4,117.96,HUAPAYA COTRINA VICTOR ALONZO,,SANTIAGO DE SURCO,AV AVIACION 4555 URB RESIDENCIAL HIGUERETA,-12.1216,-76.99807
07/02/2026,0752-CHORRILLOS,C8A-730,11601763,INVERSIONES INDEPENDENCIA SAC,RODIZIO AVIACION E,713,3025067904,59510,GOUDA BARRA 3.3KG AP MILKUNZ,6.6,181.57,HUAPAYA COTRINA VICTOR ALONZO,,SANTIAGO DE SURCO,AV AVIACION 4555 URB RESIDENCIAL HIGUERETA,-12.1216,-76.99807
07/02/2026,0752-CHORRILLOS,C8A-730,11601763,INVERSIONES INDEPENDENCIA SAC,RODIZIO AVIACION E,713,3025067904,59512,FRANK AHUM CUL 15CM PQ 20UN 1KG OK,3,59.16,HUAPAYA COTRINA VICTOR ALONZO,,SANTIAGO DE SURCO,AV AVIACION 4555 URB RESIDENCIAL HIGUERETA,-12.1216,-76.99807
07/02/2026,0752-CHORRILLOS,C8A-730,11601763,INVERSIONES INDEPENDENCIA SAC,RODIZIO AVIACION E,713,3025067904,59514,TOCINO AHUMADO 100GR SEGO,3,117.3,HUAPAYA COTRINA VICTOR ALONZO,,SANTIAGO DE SURCO,AV AVIACION 4555 URB RESIDENCIAL HIGUERETA,-12.1216,-76.99807
07/02/2026,0752-CHORRILLOS,C8A-730,11605159,COESTI SA,LISTO HIGUERETA,714,3024904268,57238,HOT DOG 200GR BDT,0.2,3.81,HUAPAYA COTRINA VICTOR ALONZO,,SANTIAGO DE SURCO,AV BENAVIDES 4295,-12.12799,-76.99195
07/02/2026,0752-CHORRILLOS,C8A-730,11605159,COESTI SA,LISTO HIGUERETA,714,3024904268,57240,CHORIZO AHUMADO 400GR BDT,1.2,32.16,HUAPAYA COTRINA VICTOR ALONZO,,SANTIAGO DE SURCO,AV BENAVIDES 4295,-12.12799,-76.99195
07/02/2026,0752-CHORRILLOS,C8A-730,11605159,COESTI SA,LISTO HIGUERETA,714,3024904268,57242,CHORIZO SABOR CHIMICHURRI 400G BRAEDT,1.2,29.16,HUAPAYA COTRINA VICTOR ALONZO,,SANTIAGO DE SURCO,AV BENAVIDES 4295,-12.12799,-76.99195
07/02/2026,0752-CHORRILLOS,C8A-730,11605159,COESTI SA,LISTO HIGUERETA,714,3024904268,57244,JAMON DEL PAIS PQ 150GR 8LJ OK,0.15,10.32,HUAPAYA COTRINA VICTOR ALONZO,,SANTIAGO DE SURCO,AV BENAVIDES 4295,-12.12799,-76.99195
07/02/2026,0752-CHORRILLOS,C8A-730,11605159,COESTI SA,LISTO HIGUERETA,714,3024904268,57246,CABANOSSI 20GR OK,0.96,115.44,HUAPAYA COTRINA VICTOR ALONZO,,SANTIAGO DE SURCO,AV BENAVIDES 4295,-12.12799,-76.99195
07/02/2026,0752-CHORRILLOS,C8A-730,11605159,COESTI SA,LISTO HIGUERETA,714,3024904268,57248,CABANOSSI PICANTE 20GR OK,0.96,113.23,HUAPAYA COTRINA VICTOR ALONZO,,SANTIAGO DE SURCO,AV BENAVIDES 4295,-12.12799,-76.99195
07/02/2026,0752-CHORRILLOS,C8A-730,11604420,INVERSIONES NOR CHICKEN SAC,RKY BENAVIDES E,713,3025072031,59982,MANTEQUILLA CON SAL 1KG AP SIGMA FS,4,127.35,HUAPAYA COTRINA VICTOR ALONZO,,SANTIAGO DE SURCO,AV ALFREDO BENAVIDES 5090,-12.12902,-76.98443
07/02/2026,0752-CHORRILLOS,C8A-730,11604420,INVERSIONES NOR CHICKEN SAC,RKY BENAVIDES E,713,3025072031,59984,FRANKFURTER COCT 250GR BDT,3,92.28,HUAPAYA COTRINA VICTOR ALONZO,,SANTIAGO DE SURCO,AV ALFREDO BENAVIDES 5090,-12.12902,-76.98443
07/02/2026,0752-CHORRILLOS,C8A-730,11604420,INVERSIONES NOR CHICKEN SAC,RKY BENAVIDES E,713,3025072031,59986,FUNDIDO SABOR CHEDDAR 2.27KG MILKUNZ,2.27,69.79,HUAPAYA COTRINA VICTOR ALONZO,,SANTIAGO DE SURCO,AV ALFREDO BENAVIDES 5090,-12.12902,-76.98443
07/02/2026,0752-CHORRILLOS,C8A-730,11604420,INVERSIONES NOR CHICKEN SAC,RKY BENAVIDES E,713,3025072031,59988,FRANK AHUM CUL 15CM PQ 20UN 1KG OK,20,394.4,HUAPAYA COTRINA VICTOR ALONZO,,SANTIAGO DE SURCO,AV ALFREDO BENAVIDES 5090,-12.12902,-76.98443
07/02/2026,0752-CHORRILLOS,C8A-730,11700075,SW FRANQUICIAS ANDINAS SAC,SUBWAY BENAVIDES SURCO,713,3025100326,62790,PECHUGA POLLO MACERADA COCIDA 2KG SEGO,54,1568.7,HUAPAYA COTRINA VICTOR ALONZO,,SANTIAGO DE SURCO,AV ALFREDO BENAVIDES 5251 LAS GARDE,-12.12928,-76.98239
07/02/2026,0752-CHORRILLOS,C8A-730,11700075,SW FRANQUICIAS ANDINAS SAC,SUBWAY BENAVIDES SURCO,713,3025100326,62792,JAMON PAVO 37LJ CG 500GR BDT,9,308.88,HUAPAYA COTRINA VICTOR ALONZO,,SANTIAGO DE SURCO,AV ALFREDO BENAVIDES 5251 LAS GARDE,-12.12928,-76.98239
07/02/2026,0752-CHORRILLOS,C8A-730,11700075,SW FRANQUICIAS ANDINAS SAC,SUBWAY BENAVIDES SURCO,713,3025100326,62794,PULLED PORK ESPECIAL 1KG CG BF,4,138.72,HUAPAYA COTRINA VICTOR ALONZO,,SANTIAGO DE SURCO,AV ALFREDO BENAVIDES 5251 LAS GARDE,-12.12928,-76.98239
07/02/2026,0752-CHORRILLOS,C8A-730,11700075,SW FRANQUICIAS ANDINAS SAC,SUBWAY BENAVIDES SURCO,713,3025100326,62796,FUNDIDO SABOR EMMENTAL 2.27KG MILKUNZ,4.54,121.94,HUAPAYA COTRINA VICTOR ALONZO,,SANTIAGO DE SURCO,AV ALFREDO BENAVIDES 5251 LAS GARDE,-12.12928,-76.98239
07/02/2026,0752-CHORRILLOS,C8A-730,11700075,SW FRANQUICIAS ANDINAS SAC,SUBWAY BENAVIDES SURCO,713,3025100326,62798,FUNDIDO SABOR CHEDDAR 2.27KG MILKUNZ,4.54,121.94,HUAPAYA COTRINA VICTOR ALONZO,,SANTIAGO DE SURCO,AV ALFREDO BENAVIDES 5251 LAS GARDE,-12.12928,-76.98239
07/02/2026,0752-CHORRILLOS,C8A-730,11700075,SW FRANQUICIAS ANDINAS SAC,SUBWAY BENAVIDES SURCO,713,3025100326,62800,JAMON 2001 OVAL CONG PQT 0.5KG BF,9,223.11,HUAPAYA COTRINA VICTOR ALONZO,,SANTIAGO DE SURCO,AV ALFREDO BENAVIDES 5251 LAS GARDE,-12.12928,-76.98239
07/02/2026,0752-CHORRILLOS,C8A-730,11604685,IL BUCO RESTAURANTE FUSION SAC,RESTAURANTE FUSION E,719,3025097363,62546,JAMON PIZZA 3.4 - 3.5 KG OK,3.45,57.59,HUAPAYA COTRINA VICTOR ALONZO,,SANTIAGO DE SURCO,AV CAMINOS DEL INCA 1583 URB LAS GARDENIAS ET UNO,-12.1257,-76.98251
07/02/2026,0752-CHORRILLOS,C8A-730,11604685,IL BUCO RESTAURANTE FUSION SAC,RESTAURANTE FUSION E,719,3025097363,62548,JAMON DE PAVO PZ 5KG OK,5,246.22,HUAPAYA COTRINA VICTOR ALONZO,,SANTIAGO DE SURCO,AV CAMINOS DEL INCA 1583 URB LAS GARDENIAS ET UNO,-12.1257,-76.98251
07/02/2026,0752-CHORRILLOS,C8A-730,11604685,IL BUCO RESTAURANTE FUSION SAC,RESTAURANTE FUSION E,719,3025097363,62550,SALCH VIENESA ESP PQ 10UN 500GR OK,1,21.08,HUAPAYA COTRINA VICTOR ALONZO,,SANTIAGO DE SURCO,AV CAMINOS DEL INCA 1583 URB LAS GARDENIAS ET UNO,-12.1257,-76.98251
07/02/2026,0752-CHORRILLOS,C8A-730,11604685,IL BUCO RESTAURANTE FUSION SAC,RESTAURANTE FUSION E,719,3025097363,62552,SALCHICHA DEL NORTE BLS 2KG 100GR OK,2,50.53,HUAPAYA COTRINA VICTOR ALONZO,,SANTIAGO DE SURCO,AV CAMINOS DEL INCA 1583 URB LAS GARDENIAS ET UNO,-12.1257,-76.98251
07/02/2026,0752-CHORRILLOS,C8A-730,11722154,GRUPO ONCE SAC,,719,3025053795,58284,JAMON INGLES SR 200GR BDT,3,170.85,HUAPAYA COTRINA VICTOR ALONZO,,SANTIAGO DE SURCO,AV CAMINOS DEL INCA 492 URB,-12.1153,-76.99121
07/02/2026,0752-CHORRILLOS,C8A-730,11606066,FRANQUICIAS ALIMENTARIAS SA,FRIDAY CHACA,713,3024909491,57284,MTO HAMBURG ESP RES 80U 85GR CJ 6.8KG OK,34,683.05,HUAPAYA COTRINA VICTOR ALONZO,,SAN BORJA,AV PRIMAVERA 737 URB CHACARILLA DEL,-12.11039,-76.98528
07/02/2026,0752-CHORRILLOS,C8A-730,11606066,FRANQUICIAS ALIMENTARIAS SA,FRIDAY CHACA,713,3024909491,57286,MTO HAMBURG ESP RES CJ 36UN 200GR OK,36,686.15,HUAPAYA COTRINA VICTOR ALONZO,,SAN BORJA,AV PRIMAVERA 737 URB CHACARILLA DEL,-12.11039,-76.98528
07/02/2026,0752-CHORRILLOS,C8A-730,11683501,PEREZ LARCO MILAGROS JAQUELINE,,71A,3024453020,57120,HAMBURG DE RES PQ 4UN 150GR OK,27,631.8,HUAPAYA COTRINA VICTOR ALONZO,,SAN BORJA,AV VELAZCO ASTETE 944 DPTO 201,-12.10896,-76.98498
07/02/2026,0752-CHORRILLOS,C8A-730,11683501,PEREZ LARCO MILAGROS JAQUELINE,,71A,3024453020,57122,FUNDIDO SABOR CHEDDAR 2.27KG MILKUNZ,2.27,68.1,HUAPAYA COTRINA VICTOR ALONZO,,SAN BORJA,AV VELAZCO ASTETE 944 DPTO 201,-12.10896,-76.98498
07/02/2026,0752-CHORRILLOS,C8A-730,11732831,PESCADOS CAPITALES SAC,,716,3024914068,57288,TOCINO CUL PQ 500GR 20GR 25LJ OK,2.5,111.65,HUAPAYA COTRINA VICTOR ALONZO,,SAN BORJA,AV PRIMAVERA 1067,-12.11,-76.98097
07/02/2026,0752-CHORRILLOS,C8A-730,11732831,PESCADOS CAPITALES SAC,,716,3024914068,57290,TOCINO CULINARIO PZ 3.4 A 4.3KG OK,6.8,200.49,HUAPAYA COTRINA VICTOR ALONZO,,SAN BORJA,AV PRIMAVERA 1067,-12.11,-76.98097
07/02/2026,0752-CHORRILLOS,C8A-730,11637623,COESTI SA,E/S LISTO SURCO,714,3025098811,62610,CHORIZO PARRI PREC 1KG BDT,15,331.95,HUAPAYA COTRINA VICTOR ALONZO,,SANTIAGO DE SURCO,AV CIRCUNVALACION 377,-12.13107,-76.97756
07/02/2026,0752-CHORRILLOS,C8A-730,11637623,COESTI SA,E/S LISTO SURCO,714,3025098811,62612,CHORIZO AHUMADO 400GR BDT,3.2,85.76,HUAPAYA COTRINA VICTOR ALONZO,,SANTIAGO DE SURCO,AV CIRCUNVALACION 377,-12.13107,-76.97756
07/02/2026,0752-CHORRILLOS,C8A-730,11637623,COESTI SA,E/S LISTO SURCO,714,3025098811,62614,FRANKFURTER BRASA 1KG BDT,2,36,HUAPAYA COTRINA VICTOR ALONZO,,SANTIAGO DE SURCO,AV CIRCUNVALACION 377,-12.13107,-76.97756
07/02/2026,0752-CHORRILLOS,C8A-730,11637623,COESTI SA,E/S LISTO SURCO,714,3025098811,62616,CHORIZO SABOR CHIMICHURRI 400G BRAEDT,4,97.2,HUAPAYA COTRINA VICTOR ALONZO,,SANTIAGO DE SURCO,AV CIRCUNVALACION 377,-12.13107,-76.97756
07/02/2026,0752-CHORRILLOS,C8A-730,11729617,CINEMARK DEL PERU SRL,CMK OPEN PLAZA ANGAMOS,714,3024982975,57452,FRANKFURTER AHUMADO 2KG BDT FS,20,395,HUAPAYA COTRINA VICTOR ALONZO,,SURQUILLO,AV ANGAMOS ESQ T MARSANO SN,-12.11146,-77.01267
07/02/2026,0752-CHORRILLOS,C8A-730,11729617,CINEMARK DEL PERU SRL,CMK OPEN PLAZA ANGAMOS,714,3024982975,57454,FRANKFURTER AHUMADO PICADO 2KG BRAEDT,4,81.06,HUAPAYA COTRINA VICTOR ALONZO,,SURQUILLO,AV ANGAMOS ESQ T MARSANO SN,-12.11146,-77.01267
07/02/2026,0752-CHORRILLOS,C8A-730,11723517,INVERSIONES JEANBE EIRL,,71A,3025072022,59978,QUESO EDAM GAST 0.5KG BRAEDT A,4,121.6,HUAPAYA COTRINA VICTOR ALONZO,,SAN BORJA,JR MIGUEL IGLESIAS 244 URB. PRIMAVE,-12.11023,-77.01
07/02/2026,0752-CHORRILLOS,C8A-730,11723517,INVERSIONES JEANBE EIRL,,71A,3025072022,59980,PIZZA GASTRONOMICO 0.5KG BDT,25,312.5,HUAPAYA COTRINA VICTOR ALONZO,,SAN BORJA,JR MIGUEL IGLESIAS 244 URB. PRIMAVE,-12.11023,-77.01
07/02/2026,0752-CHORRILLOS,C8A-730,11603365,MARIA TABOADA MURGA,,629,3025084163,61554,CHORIZO PARRI FRESCO 5U 500GR BDT,1,32.57,HUAPAYA COTRINA VICTOR ALONZO,,SANTIAGO DE SURCO,MCDO EDEN PTO 58,-12.12847,-76.99825
07/02/2026,0752-CHORRILLOS,C8A-730,11603365,MARIA TABOADA MURGA,,629,3025084163,61556,PACK SUPER CHORIZO PREC80GX6PZA SEGO,0.96,12.84,HUAPAYA COTRINA VICTOR ALONZO,,SANTIAGO DE SURCO,MCDO EDEN PTO 58,-12.12847,-76.99825
07/02/2026,0752-CHORRILLOS,C8A-730,11603365,MARIA TABOADA MURGA,,629,3025084163,61558,CHORIZO PARRILLERO PQ 4UN 400GR OK,0.8,28.71,HUAPAYA COTRINA VICTOR ALONZO,,SANTIAGO DE SURCO,MCDO EDEN PTO 58,-12.12847,-76.99825
07/02/2026,0752-CHORRILLOS,C8A-730,11603365,MARIA TABOADA MURGA,,629,3025084163,61560,TOCINO AHUMADO 100GR OK,0.4,24.07,HUAPAYA COTRINA VICTOR ALONZO,,SANTIAGO DE SURCO,MCDO EDEN PTO 58,-12.12847,-76.99825
07/02/2026,0752-CHORRILLOS,C8A-730,11603365,MARIA TABOADA MURGA,,629,3025084163,61562,COSTILLA AHUM BLS 2KG SEGO,2,45.39,HUAPAYA COTRINA VICTOR ALONZO,,SANTIAGO DE SURCO,MCDO EDEN PTO 58,-12.12847,-76.99825
07/02/2026,0752-CHORRILLOS,C8A-730,11748775,MAGIA DEL PERU SAC,,71A,3024995203,57554,QUESO EDAM 440GR BDT,2.64,95.7,HUAPAYA COTRINA VICTOR ALONZO,,SANTIAGO DE SURCO,PRO BENAVIDES 3887,-12.12794,-76.99481
07/02/2026,0752-CHORRILLOS,C8A-730,11748775,MAGIA DEL PERU SAC,,71A,3024995203,57556,JAMON PIZZERO 480GR BDT,1.44,29.04,HUAPAYA COTRINA VICTOR ALONZO,,SANTIAGO DE SURCO,PRO BENAVIDES 3887,-12.12794,-76.99481
07/02/2026,0752-CHORRILLOS,C8A-730,11748775,MAGIA DEL PERU SAC,,71A,3024995203,57558,QUESO MANCHEGO DO3M 200GR MAESE MIGUEL,1,79.95,HUAPAYA COTRINA VICTOR ALONZO,,SANTIAGO DE SURCO,PRO BENAVIDES 3887,-12.12794,-76.99481
07/02/2026,0752-CHORRILLOS,C8A-730,11654765,NEGOCIOS E INVERSIONES SAN IGN,,71A,3025089362,62000,COSTILLA BB BACK CG CJ 10 KG AP MT,10,360.5,HUAPAYA COTRINA VICTOR ALONZO,,SANTIAGO DE SURCO,AV CERRO CHICO MZ S LT 19 SAN IGNAC,-12.13559,-76.97867
07/02/2026,0752-CHORRILLOS,F1U-821,11738516,SALVADOR PORTAL MARIBEL SHAYLA,,702,3025055279,58358,QUESO CREMA PHILADELP BRICK 180GR KRAFT,1.08,55.14,ASCOY VELASQUEZ MANUEL,,SAN MIGUEL,AV LIMA 311,-12.09018,-77.07736
07/02/2026,0752-CHORRILLOS,F1U-821,11738516,SALVADOR PORTAL MARIBEL SHAYLA,,702,3025055279,58360,JAMON PIZZA 3.4 - 3.5 KG OK,3.45,73.95,ASCOY VELASQUEZ MANUEL,,SAN MIGUEL,AV LIMA 311,-12.09018,-77.07736
07/02/2026,0752-CHORRILLOS,F1U-821,11738516,SALVADOR PORTAL MARIBEL SHAYLA,,702,3025055279,58362,LOMO AHUMADO 1.6 KG SEGO,1.6,41.87,ASCOY VELASQUEZ MANUEL,,SAN MIGUEL,AV LIMA 311,-12.09018,-77.07736
07/02/2026,0752-CHORRILLOS,F1U-821,11738516,SALVADOR PORTAL MARIBEL SHAYLA,,702,3025055279,58364,QUESO FUNDIDO SABOR CHEDDAR 170GR BDT,0.17,0,ASCOY VELASQUEZ MANUEL,,SAN MIGUEL,AV LIMA 311,-12.09018,-77.07736
07/02/2026,0752-CHORRILLOS,F1U-821,11738516,SALVADOR PORTAL MARIBEL SHAYLA,,702,3025055279,58366,JAMONADA BOLOGNA PZ 2.9KG OK,2.9,57.36,ASCOY VELASQUEZ MANUEL,,SAN MIGUEL,AV LIMA 311,-12.09018,-77.07736
07/02/2026,0752-CHORRILLOS,F1U-821,11738516,SALVADOR PORTAL MARIBEL SHAYLA,,702,3025055279,58368,VIENESA 12CM PQ 5UN 175GR OK,1.4,30.17,ASCOY VELASQUEZ MANUEL,,SAN MIGUEL,AV LIMA 311,-12.09018,-77.07736
07/02/2026,0752-CHORRILLOS,F1U-821,11738516,SALVADOR PORTAL MARIBEL SHAYLA,,702,3025055279,58370,MOLIDA ESPECIAL CG 1KG SEGO,1,25.23,ASCOY VELASQUEZ MANUEL,,SAN MIGUEL,AV LIMA 311,-12.09018,-77.07736
07/02/2026,0752-CHORRILLOS,F1U-821,11601908,INVERSIONES LACTEAS FRANKLIN &,,702,3025061200,58696,MORTADELA ESPECIAL PZ 2.9KG OK,2.9,64.3,ASCOY VELASQUEZ MANUEL,,MAGDALENA DEL MAR,JR BOLOGNESI NRO 705 (TDAS 4 Y 5),-12.09094,-77.07504
07/02/2026,0752-CHORRILLOS,F1U-821,11601908,INVERSIONES LACTEAS FRANKLIN &,,702,3025061200,58698,FUNDIDO SABOR CHEDDAR 2.27KG MILKUNZ,2.27,65.01,ASCOY VELASQUEZ MANUEL,,MAGDALENA DEL MAR,JR BOLOGNESI NRO 705 (TDAS 4 Y 5),-12.09094,-77.07504
07/02/2026,0752-CHORRILLOS,F1U-821,11601908,INVERSIONES LACTEAS FRANKLIN &,,702,3025061200,58700,JAMON PAVITA PZ 3.2KG SEGO,3.2,95.54,ASCOY VELASQUEZ MANUEL,,MAGDALENA DEL MAR,JR BOLOGNESI NRO 705 (TDAS 4 Y 5),-12.09094,-77.07504
07/02/2026,0752-CHORRILLOS,F1U-821,11606456,SALAZAR MEDICO KELYNN GELACIA,,702,3025074260,60272,QUESO CREMA PHILADELP BRICK 180GR KRAFT,2.16,105.44,ASCOY VELASQUEZ MANUEL,,MAGDALENA DEL MAR,JR ECHENIQUE NRO 401,-12.09275,-77.07571
07/02/2026,0752-CHORRILLOS,F1U-821,11606456,SALAZAR MEDICO KELYNN GELACIA,,702,3025074260,60274,JAMON PIZZA PQ 100GR 6LJ OK,0.6,17.32,ASCOY VELASQUEZ MANUEL,,MAGDALENA DEL MAR,JR ECHENIQUE NRO 401,-12.09275,-77.07571
07/02/2026,0752-CHORRILLOS,F1U-821,11606456,SALAZAR MEDICO KELYNN GELACIA,,702,3025074260,60276,CHICHARRON DE PRENSA PZ 2.2 A 2.6KG OK,2.6,81.27,ASCOY VELASQUEZ MANUEL,,MAGDALENA DEL MAR,JR ECHENIQUE NRO 401,-12.09275,-77.07571
07/02/2026,0752-CHORRILLOS,F1U-821,11606456,SALAZAR MEDICO KELYNN GELACIA,,702,3025074260,60278,PASTEL DE JAMON PZA 2KG SEGO,2,31.15,ASCOY VELASQUEZ MANUEL,,MAGDALENA DEL MAR,JR ECHENIQUE NRO 401,-12.09275,-77.07571
07/02/2026,0752-CHORRILLOS,F1U-821,11606456,SALAZAR MEDICO KELYNN GELACIA,,702,3025074260,60280,CHORIZO PARRI PREC 2U 140GR BDT,1.12,21.83,ASCOY VELASQUEZ MANUEL,,MAGDALENA DEL MAR,JR ECHENIQUE NRO 401,-12.09275,-77.07571
07/02/2026,0752-CHORRILLOS,F1U-821,11716217,SALAZAR GUERREROS DIEGO FELIPE,,702,3025068557,59642,PATE 100GR BDT,2,48.24,ASCOY VELASQUEZ MANUEL,,MAGDALENA DEL MAR,JR LEONCIO PRADO 401,-12.09448,-77.07397
07/02/2026,0752-CHORRILLOS,F1U-821,11716217,SALAZAR GUERREROS DIEGO FELIPE,,702,3025068557,59644,PIZZERO 3KG SEGO,36,346.07,ASCOY VELASQUEZ MANUEL,,MAGDALENA DEL MAR,JR LEONCIO PRADO 401,-12.09448,-77.07397
07/02/2026,0752-CHORRILLOS,F1U-821,11716217,SALAZAR GUERREROS DIEGO FELIPE,,702,3025068557,59646,JAMON PIZZA PQ 100GR 6LJ OK,1.2,34.63,ASCOY VELASQUEZ MANUEL,,MAGDALENA DEL MAR,JR LEONCIO PRADO 401,-12.09448,-77.07397
07/02/2026,0752-CHORRILLOS,F1U-821,11716217,SALAZAR GUERREROS DIEGO FELIPE,,702,3025068557,59648,CHICHARRON DE PRENSA PQ 100GR 7LJ OK,1.2,37.16,ASCOY VELASQUEZ MANUEL,,MAGDALENA DEL MAR,JR LEONCIO PRADO 401,-12.09448,-77.07397
07/02/2026,0752-CHORRILLOS,F1U-821,11716217,SALAZAR GUERREROS DIEGO FELIPE,,702,3025068557,59650,QUESO DE CHANCHO PZ 3KG OK,3,50.68,ASCOY VELASQUEZ MANUEL,,MAGDALENA DEL MAR,JR LEONCIO PRADO 401,-12.09448,-77.07397
07/02/2026,0752-CHORRILLOS,F1U-821,11716217,SALAZAR GUERREROS DIEGO FELIPE,,702,3025068557,59652,PASTEL DE JAMON PZA 2KG SEGO,4,62.31,ASCOY VELASQUEZ MANUEL,,MAGDALENA DEL MAR,JR LEONCIO PRADO 401,-12.09448,-77.07397
07/02/2026,0752-CHORRILLOS,F1U-821,11566520,MULTIMARKET DEILY SAC,,702,3025053473,58134,CABANOSSI 25G BDT,2.58,164.9,ASCOY VELASQUEZ MANUEL,,MAGDALENA DEL MAR,JR JOSE GALVEZ 622,-12.09017,-77.07359
07/02/2026,0752-CHORRILLOS,F1U-821,11566520,MULTIMARKET DEILY SAC,,702,3025053473,58136,SALCHICHA HUACHO 150GR BDT,1.5,35.84,ASCOY VELASQUEZ MANUEL,,MAGDALENA DEL MAR,JR JOSE GALVEZ 622,-12.09017,-77.07359
07/02/2026,0752-CHORRILLOS,F1U-821,11566520,MULTIMARKET DEILY SAC,,702,3025053473,58138,FRANKFURTER GASTRONOMIA 1KG BDT,4,77.7,ASCOY VELASQUEZ MANUEL,,MAGDALENA DEL MAR,JR JOSE GALVEZ 622,-12.09017,-77.07359
07/02/2026,0752-CHORRILLOS,F1U-821,11566520,MULTIMARKET DEILY SAC,,702,3025053473,58140,SALCHICHA DEL NORTE 150G OK,1.8,51.84,ASCOY VELASQUEZ MANUEL,,MAGDALENA DEL MAR,JR JOSE GALVEZ 622,-12.09017,-77.07359
07/02/2026,0752-CHORRILLOS,F1U-821,11566520,MULTIMARKET DEILY SAC,,702,3025053473,58142,FRANKFURTER KILOMETRICO 500GR  BDT,1.5,34.58,ASCOY VELASQUEZ MANUEL,,MAGDALENA DEL MAR,JR JOSE GALVEZ 622,-12.09017,-77.07359
07/02/2026,0752-CHORRILLOS,F1U-821,11566520,MULTIMARKET DEILY SAC,,702,3025053473,58144,QUESO FUNDIDO SABOR CHEDDAR 170GR BDT,0.68,0,ASCOY VELASQUEZ MANUEL,,MAGDALENA DEL MAR,JR JOSE GALVEZ 622,-12.09017,-77.07359
07/02/2026,0752-CHORRILLOS,F1U-821,11566520,MULTIMARKET DEILY SAC,,702,3025053473,58146,PACK SALCHICHA DE POLLO 100GX 6PZA SEGO,0.6,6.23,ASCOY VELASQUEZ MANUEL,,MAGDALENA DEL MAR,JR JOSE GALVEZ 622,-12.09017,-77.07359
07/02/2026,0752-CHORRILLOS,F1U-821,11566520,MULTIMARKET DEILY SAC,,702,3025053473,58148,JAMON PAVITA 200GR BDT BALANCE,1,41.63,ASCOY VELASQUEZ MANUEL,,MAGDALENA DEL MAR,JR JOSE GALVEZ 622,-12.09017,-77.07359
07/02/2026,0752-CHORRILLOS,F1U-821,11566520,MULTIMARKET DEILY SAC,,702,3025053473,58150,JAMON DEL PAIS PQ 150GR 8LJ OK,0.75,42.83,ASCOY VELASQUEZ MANUEL,,MAGDALENA DEL MAR,JR JOSE GALVEZ 622,-12.09017,-77.07359
07/02/2026,0752-CHORRILLOS,F1U-821,11566520,MULTIMARKET DEILY SAC,,702,3025053473,58152,LOMO AHUMADO PQ 150GR 6LJ OK,0.6,37.84,ASCOY VELASQUEZ MANUEL,,MAGDALENA DEL MAR,JR JOSE GALVEZ 622,-12.09017,-77.07359
07/02/2026,0752-CHORRILLOS,F1U-821,11566520,MULTIMARKET DEILY SAC,,702,3025053473,58154,SALCH VIENESA ESP PQ 5UN 250GR OK,3,50.38,ASCOY VELASQUEZ MANUEL,,MAGDALENA DEL MAR,JR JOSE GALVEZ 622,-12.09017,-77.07359
07/02/2026,0752-CHORRILLOS,F1U-821,11566520,MULTIMARKET DEILY SAC,,702,3025053473,58156,SALCH VIENESA GOUR PQ 6UN 500GR OK,2.5,64.01,ASCOY VELASQUEZ MANUEL,,MAGDALENA DEL MAR,JR JOSE GALVEZ 622,-12.09017,-77.07359
07/02/2026,0752-CHORRILLOS,F1U-821,11566520,MULTIMARKET DEILY SAC,,702,3025053473,58158,VIENESA 12CM PQ 5UN 175GR OK,4.2,90.5,ASCOY VELASQUEZ MANUEL,,MAGDALENA DEL MAR,JR JOSE GALVEZ 622,-12.09017,-77.07359
07/02/2026,0752-CHORRILLOS,F1U-821,11566520,MULTIMARKET DEILY SAC,,702,3025053473,58160,CHORIZO PREC PQ 0.5KG SEGO,3,53.08,ASCOY VELASQUEZ MANUEL,,MAGDALENA DEL MAR,JR JOSE GALVEZ 622,-12.09017,-77.07359
07/02/2026,0752-CHORRILLOS,F1U-821,11638760,ORTEGA SALAZAR TEODORO JUAN,,702,3025076750,60680,SALCHICHA HUACHO 1KG AP BDT,2,53.09,ASCOY VELASQUEZ MANUEL,,MAGDALENA DEL MAR,JR ECHENIQUE 897 MAGDALENA DEL MAR,-12.08801,-77.07386
07/02/2026,0752-CHORRILLOS,F1U-821,11654598,PULACHE HUGO ANA FABIOLA,,702,3025066070,59334,JAMONADA POLACA 3KG AP BDT,3,87.24,ASCOY VELASQUEZ MANUEL,,SAN MIGUEL,AV UNIVERSITARIA 784,-12.08068,-77.082
07/02/2026,0752-CHORRILLOS,F1U-821,11654598,PULACHE HUGO ANA FABIOLA,,702,3025066070,59336,JAMONADA ESPECIAL PQ 100GR 8LJ OK,0.6,17.42,ASCOY VELASQUEZ MANUEL,,SAN MIGUEL,AV UNIVERSITARIA 784,-12.08068,-77.082
07/02/2026,0752-CHORRILLOS,F1U-821,11654598,PULACHE HUGO ANA FABIOLA,,702,3025066070,59338,POLACA PQ 100GR 8LJ OK,0.6,23.2,ASCOY VELASQUEZ MANUEL,,SAN MIGUEL,AV UNIVERSITARIA 784,-12.08068,-77.082
07/02/2026,0752-CHORRILLOS,F1U-821,11654598,PULACHE HUGO ANA FABIOLA,,702,3025066070,59340,CHORIZO PARRI PREC 2U 140GR BDT,0.84,17.06,ASCOY VELASQUEZ MANUEL,,SAN MIGUEL,AV UNIVERSITARIA 784,-12.08068,-77.082
07/02/2026,0752-CHORRILLOS,F1U-821,11597780,MIU URDAY ANGEL FERNANDO,,741,3025001686,57624,CHULETA CUELLO 100G CG BL 10UNX1KG OK,5,94.76,ASCOY VELASQUEZ MANUEL,,SAN MIGUEL,AV LA MAR 2275,-12.07491,-77.08194
07/02/2026,0752-CHORRILLOS,F1U-821,11597780,MIU URDAY ANGEL FERNANDO,,741,3025001686,57626,CARNE MOLIDA ESTANDAR 1.0 KG SEGO,3,43.2,ASCOY VELASQUEZ MANUEL,,SAN MIGUEL,AV LA MAR 2275,-12.07491,-77.08194
07/02/2026,0752-CHORRILLOS,F1U-821,11604983,ADRIAZOLA KAMITANI AMERICO YUY,,702,3025069072,59672,HOT DOG SALCH NARANJA 24U 920GR SEGO -D,9.2,67.44,ASCOY VELASQUEZ MANUEL,,SAN MIGUEL,AV AYACUCHO 964 URB PANDO,-12.08202,-77.08147
07/02/2026,0752-CHORRILLOS,F1U-821,11604983,ADRIAZOLA KAMITANI AMERICO YUY,,702,3025069072,59674,QUESO CREMA PHILADELP BRICK 180GR KRAFT,2.16,105.44,ASCOY VELASQUEZ MANUEL,,SAN MIGUEL,AV AYACUCHO 964 URB PANDO,-12.08202,-77.08147
07/02/2026,0752-CHORRILLOS,F1U-821,11604983,ADRIAZOLA KAMITANI AMERICO YUY,,702,3025069072,59676,QUESO FUNDIDO SABOR CHEDDAR 170GR BDT,0.17,0,ASCOY VELASQUEZ MANUEL,,SAN MIGUEL,AV AYACUCHO 964 URB PANDO,-12.08202,-77.08147
07/02/2026,0752-CHORRILLOS,F1U-821,11604983,ADRIAZOLA KAMITANI AMERICO YUY,,702,3025069072,59678,JAMON PIZZA PQ 100GR 6LJ OK,0.4,11.54,ASCOY VELASQUEZ MANUEL,,SAN MIGUEL,AV AYACUCHO 964 URB PANDO,-12.08202,-77.08147
07/02/2026,0752-CHORRILLOS,F1U-821,11604983,ADRIAZOLA KAMITANI AMERICO YUY,,702,3025069072,59680,JAMONADA ESPECIAL PQ 100GR 8LJ OK,0.3,8.71,ASCOY VELASQUEZ MANUEL,,SAN MIGUEL,AV AYACUCHO 964 URB PANDO,-12.08202,-77.08147
07/02/2026,0752-CHORRILLOS,F1U-821,11604983,ADRIAZOLA KAMITANI AMERICO YUY,,702,3025069072,59682,VIENESA 12CM PQ 5UN 175GR OK,1.05,22.63,ASCOY VELASQUEZ MANUEL,,SAN MIGUEL,AV AYACUCHO 964 URB PANDO,-12.08202,-77.08147
07/02/2026,0752-CHORRILLOS,F1U-821,11604983,ADRIAZOLA KAMITANI AMERICO YUY,,702,3025069072,59684,CARNE MOLIDA ESTANDAR 1.0 KG SEGO,16,230.42,ASCOY VELASQUEZ MANUEL,,SAN MIGUEL,AV AYACUCHO 964 URB PANDO,-12.08202,-77.08147
07/02/2026,0752-CHORRILLOS,F1U-821,11604983,ADRIAZOLA KAMITANI AMERICO YUY,,702,3025069072,59686,HAMBURG RES PQ 14U SEGO,15.68,186.53,ASCOY VELASQUEZ MANUEL,,SAN MIGUEL,AV AYACUCHO 964 URB PANDO,-12.08202,-77.08147
07/02/2026,0752-CHORRILLOS,F1U-821,11732952,CHACON SUAREZ HENRY JUNIOR,,702,3025062681,58804,PACK JAMON Y QUESO 370GR BDT,1.48,42.1,ASCOY VELASQUEZ MANUEL,,SAN MIGUEL,PROLONG AYACUCHO 486,-12.08432,-77.07695
07/02/2026,0752-CHORRILLOS,F1U-821,11732952,CHACON SUAREZ HENRY JUNIOR,,702,3025062681,58806,QUESO CREMA PHILADELP BRICK 180GR KRAFT,1.08,55.14,ASCOY VELASQUEZ MANUEL,,SAN MIGUEL,PROLONG AYACUCHO 486,-12.08432,-77.07695
07/02/2026,0752-CHORRILLOS,F1U-821,11732952,CHACON SUAREZ HENRY JUNIOR,,702,3025062681,58808,JAMON DE PAIS 1.6KG AP SEGO,1.6,30.25,ASCOY VELASQUEZ MANUEL,,SAN MIGUEL,PROLONG AYACUCHO 486,-12.08432,-77.07695
07/02/2026,0752-CHORRILLOS,F1U-821,11732952,CHACON SUAREZ HENRY JUNIOR,,702,3025062681,58810,QUESO FUNDIDO SABOR CHEDDAR 170GR BDT,0.34,0,ASCOY VELASQUEZ MANUEL,,SAN MIGUEL,PROLONG AYACUCHO 486,-12.08432,-77.07695
07/02/2026,0752-CHORRILLOS,F1U-821,11732952,CHACON SUAREZ HENRY JUNIOR,,702,3025062681,58812,JAMON PIZZA PQ 100GR 6LJ OK,0.5,14.43,ASCOY VELASQUEZ MANUEL,,SAN MIGUEL,PROLONG AYACUCHO 486,-12.08432,-77.07695
07/02/2026,0752-CHORRILLOS,F1U-821,11732952,CHACON SUAREZ HENRY JUNIOR,,702,3025062681,58814,VIENESA 12CM PQ 5UN 175GR OK,2.1,45.25,ASCOY VELASQUEZ MANUEL,,SAN MIGUEL,PROLONG AYACUCHO 486,-12.08432,-77.07695
07/02/2026,0752-CHORRILLOS,F1U-821,11722783,PANIFICADORA HALLYE MORENO SAC,,702,3025079083,60978,PACK JAMON Y QUESO 370GR BDT,2.96,80.17,ASCOY VELASQUEZ MANUEL,,SAN MIGUEL,JR PROLONGACION AYACUCHO 129,-12.08584,-77.07437
07/02/2026,0752-CHORRILLOS,F1U-821,11722783,PANIFICADORA HALLYE MORENO SAC,,702,3025079083,60980,SALCHICHA HUACHO 150GR BDT,0.9,22.1,ASCOY VELASQUEZ MANUEL,,SAN MIGUEL,JR PROLONGACION AYACUCHO 129,-12.08584,-77.07437
07/02/2026,0752-CHORRILLOS,F1U-821,11722783,PANIFICADORA HALLYE MORENO SAC,,702,3025079083,60982,JAMONADA ESPECIAL PQ 100GR 8LJ OK,1,29.03,ASCOY VELASQUEZ MANUEL,,SAN MIGUEL,JR PROLONGACION AYACUCHO 129,-12.08584,-77.07437
07/02/2026,0752-CHORRILLOS,F1U-821,11722783,PANIFICADORA HALLYE MORENO SAC,,702,3025079083,60984,CHORIZO PARRI PREC 2U 140GR BDT,1.4,27.01,ASCOY VELASQUEZ MANUEL,,SAN MIGUEL,JR PROLONGACION AYACUCHO 129,-12.08584,-77.07437
07/02/2026,0752-CHORRILLOS,F1U-821,11734193,AQUINO PEREZ MARILU,,702,3025075490,60528,CABANOSSI 25G BDT,0.6,38.42,ASCOY VELASQUEZ MANUEL,,SAN MIGUEL,AV LIMA 478,-12.08951,-77.07906
07/02/2026,0752-CHORRILLOS,F1U-821,11734193,AQUINO PEREZ MARILU,,702,3025075490,60530,QUESO EDAM SR 180GR BDT,0.9,42.84,ASCOY VELASQUEZ MANUEL,,SAN MIGUEL,AV LIMA 478,-12.08951,-77.07906
07/02/2026,0752-CHORRILLOS,F1U-821,11734193,AQUINO PEREZ MARILU,,702,3025075490,60532,QUESO GOUDA SR 180GR BDT,0.9,44.02,ASCOY VELASQUEZ MANUEL,,SAN MIGUEL,AV LIMA 478,-12.08951,-77.07906
07/02/2026,0752-CHORRILLOS,F1U-821,11734193,AQUINO PEREZ MARILU,,702,3025075490,60534,QUESO MOZZARELLA SR 180G BDT,0.9,44.02,ASCOY VELASQUEZ MANUEL,,SAN MIGUEL,AV LIMA 478,-12.08951,-77.07906
07/02/2026,0752-CHORRILLOS,F1U-821,11734193,AQUINO PEREZ MARILU,,702,3025075490,60536,PACK JAMON Y QUESO 370GR BDT,1.48,42.1,ASCOY VELASQUEZ MANUEL,,SAN MIGUEL,AV LIMA 478,-12.08951,-77.07906
07/02/2026,0752-CHORRILLOS,F1U-821,11734193,AQUINO PEREZ MARILU,,702,3025075490,60538,SALCHICHA HUACHO 150GR BDT,0.3,7.96,ASCOY VELASQUEZ MANUEL,,SAN MIGUEL,AV LIMA 478,-12.08951,-77.07906
07/02/2026,0752-CHORRILLOS,F1U-821,11734193,AQUINO PEREZ MARILU,,702,3025075490,60540,PACK J PIZZA Y EDAM 340GR OK,1.36,44.22,ASCOY VELASQUEZ MANUEL,,SAN MIGUEL,AV LIMA 478,-12.08951,-77.07906
07/02/2026,0752-CHORRILLOS,F1U-821,11734193,AQUINO PEREZ MARILU,,702,3025075490,60542,PASTEL DE JAMON PQ 150GR OK,0.45,14.32,ASCOY VELASQUEZ MANUEL,,SAN MIGUEL,AV LIMA 478,-12.08951,-77.07906
07/02/2026,0752-CHORRILLOS,F1U-821,11734193,AQUINO PEREZ MARILU,,702,3025075490,60544,HAMBURG DE RES PQ 4UN 85GR OK,1.02,28.87,ASCOY VELASQUEZ MANUEL,,SAN MIGUEL,AV LIMA 478,-12.08951,-77.07906
07/02/2026,0752-CHORRILLOS,F1U-821,11709371,COMERCIO Y SERVICIOS MIRAMAR E,,702,3024917480,57310,PACK SUPER CHORIZO PREC80GX6PZA SEGO,0.48,6.76,ASCOY VELASQUEZ MANUEL,,SAN MIGUEL,AV UNIVERSITARIA 514,-12.08503,-77.08298
07/02/2026,0752-CHORRILLOS,F1U-821,11709371,COMERCIO Y SERVICIOS MIRAMAR E,,702,3024917480,57312,PACK JAMONADA DE POLLO 80GX6PZA SEGO,0.48,5.75,ASCOY VELASQUEZ MANUEL,,SAN MIGUEL,AV UNIVERSITARIA 514,-12.08503,-77.08298
07/02/2026,0752-CHORRILLOS,F1U-821,11709371,COMERCIO Y SERVICIOS MIRAMAR E,,702,3024917480,57314,PACK SALCHICHA DE POLLO 100GX 6PZA SEGO,0.6,6.23,ASCOY VELASQUEZ MANUEL,,SAN MIGUEL,AV UNIVERSITARIA 514,-12.08503,-77.08298
07/02/2026,0752-CHORRILLOS,F1U-821,11709371,COMERCIO Y SERVICIOS MIRAMAR E,,702,3024917480,57316,SALCHICHA DE POLLO 200G SEGO,0.8,7.26,ASCOY VELASQUEZ MANUEL,,SAN MIGUEL,AV UNIVERSITARIA 514,-12.08503,-77.08298
07/02/2026,0752-CHORRILLOS,F1U-821,11709371,COMERCIO Y SERVICIOS MIRAMAR E,,702,3024917480,57318,JAMONADA ESP 100GR BDT,0.6,11.54,ASCOY VELASQUEZ MANUEL,,SAN MIGUEL,AV UNIVERSITARIA 514,-12.08503,-77.08298
07/02/2026,0752-CHORRILLOS,F1U-821,11709371,COMERCIO Y SERVICIOS MIRAMAR E,,702,3024917480,57320,TOCINO AHUMADO 100GR OK,0.4,24.07,ASCOY VELASQUEZ MANUEL,,SAN MIGUEL,AV UNIVERSITARIA 514,-12.08503,-77.08298
07/02/2026,0752-CHORRILLOS,F1U-821,11709371,COMERCIO Y SERVICIOS MIRAMAR E,,702,3024917480,57322,CABANOSSI UN 25GR 0.026KG SEGO,0.52,29.98,ASCOY VELASQUEZ MANUEL,,SAN MIGUEL,AV UNIVERSITARIA 514,-12.08503,-77.08298
07/02/2026,0752-CHORRILLOS,F1U-821,11709371,COMERCIO Y SERVICIOS MIRAMAR E,,702,3024917480,57324,CHORIZO PARRI PREC 2U 140GR BDT,1.12,21.83,ASCOY VELASQUEZ MANUEL,,SAN MIGUEL,AV UNIVERSITARIA 514,-12.08503,-77.08298
07/02/2026,0752-CHORRILLOS,F1U-821,11602238,NADIR CARDENAS COMUN,,702,3025098263,62570,SALCHICHA DEL NORTE 150G OK,1.8,51.84,ASCOY VELASQUEZ MANUEL,,SAN MIGUEL,CAL MARIANA ECHEVARRIA 291 URB EL P,-12.08418,-77.08498
07/02/2026,0752-CHORRILLOS,F1U-821,11602238,NADIR CARDENAS COMUN,,702,3025098263,62572,TOCINO AHUMADO 100GR OK,2,120.34,ASCOY VELASQUEZ MANUEL,,SAN MIGUEL,CAL MARIANA ECHEVARRIA 291 URB EL P,-12.08418,-77.08498
07/02/2026,0752-CHORRILLOS,F1U-821,11602238,NADIR CARDENAS COMUN,,702,3025098263,62574,CHORIZO PARRI PREC 2U 140GR BDT,2.8,52.31,ASCOY VELASQUEZ MANUEL,,SAN MIGUEL,CAL MARIANA ECHEVARRIA 291 URB EL P,-12.08418,-77.08498
07/02/2026,0752-CHORRILLOS,F1U-821,11658212,CARPIO CROVETTO VICTOR HUGO,,702,3025052636,58086,JAMONADA LONCH 3KG AP BDT,3,49.92,ASCOY VELASQUEZ MANUEL,,SAN MIGUEL,AV UNIVERSITARIA 483 PANDO CRUCE CO,-12.08547,-77.08324
07/02/2026,0752-CHORRILLOS,F1U-821,11658212,CARPIO CROVETTO VICTOR HUGO,,702,3025052636,58088,PIZZERO 3KG SEGO,3,31.35,ASCOY VELASQUEZ MANUEL,,SAN MIGUEL,AV UNIVERSITARIA 483 PANDO CRUCE CO,-12.08547,-77.08324
07/02/2026,0752-CHORRILLOS,F1U-821,11658212,CARPIO CROVETTO VICTOR HUGO,,702,3025052636,58090,JAMONADA POLLO PZ 2KG SEGO,2,19.91,ASCOY VELASQUEZ MANUEL,,SAN MIGUEL,AV UNIVERSITARIA 483 PANDO CRUCE CO,-12.08547,-77.08324
07/02/2026,0752-CHORRILLOS,F1U-821,11596651,ANA MEDRANO FLORES,,741,3025084586,61656,JAMON PIZZERO 100GR BDT,0.4,10.58,ASCOY VELASQUEZ MANUEL,,SAN MIGUEL,JR LIBERTAD 294 PTO 2,-12.08783,-77.08509
07/02/2026,0752-CHORRILLOS,F1U-821,11596651,ANA MEDRANO FLORES,,741,3025084586,61658,TOCINO AHUMADO 80GR BDT,0.32,16.52,ASCOY VELASQUEZ MANUEL,,SAN MIGUEL,JR LIBERTAD 294 PTO 2,-12.08783,-77.08509
07/02/2026,0752-CHORRILLOS,F1U-821,11596651,ANA MEDRANO FLORES,,741,3025084586,61660,JAMON PIZZA PQ 100GR 6LJ OK,0.4,11.54,ASCOY VELASQUEZ MANUEL,,SAN MIGUEL,JR LIBERTAD 294 PTO 2,-12.08783,-77.08509
07/02/2026,0752-CHORRILLOS,F1U-821,11596651,ANA MEDRANO FLORES,,741,3025084586,61662,TOCINO AHUM CP MED PZ 2KG AP SEGO,2,68.72,ASCOY VELASQUEZ MANUEL,,SAN MIGUEL,JR LIBERTAD 294 PTO 2,-12.08783,-77.08509
07/02/2026,0752-CHORRILLOS,F1U-821,11596651,ANA MEDRANO FLORES,,741,3025084586,61664,CHORIZO PARRI PREC 2U 140GR BDT,0.56,11.37,ASCOY VELASQUEZ MANUEL,,SAN MIGUEL,JR LIBERTAD 294 PTO 2,-12.08783,-77.08509
07/02/2026,0752-CHORRILLOS,F1U-821,11596834,BORGITA PAUCCA CORDOVA,,741,3025095318,62330,COSTILLA AHUM BLS 2KG SEGO,2,45.39,ASCOY VELASQUEZ MANUEL,,SAN MIGUEL,MCDO SAN MIGUEL PTO 105,-12.08612,-77.09047
07/02/2026,0752-CHORRILLOS,F1U-821,11596834,BORGITA PAUCCA CORDOVA,,741,3025095318,62332,TOCINO AHUM CP MED PZ 2KG AP SEGO,6,206.15,ASCOY VELASQUEZ MANUEL,,SAN MIGUEL,MCDO SAN MIGUEL PTO 105,-12.08612,-77.09047
07/02/2026,0752-CHORRILLOS,F1U-821,11722130,LIZBEL KARINA PONCE ZU?IGA,,741,3025066095,59342,QUESO CREMA PHILADELP BRICK 180GR KRAFT,1.08,55.14,ASCOY VELASQUEZ MANUEL,,SAN MIGUEL,CA LOS MOCHICAS 117,-12.0814,-77.09888
07/02/2026,0752-CHORRILLOS,F1U-821,11722130,LIZBEL KARINA PONCE ZU?IGA,,741,3025066095,59344,JAMON PIZZA PQ 100GR 6LJ OK,0.5,14.43,ASCOY VELASQUEZ MANUEL,,SAN MIGUEL,CA LOS MOCHICAS 117,-12.0814,-77.09888
07/02/2026,0752-CHORRILLOS,F1U-821,11722130,LIZBEL KARINA PONCE ZU?IGA,,741,3025066095,59346,JAMONADA ESPECIAL PQ 100GR 8LJ OK,0.5,14.52,ASCOY VELASQUEZ MANUEL,,SAN MIGUEL,CA LOS MOCHICAS 117,-12.0814,-77.09888
07/02/2026,0752-CHORRILLOS,F1U-821,11722130,LIZBEL KARINA PONCE ZU?IGA,,741,3025066095,59348,CHORIZO PARRI PREC 2U 140GR BDT,0.56,11.37,ASCOY VELASQUEZ MANUEL,,SAN MIGUEL,CA LOS MOCHICAS 117,-12.0814,-77.09888
07/02/2026,0752-CHORRILLOS,F1U-821,11722130,LIZBEL KARINA PONCE ZU?IGA,,741,3025066095,59350,MOZZARELLA BARRA 3KG AP QKALAS MT,3,86.43,ASCOY VELASQUEZ MANUEL,,SAN MIGUEL,CA LOS MOCHICAS 117,-12.0814,-77.09888
07/02/2026,0752-CHORRILLOS,F1U-821,11716764,SIERRA ZAMBRANO NERY,,741,3025099721,62668,QUESO CREMA PHILADELP BRICK 180GR KRAFT,1.08,55.14,ASCOY VELASQUEZ MANUEL,,SAN MIGUEL,CA LOS MOCHICAS 158 MARANGA,-12.08066,-77.09836
07/02/2026,0752-CHORRILLOS,F1U-821,11597280,QUEZADA JESUS ALEJANDRO,,741,3025100615,62842,QUESO FUNDIDO SABOR CHEDDAR 170GR BDT,0.17,0,ASCOY VELASQUEZ MANUEL,,SAN MIGUEL,MANCO II 529,-12.07918,-77.09753
07/02/2026,0752-CHORRILLOS,F1U-821,11597280,QUEZADA JESUS ALEJANDRO,,741,3025100615,62844,VIENESA 12CM PQ 5UN 175GR OK,1.05,22.63,ASCOY VELASQUEZ MANUEL,,SAN MIGUEL,MANCO II 529,-12.07918,-77.09753
07/02/2026,0752-CHORRILLOS,F1U-821,11597280,QUEZADA JESUS ALEJANDRO,,741,3025100615,62846,SALCHICHA DEL NORTE BLS 2KG 100GR OK,2,61.59,ASCOY VELASQUEZ MANUEL,,SAN MIGUEL,MANCO II 529,-12.07918,-77.09753
07/02/2026,0752-CHORRILLOS,F1U-821,11547283,JANET ROCIO CALISAYA MAMANI,,702,3024856079,57174,TOCINO AHUMADO 1KG BDT,1,52.54,ASCOY VELASQUEZ MANUEL,,SAN MIGUEL,AV ESCARDO 465,-12.07784,-77.09379
07/02/2026,0752-CHORRILLOS,F1U-821,11547283,JANET ROCIO CALISAYA MAMANI,,702,3025001705,57638,CHORIZO PARRI PREC 500GR BDT,12,282.74,ASCOY VELASQUEZ MANUEL,,SAN MIGUEL,AV ESCARDO 465,-12.07784,-77.09379
07/02/2026,0752-CHORRILLOS,F1U-821,11639051,NEGOCIACIONES CAZU SAC,,741,3024978288,57430,SALCHICHA HUACHO 150GR BDT,0.3,7.96,ASCOY VELASQUEZ MANUEL,,SAN MIGUEL,AV LOS PATRIOTAS  532 NARANGA 3 RA,-12.07571,-77.10048
07/02/2026,0752-CHORRILLOS,F1U-821,11639051,NEGOCIACIONES CAZU SAC,,741,3024978288,57432,QUESO CREMA PHILADELP BRICK 180GR KRAFT,0.18,10.1,ASCOY VELASQUEZ MANUEL,,SAN MIGUEL,AV LOS PATRIOTAS  532 NARANGA 3 RA,-12.07571,-77.10048
07/02/2026,0752-CHORRILLOS,F1U-821,11639051,NEGOCIACIONES CAZU SAC,,741,3024978288,57434,PACK J PIZZA Y EDAM 340GR OK,1.02,33.17,ASCOY VELASQUEZ MANUEL,,SAN MIGUEL,AV LOS PATRIOTAS  532 NARANGA 3 RA,-12.07571,-77.10048
07/02/2026,0752-CHORRILLOS,F1U-821,11639051,NEGOCIACIONES CAZU SAC,,741,3024978288,57436,JAMON PIZZA PQ 100GR 6LJ OK,0.4,11.54,ASCOY VELASQUEZ MANUEL,,SAN MIGUEL,AV LOS PATRIOTAS  532 NARANGA 3 RA,-12.07571,-77.10048
07/02/2026,0752-CHORRILLOS,F1U-821,11639051,NEGOCIACIONES CAZU SAC,,741,3024978288,57438,JAMONADA ESPECIAL PQ 100GR 8LJ OK,0.4,11.61,ASCOY VELASQUEZ MANUEL,,SAN MIGUEL,AV LOS PATRIOTAS  532 NARANGA 3 RA,-12.07571,-77.10048
07/02/2026,0752-CHORRILLOS,F1U-821,11639051,NEGOCIACIONES CAZU SAC,,741,3024978288,57440,VIENESA 12CM PQ 5UN 175GR OK,0.53,11.31,ASCOY VELASQUEZ MANUEL,,SAN MIGUEL,AV LOS PATRIOTAS  532 NARANGA 3 RA,-12.07571,-77.10048
07/02/2026,0752-CHORRILLOS,F1U-821,11644696,CABRERA MALLQUI MARIA ISABEL,,741,3025068504,59628,CHICHARRON DE PRENSA PQ 100GR 7LJ OK,1.2,37.16,ASCOY VELASQUEZ MANUEL,,SAN MIGUEL,AV MANCO II 701,-12.07747,-77.10074
07/02/2026,0752-CHORRILLOS,F1U-821,11598357,ROMUALDO QUISPE LLANQUE,,741,3025096269,62464,SALCHICHA HUACHO 150GR BDT,1.8,43,ASCOY VELASQUEZ MANUEL,,SAN MIGUEL,AV MANCO II 713,-12.07745,-77.10107
07/02/2026,0752-CHORRILLOS,F1U-821,11598357,ROMUALDO QUISPE LLANQUE,,741,3025096269,62466,TOCINO AHUMADO 150GR OK,1.35,73.53,ASCOY VELASQUEZ MANUEL,,SAN MIGUEL,AV MANCO II 713,-12.07745,-77.10107
07/02/2026,0752-CHORRILLOS,F1U-821,11598357,ROMUALDO QUISPE LLANQUE,,741,3025096269,62468,PACK J PIZZA Y EDAM 340GR OK,4.08,120.72,ASCOY VELASQUEZ MANUEL,,SAN MIGUEL,AV MANCO II 713,-12.07745,-77.10107
07/02/2026,0752-CHORRILLOS,F1U-821,11598357,ROMUALDO QUISPE LLANQUE,,741,3025096269,62470,QUESO FUNDIDO SABOR CHEDDAR 170GR BDT,0.17,0,ASCOY VELASQUEZ MANUEL,,SAN MIGUEL,AV MANCO II 713,-12.07745,-77.10107
07/02/2026,0752-CHORRILLOS,F1U-821,11598357,ROMUALDO QUISPE LLANQUE,,741,3025096269,62472,JAMON PIZZA PQ 100GR 6LJ OK,1.2,34.63,ASCOY VELASQUEZ MANUEL,,SAN MIGUEL,AV MANCO II 713,-12.07745,-77.10107
07/02/2026,0752-CHORRILLOS,F1U-821,11598357,ROMUALDO QUISPE LLANQUE,,741,3025096269,62474,POLACA PQ 100GR 8LJ OK,1,38.66,ASCOY VELASQUEZ MANUEL,,SAN MIGUEL,AV MANCO II 713,-12.07745,-77.10107
07/02/2026,0752-CHORRILLOS,F1U-821,11598357,ROMUALDO QUISPE LLANQUE,,741,3025096269,62476,MORTADELA ESP PQ 100GR 8LJ OK,1,26.11,ASCOY VELASQUEZ MANUEL,,SAN MIGUEL,AV MANCO II 713,-12.07745,-77.10107
07/02/2026,0752-CHORRILLOS,F1U-821,11598357,ROMUALDO QUISPE LLANQUE,,741,3025096269,62478,VIENESA 12CM PQ 5UN 175GR OK,1.93,41.48,ASCOY VELASQUEZ MANUEL,,SAN MIGUEL,AV MANCO II 713,-12.07745,-77.10107
07/02/2026,0752-CHORRILLOS,F1U-821,11734151,PEREZ LIMAY ROSA AURORA,,741,3025102018,62874,CABANOSSI 25G BDT,0.6,38.42,ASCOY VELASQUEZ MANUEL,,SAN MIGUEL,CA PAITITI 105,-12.07972,-77.10256
07/02/2026,0752-CHORRILLOS,F1U-821,11734151,PEREZ LIMAY ROSA AURORA,,741,3025102018,62876,JAMON PIZZERO 100GR BDT,0.4,10.58,ASCOY VELASQUEZ MANUEL,,SAN MIGUEL,CA PAITITI 105,-12.07972,-77.10256
07/02/2026,0752-CHORRILLOS,F1U-821,11734151,PEREZ LIMAY ROSA AURORA,,741,3025102018,62878,PACK J PIZZA Y EDAM 340GR OK,1.02,33.17,ASCOY VELASQUEZ MANUEL,,SAN MIGUEL,CA PAITITI 105,-12.07972,-77.10256
07/02/2026,0752-CHORRILLOS,F1U-821,11734151,PEREZ LIMAY ROSA AURORA,,741,3025102018,62880,JAMON PIZZA PQ 100GR 6LJ OK,0.4,11.54,ASCOY VELASQUEZ MANUEL,,SAN MIGUEL,CA PAITITI 105,-12.07972,-77.10256
07/02/2026,0752-CHORRILLOS,F1U-821,11734151,PEREZ LIMAY ROSA AURORA,,741,3025102018,62882,JAMONADA ESPECIAL PQ 100GR 8LJ OK,0.4,11.61,ASCOY VELASQUEZ MANUEL,,SAN MIGUEL,CA PAITITI 105,-12.07972,-77.10256
07/02/2026,0752-CHORRILLOS,F1U-821,11734151,PEREZ LIMAY ROSA AURORA,,741,3025102018,62884,SALCHICHA DEL NORTE PQ 3UN 250GR OK,1,31.62,ASCOY VELASQUEZ MANUEL,,SAN MIGUEL,CA PAITITI 105,-12.07972,-77.10256
07/02/2026,0752-CHORRILLOS,F1U-821,11734151,PEREZ LIMAY ROSA AURORA,,741,3025102018,62886,CHORIZO PARRI PREC 2U 140GR BDT,0.56,11.37,ASCOY VELASQUEZ MANUEL,,SAN MIGUEL,CA PAITITI 105,-12.07972,-77.10256
07/02/2026,0752-CHORRILLOS,F1U-821,11696641,ECONOMAX MERCADO EIRL,,741,3025082989,61422,SALCHICHA HUACHO 150GR BDT,1.2,28.67,ASCOY VELASQUEZ MANUEL,,SAN MIGUEL,AV LA PAZ 2050 CIUDAD DE PAPEL ALTU,-12.08166,-77.10183
07/02/2026,0752-CHORRILLOS,F1U-821,11696641,ECONOMAX MERCADO EIRL,,741,3025082989,61424,QUESO FUNDIDO SABOR CHEDDAR 170GR BDT,0.17,0,ASCOY VELASQUEZ MANUEL,,SAN MIGUEL,AV LA PAZ 2050 CIUDAD DE PAPEL ALTU,-12.08166,-77.10183
07/02/2026,0752-CHORRILLOS,F1U-821,11696641,ECONOMAX MERCADO EIRL,,741,3025082989,61426,PACK JAMONADA Y EDAM 180GR BDT,1.08,30.08,ASCOY VELASQUEZ MANUEL,,SAN MIGUEL,AV LA PAZ 2050 CIUDAD DE PAPEL ALTU,-12.08166,-77.10183
07/02/2026,0752-CHORRILLOS,F1U-821,11696641,ECONOMAX MERCADO EIRL,,741,3025082989,61428,JAMON PIZZA PQ 100GR 6LJ OK,0.6,17.32,ASCOY VELASQUEZ MANUEL,,SAN MIGUEL,AV LA PAZ 2050 CIUDAD DE PAPEL ALTU,-12.08166,-77.10183
07/02/2026,0752-CHORRILLOS,F1U-821,11696641,ECONOMAX MERCADO EIRL,,741,3025082989,61430,JAMONADA ESPECIAL PQ 100GR 8LJ OK,0.6,17.42,ASCOY VELASQUEZ MANUEL,,SAN MIGUEL,AV LA PAZ 2050 CIUDAD DE PAPEL ALTU,-12.08166,-77.10183
07/02/2026,0752-CHORRILLOS,F1U-821,11696641,ECONOMAX MERCADO EIRL,,741,3025082989,61432,VIENESA 12CM PQ 5UN 175GR OK,1.05,22.63,ASCOY VELASQUEZ MANUEL,,SAN MIGUEL,AV LA PAZ 2050 CIUDAD DE PAPEL ALTU,-12.08166,-77.10183
07/02/2026,0752-CHORRILLOS,F1U-821,11696641,ECONOMAX MERCADO EIRL,,741,3025082989,61434,CHICHARRON DE PRENSA PQ 100GR 7LJ OK,0.4,12.39,ASCOY VELASQUEZ MANUEL,,SAN MIGUEL,AV LA PAZ 2050 CIUDAD DE PAPEL ALTU,-12.08166,-77.10183
07/02/2026,0752-CHORRILLOS,F1U-821,11696641,ECONOMAX MERCADO EIRL,,741,3025082989,61436,CHORIZO PARRI PREC 2U 140GR BDT,1.12,21.83,ASCOY VELASQUEZ MANUEL,,SAN MIGUEL,AV LA PAZ 2050 CIUDAD DE PAPEL ALTU,-12.08166,-77.10183
07/02/2026,0752-CHORRILLOS,F1U-821,11696641,ECONOMAX MERCADO EIRL,,741,3025082989,61438,PACK JAMON Y QUESO 157 GR SEGO,0.47,15.85,ASCOY VELASQUEZ MANUEL,,SAN MIGUEL,AV LA PAZ 2050 CIUDAD DE PAPEL ALTU,-12.08166,-77.10183
07/02/2026,0752-CHORRILLOS,F1U-821,11656756,LA ABEJA MAYA EIRL,,741,3025083855,61508,JAMON PIZZERO 100GR BDT,0.5,13.22,ASCOY VELASQUEZ MANUEL,,SAN MIGUEL,AV COSTANERA 2238 MARANGA ALTURA CD,-12.08234,-77.1044
07/02/2026,0752-CHORRILLOS,F1U-821,11656756,LA ABEJA MAYA EIRL,,741,3025083855,61510,TOCINO AHUMADO 80GR BDT,0.24,12.39,ASCOY VELASQUEZ MANUEL,,SAN MIGUEL,AV COSTANERA 2238 MARANGA ALTURA CD,-12.08234,-77.1044
07/02/2026,0752-CHORRILLOS,F1U-821,11656756,LA ABEJA MAYA EIRL,,741,3025083855,61512,QUESO GOUDA 90GR BDT,0.36,16.24,ASCOY VELASQUEZ MANUEL,,SAN MIGUEL,AV COSTANERA 2238 MARANGA ALTURA CD,-12.08234,-77.1044
07/02/2026,0752-CHORRILLOS,F1U-821,11656756,LA ABEJA MAYA EIRL,,741,3025083855,61514,PACK JAMON Y QUESO 370GR BDT,1.85,52,ASCOY VELASQUEZ MANUEL,,SAN MIGUEL,AV COSTANERA 2238 MARANGA ALTURA CD,-12.08234,-77.1044
07/02/2026,0752-CHORRILLOS,F1U-821,11656756,LA ABEJA MAYA EIRL,,741,3025083855,61516,BOLA TIPO MOZZARELLA X 200G BDT,0.6,20.39,ASCOY VELASQUEZ MANUEL,,SAN MIGUEL,AV COSTANERA 2238 MARANGA ALTURA CD,-12.08234,-77.1044
07/02/2026,0752-CHORRILLOS,F1U-821,11656756,LA ABEJA MAYA EIRL,,741,3025083855,61518,PACK J PIZZA Y EDAM 340GR OK,1.7,52.52,ASCOY VELASQUEZ MANUEL,,SAN MIGUEL,AV COSTANERA 2238 MARANGA ALTURA CD,-12.08234,-77.1044
07/02/2026,0752-CHORRILLOS,F1U-821,11656756,LA ABEJA MAYA EIRL,,741,3025083855,61520,JAMONADA ESPECIAL PQ 100GR 8LJ OK,0.4,11.61,ASCOY VELASQUEZ MANUEL,,SAN MIGUEL,AV COSTANERA 2238 MARANGA ALTURA CD,-12.08234,-77.1044
07/02/2026,0752-CHORRILLOS,F1U-821,11656756,LA ABEJA MAYA EIRL,,741,3025083855,61522,VIENESA 12CM PQ 5UN 175GR OK,0.7,15.08,ASCOY VELASQUEZ MANUEL,,SAN MIGUEL,AV COSTANERA 2238 MARANGA ALTURA CD,-12.08234,-77.1044
07/02/2026,0752-CHORRILLOS,F1U-821,11656756,LA ABEJA MAYA EIRL,,741,3025083855,61524,MOLIDA CASERA CG UN 0.5KG SEGO,2.5,33.51,ASCOY VELASQUEZ MANUEL,,SAN MIGUEL,AV COSTANERA 2238 MARANGA ALTURA CD,-12.08234,-77.1044
07/02/2026,0752-CHORRILLOS,F1U-821,11699324,GOMEZ SEDANO MARILU NOELIA,,741,3025073673,60172,CHORIZO PARRI PREC 1KG BDT,1,29.66,ASCOY VELASQUEZ MANUEL,,SAN MIGUEL,AV COSTANERA 2238 MARANGA,-12.08229,-77.10441
07/02/2026,0752-CHORRILLOS,F1U-821,11699324,GOMEZ SEDANO MARILU NOELIA,,741,3025073673,60174,FRANKFURTER GASTRONOMIA 1KG BDT,1,19.43,ASCOY VELASQUEZ MANUEL,,SAN MIGUEL,AV COSTANERA 2238 MARANGA,-12.08229,-77.10441
07/02/2026,0752-CHORRILLOS,F1U-821,11744847,MARKET'S MARIBEL SAC,,741,3025051200,58074,PACK JAMON Y QUESO 370GR BDT,2.96,80.17,ASCOY VELASQUEZ MANUEL,,SAN MIGUEL,AV COSTANERA 2500,-12.08133,-77.10613
07/02/2026,0752-CHORRILLOS,F1U-821,11744847,MARKET'S MARIBEL SAC,,741,3025051200,58076,SALCHICHA HUACHO 150GR BDT,0.45,11.95,ASCOY VELASQUEZ MANUEL,,SAN MIGUEL,AV COSTANERA 2500,-12.08133,-77.10613
07/02/2026,0752-CHORRILLOS,F1U-821,11744847,MARKET'S MARIBEL SAC,,741,3025051200,58078,PHILADELPHIA ORIGINAL TUB 150GR KRAFT,0.9,43.27,ASCOY VELASQUEZ MANUEL,,SAN MIGUEL,AV COSTANERA 2500,-12.08133,-77.10613
07/02/2026,0752-CHORRILLOS,F1U-821,11744847,MARKET'S MARIBEL SAC,,741,3025051200,58080,PACK JAMONADA Y EDAM 180GR BDT,1.44,40.1,ASCOY VELASQUEZ MANUEL,,SAN MIGUEL,AV COSTANERA 2500,-12.08133,-77.10613
07/02/2026,0752-CHORRILLOS,F1U-821,11744847,MARKET'S MARIBEL SAC,,741,3025051200,58082,JAMON PIZZA PQ 100GR 6LJ OK,0.6,17.32,ASCOY VELASQUEZ MANUEL,,SAN MIGUEL,AV COSTANERA 2500,-12.08133,-77.10613
07/02/2026,0752-CHORRILLOS,F1U-821,11744847,MARKET'S MARIBEL SAC,,741,3025051200,58084,MORTADELA ESP PQ 100GR 8LJ OK,0.5,13.06,ASCOY VELASQUEZ MANUEL,,SAN MIGUEL,AV COSTANERA 2500,-12.08133,-77.10613
07/02/2026,0752-CHORRILLOS,F1U-821,11749590,MARIN MONTENEGRO MARIA LUZMILA,,741,3024993750,57490,CABANOSSI 25G BDT,0.3,19.21,ASCOY VELASQUEZ MANUEL,,SAN MIGUEL,AV LA PAZ 2399,-12.08005,-77.10504
07/02/2026,0752-CHORRILLOS,F1U-821,11749590,MARIN MONTENEGRO MARIA LUZMILA,,741,3024993750,57492,TOCINO AHUMADO 80GR BDT,0.16,8.26,ASCOY VELASQUEZ MANUEL,,SAN MIGUEL,AV LA PAZ 2399,-12.08005,-77.10504
07/02/2026,0752-CHORRILLOS,F1U-821,11749590,MARIN MONTENEGRO MARIA LUZMILA,,741,3024993750,57494,PACK J PIZZA Y EDAM 340GR OK,1.7,52.52,ASCOY VELASQUEZ MANUEL,,SAN MIGUEL,AV LA PAZ 2399,-12.08005,-77.10504
07/02/2026,0752-CHORRILLOS,F1U-821,11714537,COMERCIALIZADORA  AYKILU  SAC,,741,3025087514,61900,CABANOSSI 25G BDT,0.45,28.82,ASCOY VELASQUEZ MANUEL,,SAN MIGUEL,CA MARTIR JOSE OLAYA 163 MIRAMAR,-12.07996,-77.10423
07/02/2026,0752-CHORRILLOS,F1U-821,11714537,COMERCIALIZADORA  AYKILU  SAC,,741,3025087514,61902,QUESO CREMA PHILADELP BRICK 180GR KRAFT,0.54,28.79,ASCOY VELASQUEZ MANUEL,,SAN MIGUEL,CA MARTIR JOSE OLAYA 163 MIRAMAR,-12.07996,-77.10423
07/02/2026,0752-CHORRILLOS,F1U-821,11714537,COMERCIALIZADORA  AYKILU  SAC,,741,3025087514,61904,SALCHICHA DEL NORTE 150G OK,0.3,8.64,ASCOY VELASQUEZ MANUEL,,SAN MIGUEL,CA MARTIR JOSE OLAYA 163 MIRAMAR,-12.07996,-77.10423
07/02/2026,0752-CHORRILLOS,F1U-821,11714537,COMERCIALIZADORA  AYKILU  SAC,,741,3025087514,61906,QUESO FUNDIDO SABOR CHEDDAR 170GR BDT,0.17,0,ASCOY VELASQUEZ MANUEL,,SAN MIGUEL,CA MARTIR JOSE OLAYA 163 MIRAMAR,-12.07996,-77.10423
07/02/2026,0752-CHORRILLOS,F1U-821,11714537,COMERCIALIZADORA  AYKILU  SAC,,741,3025087514,61908,JAMON PIZZA PQ 100GR 6LJ OK,0.3,8.66,ASCOY VELASQUEZ MANUEL,,SAN MIGUEL,CA MARTIR JOSE OLAYA 163 MIRAMAR,-12.07996,-77.10423
07/02/2026,0752-CHORRILLOS,F1U-821,11714537,COMERCIALIZADORA  AYKILU  SAC,,741,3025087514,61910,VIENESA 12CM PQ 5UN 175GR OK,1.05,22.63,ASCOY VELASQUEZ MANUEL,,SAN MIGUEL,CA MARTIR JOSE OLAYA 163 MIRAMAR,-12.07996,-77.10423
07/02/2026,0752-CHORRILLOS,F1U-821,11719391,MALLCO  MEJIA ANTONIO,,741,3025074737,60402,CHORIZO CON SABOR A QUESO 420 GR SEGO,1.68,31.62,ASCOY VELASQUEZ MANUEL,,SAN MIGUEL,MDO SANTA ROSA PTO 25 MARANGA,-12.07752,-77.10689
07/02/2026,0752-CHORRILLOS,F1U-821,11719391,MALLCO  MEJIA ANTONIO,,741,3025074737,60404,MOLIDA ECO CG UN 1KG SEGO,4,50.86,ASCOY VELASQUEZ MANUEL,,SAN MIGUEL,MDO SANTA ROSA PTO 25 MARANGA,-12.07752,-77.10689
07/02/2026,0752-CHORRILLOS,F1U-821,11599464,PANADERIA BAGUETERIA SAMIR EIR,,741,3025086462,61854,PACK J PIZZA Y EDAM 340GR OK,2.04,62.13,ASCOY VELASQUEZ MANUEL,,SAN MIGUEL,CAL LIBERTAD 2920,-12.07699,-77.10797
07/02/2026,0752-CHORRILLOS,F1U-821,11599464,PANADERIA BAGUETERIA SAMIR EIR,,741,3025086462,61856,QUESO FUNDIDO SABOR CHEDDAR 170GR BDT,0.34,0,ASCOY VELASQUEZ MANUEL,,SAN MIGUEL,CAL LIBERTAD 2920,-12.07699,-77.10797
07/02/2026,0752-CHORRILLOS,F1U-821,11599464,PANADERIA BAGUETERIA SAMIR EIR,,741,3025086462,61858,PASTEL DE JAMON PZ 3KG OK,3,80.72,ASCOY VELASQUEZ MANUEL,,SAN MIGUEL,CAL LIBERTAD 2920,-12.07699,-77.10797
07/02/2026,0752-CHORRILLOS,F1U-821,11599464,PANADERIA BAGUETERIA SAMIR EIR,,741,3025086462,61860,VIENESA 12CM PQ 5UN 175GR OK,2.1,45.25,ASCOY VELASQUEZ MANUEL,,SAN MIGUEL,CAL LIBERTAD 2920,-12.07699,-77.10797
07/02/2026,0752-CHORRILLOS,F1U-821,11599464,PANADERIA BAGUETERIA SAMIR EIR,,741,3025086462,61862,MORTADELA PZ 2KG SEGO,2,27.14,ASCOY VELASQUEZ MANUEL,,SAN MIGUEL,CAL LIBERTAD 2920,-12.07699,-77.10797
07/02/2026,0752-CHORRILLOS,F1U-821,11599464,PANADERIA BAGUETERIA SAMIR EIR,,741,3025086462,61864,CHORIZO PARRI PREC 2U 140GR BDT,1.68,32.07,ASCOY VELASQUEZ MANUEL,,SAN MIGUEL,CAL LIBERTAD 2920,-12.07699,-77.10797
07/02/2026,0752-CHORRILLOS,F1U-821,11599464,PANADERIA BAGUETERIA SAMIR EIR,,741,3025086462,61866,PACK JAMON Y QUESO 157 GR SEGO,0.94,31.7,ASCOY VELASQUEZ MANUEL,,SAN MIGUEL,CAL LIBERTAD 2920,-12.07699,-77.10797
07/02/2026,0752-CHORRILLOS,F1U-821,11733760,SECAS HILARIO JESENIA ADA,,741,3025077657,60800,CABANOSSI 25G BDT,0.15,9.61,ASCOY VELASQUEZ MANUEL,,SAN MIGUEL,PJ CHEPEN 166,-12.07814,-77.10986
07/02/2026,0752-CHORRILLOS,F1U-821,11733760,SECAS HILARIO JESENIA ADA,,741,3025077657,60802,TOCINO AHUMADO 80GR BDT,0.16,8.26,ASCOY VELASQUEZ MANUEL,,SAN MIGUEL,PJ CHEPEN 166,-12.07814,-77.10986
07/02/2026,0752-CHORRILLOS,F1U-821,11733760,SECAS HILARIO JESENIA ADA,,741,3025077657,60804,JAMONADA ESPECIAL PQ 100GR 8LJ OK,0.4,11.61,ASCOY VELASQUEZ MANUEL,,SAN MIGUEL,PJ CHEPEN 166,-12.07814,-77.10986
07/02/2026,0752-CHORRILLOS,F1U-821,11733760,SECAS HILARIO JESENIA ADA,,741,3025077657,60806,PACK COCKTAIL PQ 16UN 320G OK,0.64,24.43,ASCOY VELASQUEZ MANUEL,,SAN MIGUEL,PJ CHEPEN 166,-12.07814,-77.10986
07/02/2026,0752-CHORRILLOS,F1U-821,11679522,ASMAT VELARDE SHIRLEY FIORELLA,,741,3025015203,57664,PATE 100GR BDT,0.8,19.3,ASCOY VELASQUEZ MANUEL,,SAN MIGUEL,AV LA PAZ 3005 MARANGA,-12.0775,-77.11017
07/02/2026,0752-CHORRILLOS,F1U-821,11679522,ASMAT VELARDE SHIRLEY FIORELLA,,741,3025015203,57666,QUESO FUNDIDO SABOR CHEDDAR 170GR BDT,0.17,0,ASCOY VELASQUEZ MANUEL,,SAN MIGUEL,AV LA PAZ 3005 MARANGA,-12.0775,-77.11017
07/02/2026,0752-CHORRILLOS,F1U-821,11679522,ASMAT VELARDE SHIRLEY FIORELLA,,741,3025015203,57668,JAMONADA ESPECIAL PZ 3KG OK,3,74.17,ASCOY VELASQUEZ MANUEL,,SAN MIGUEL,AV LA PAZ 3005 MARANGA,-12.0775,-77.11017
07/02/2026,0752-CHORRILLOS,F1U-821,11679522,ASMAT VELARDE SHIRLEY FIORELLA,,741,3025015203,57670,VIENESA 12CM PQ 5UN 175GR OK,1.05,22.63,ASCOY VELASQUEZ MANUEL,,SAN MIGUEL,AV LA PAZ 3005 MARANGA,-12.0775,-77.11017
07/02/2026,0752-CHORRILLOS,F1U-821,11679522,ASMAT VELARDE SHIRLEY FIORELLA,,741,3025015203,57672,CHICHARRON DE PRENSA PQ 100GR 7LJ OK,0.8,24.78,ASCOY VELASQUEZ MANUEL,,SAN MIGUEL,AV LA PAZ 3005 MARANGA,-12.0775,-77.11017
07/02/2026,0752-CHORRILLOS,F1U-821,11679522,ASMAT VELARDE SHIRLEY FIORELLA,,741,3025015203,57674,CHORIZO PARRI PREC 2U 140GR BDT,1.12,21.83,ASCOY VELASQUEZ MANUEL,,SAN MIGUEL,AV LA PAZ 3005 MARANGA,-12.0775,-77.11017
07/02/2026,0752-CHORRILLOS,F1U-821,6429452,CUEVA CERNA DIANA PILAR,,741,3025074355,60302,CABANOSSI 25G BDT,0.6,38.42,ASCOY VELASQUEZ MANUEL,,SAN MIGUEL,AV. LIBERTAD 2855,-12.07728,-77.10772
07/02/2026,0752-CHORRILLOS,F1U-821,6429452,CUEVA CERNA DIANA PILAR,,741,3025074355,60304,PHILADELPHIA ORIGINAL TUB 150GR KRAFT,1.8,86.53,ASCOY VELASQUEZ MANUEL,,SAN MIGUEL,AV. LIBERTAD 2855,-12.07728,-77.10772
07/02/2026,0752-CHORRILLOS,F1U-821,6429452,CUEVA CERNA DIANA PILAR,,741,3025074355,60306,HAMBURG DE RES PQ 4UN 150GR OK,0.6,18.99,ASCOY VELASQUEZ MANUEL,,SAN MIGUEL,AV. LIBERTAD 2855,-12.07728,-77.10772
07/02/2026,0752-CHORRILLOS,F1U-821,6429452,CUEVA CERNA DIANA PILAR,,741,3025074355,60308,CHORIZO PARRI PREC 2U 140GR BDT,1.68,32.07,ASCOY VELASQUEZ MANUEL,,SAN MIGUEL,AV. LIBERTAD 2855,-12.07728,-77.10772
07/02/2026,0752-CHORRILLOS,F1U-821,11734152,CALDAS TARAZONA RUTH SARAY,,741,3025069891,59846,SUP CHORIZO PREC 12U 960GR SEGO,1.92,18.24,ASCOY VELASQUEZ MANUEL,,SAN MIGUEL,AV LIBERTAD 2831,-12.07741,-77.10749
07/02/2026,0752-CHORRILLOS,F1U-821,11734152,CALDAS TARAZONA RUTH SARAY,,741,3025069891,59848,BOLA TIPO MOZZARELLA X 200G BDT,0.6,20.39,ASCOY VELASQUEZ MANUEL,,SAN MIGUEL,AV LIBERTAD 2831,-12.07741,-77.10749
07/02/2026,0752-CHORRILLOS,F1U-821,11734152,CALDAS TARAZONA RUTH SARAY,,741,3025069891,59850,CHORIZO PARRI PREC 2U 140GR BDT,0.42,8.53,ASCOY VELASQUEZ MANUEL,,SAN MIGUEL,AV LIBERTAD 2831,-12.07741,-77.10749
07/02/2026,0752-CHORRILLOS,F1U-821,11597308,ESQUIVEL PEÑA DANIEL,,741,3024995184,57534,PHILADELPHIA ORIGINAL TUB 150GR KRAFT,0.15,8.48,ASCOY VELASQUEZ MANUEL,,SAN MIGUEL,AV INSURGENTES 118 (CARNICERIA DANN,-12.07675,-77.10714
07/02/2026,0752-CHORRILLOS,F1U-821,11597308,ESQUIVEL PEÑA DANIEL,,741,3024995184,57536,MOLIDA CASERA CG UN 0.5KG SEGO,1,13.4,ASCOY VELASQUEZ MANUEL,,SAN MIGUEL,AV INSURGENTES 118 (CARNICERIA DANN,-12.07675,-77.10714
07/02/2026,0752-CHORRILLOS,F1U-821,11597308,ESQUIVEL PEÑA DANIEL,,741,3024995184,57538,CHORIZO PLANCHERO CG PQ  2KG SEGO,4,59.01,ASCOY VELASQUEZ MANUEL,,SAN MIGUEL,AV INSURGENTES 118 (CARNICERIA DANN,-12.07675,-77.10714
07/02/2026,0752-CHORRILLOS,F1U-821,11663648,MALLCO PEREDA LUIS GIOVANNI,,741,3025064338,59006,CABANOSSI 25G BDT,0.25,16.01,ASCOY VELASQUEZ MANUEL,,SAN MIGUEL,AV LA MARINA 3695,-12.07249,-77.10503
07/02/2026,0752-CHORRILLOS,F1U-821,11663648,MALLCO PEREDA LUIS GIOVANNI,,741,3025064338,59008,PACK J PIZZA Y EDAM 340GR OK,1.7,52.52,ASCOY VELASQUEZ MANUEL,,SAN MIGUEL,AV LA MARINA 3695,-12.07249,-77.10503
07/02/2026,0752-CHORRILLOS,F4Q-794,11707184,CERRON QUISPEALAYA SILVIA,,578,3024921401,57326,CHORIZO PARRI PREC 500GR BDT,12,233.16,PORTOCARRERO NINA GIANMARCO,,CHORRILLOS,MCDO SAN PEDRO PTO 181,-12.19681,-76.98094
07/02/2026,0752-CHORRILLOS,F4Q-794,11722115,COMERCIAL ALEXIS & HNOS EIRL,,578,3025017188,57700,FRANKFURTER GASTRONOMIA 1KG BDT,100,1609.13,PORTOCARRERO NINA GIANMARCO,,SAN JUAN DE MIRAFLORES,MCDO CIUDAD DE DIOS PTO 31,-12.1522,-76.97113
07/02/2026,0752-CHORRILLOS,F4Q-794,11658722,MARTINEZ CAMARENA KETTY LILA,,578,3025039564,57918,SUP CHORIZO PREC 12U 960GR SEGO,96,795.66,PORTOCARRERO NINA GIANMARCO,,SAN JUAN DE MIRAFLORES,MCDO CIUDAD DE DIOS PTO 12,-12.15218,-76.97075
07/02/2026,0752-CHORRILLOS,F4Q-794,11658722,MARTINEZ CAMARENA KETTY LILA,,578,3025062688,58816,CHORIZO PARRI PREC 500GR BDT,3,60.57,PORTOCARRERO NINA GIANMARCO,,SAN JUAN DE MIRAFLORES,MCDO CIUDAD DE DIOS PTO 12,-12.15218,-76.97075
07/02/2026,0752-CHORRILLOS,F4Q-794,11706909,PALOMINO ACUÑA ELIZABETH,,578,3025045384,58002,CHORIZO PARRI PREC 500GR BDT,2,40.55,PORTOCARRERO NINA GIANMARCO,,SAN JUAN DE MIRAFLORES,MCDO 1RO DE MAYO PTO 147,-12.16625,-76.97469
07/02/2026,0752-CHORRILLOS,F4Q-794,11706909,PALOMINO ACUÑA ELIZABETH,,578,3025045384,58004,CHORIZO FINAS HIERBAS 960 GR SEGO,2.88,29.99,PORTOCARRERO NINA GIANMARCO,,SAN JUAN DE MIRAFLORES,MCDO 1RO DE MAYO PTO 147,-12.16625,-76.97469
07/02/2026,0752-CHORRILLOS,F4Q-794,11680590,PACO SANCHEZ WALTER HUGO,,578,3025067976,59524,HOT DOG SALCH NARANJA 24U 920GR SEGO -D,27.6,184.42,PORTOCARRERO NINA GIANMARCO,,VILLA EL SALVADOR,MCDO UNICACHI PTO 370  ESPALDA DE C,-12.19872,-76.96536
07/02/2026,0752-CHORRILLOS,F4Q-794,11680590,PACO SANCHEZ WALTER HUGO,,578,3025077278,60736,FRANKFURTER GASTRONOMIA 1KG BDT,14,252.31,PORTOCARRERO NINA GIANMARCO,,VILLA EL SALVADOR,MCDO UNICACHI PTO 370  ESPALDA DE C,-12.19872,-76.96536
07/02/2026,0752-CHORRILLOS,F4Q-794,11646666,BAUTISTA TENORIO ELMER,,578,3025068963,59670,CHORIZO PARRI PREC 500GR BDT,12,233.16,PORTOCARRERO NINA GIANMARCO,,SAN JUAN DE MIRAFLORES,MCDO CIUDAD DE DIOS PTO E 27,-12.15272,-76.97117
07/02/2026,0752-CHORRILLOS,F4Q-794,11725319,POMA LEANDRO JOEL SEBASTIAN,,578,3025072281,60034,CHORIZO PARRI PREC 500GR BDT,2,40.55,PORTOCARRERO NINA GIANMARCO,,VILLA EL SALVADOR,MCDO VILLA SUR PTO E42,-12.21205,-76.9334
07/02/2026,0752-CHORRILLOS,F4Q-794,11725319,POMA LEANDRO JOEL SEBASTIAN,,578,3025072281,60036,JAMON DE PAIS 1.6KG AP SEGO,1.6,29.64,PORTOCARRERO NINA GIANMARCO,,VILLA EL SALVADOR,MCDO VILLA SUR PTO E42,-12.21205,-76.9334
07/02/2026,0752-CHORRILLOS,F4Q-794,11725319,POMA LEANDRO JOEL SEBASTIAN,,578,3025072281,60038,TOCINO ESP AHUMADO 2KG AP SEGO,2,49.82,PORTOCARRERO NINA GIANMARCO,,VILLA EL SALVADOR,MCDO VILLA SUR PTO E42,-12.21205,-76.9334
07/02/2026,0752-CHORRILLOS,F4Q-794,11725319,POMA LEANDRO JOEL SEBASTIAN,,578,3025072281,60040,CHORIZO PARRI PREC 2U 140GR BDT,0.84,16.72,PORTOCARRERO NINA GIANMARCO,,VILLA EL SALVADOR,MCDO VILLA SUR PTO E42,-12.21205,-76.9334
07/02/2026,0752-CHORRILLOS,F4Q-794,11725319,POMA LEANDRO JOEL SEBASTIAN,,578,3025079689,61064,QUESO CREMA PHILADELP BRICK 180GR KRAFT,1.8,91.37,PORTOCARRERO NINA GIANMARCO,,VILLA EL SALVADOR,MCDO VILLA SUR PTO E42,-12.21205,-76.9334
07/02/2026,0752-CHORRILLOS,F4Q-794,11655250,ATAUPILLCO QUISPE FRANKLIN,,578,3025074943,60462,CHORIZO PARRI PREC 500GR BDT,7.5,148.58,PORTOCARRERO NINA GIANMARCO,,VILLA EL SALVADOR,MCDO DE UNICACHI PTO 228,-12.19852,-76.965
07/02/2026,0752-CHORRILLOS,F4Q-794,11655250,ATAUPILLCO QUISPE FRANKLIN,,578,3025074943,60464,PEPERONI PQ 0.5KG SEGO,7.5,173.66,PORTOCARRERO NINA GIANMARCO,,VILLA EL SALVADOR,MCDO DE UNICACHI PTO 228,-12.19852,-76.965
07/02/2026,0752-CHORRILLOS,F4Q-794,6347532,CASTRO QUISPE ROSA,,578,3025076596,60632,CHORIZO FINAS HIERBAS 960 GR SEGO,19.2,193.94,PORTOCARRERO NINA GIANMARCO,,VILLA EL SALVADOR,MCDO PLAZA VILLA SUR PTO F 33-35,-12.21237,-76.93325
07/02/2026,0752-CHORRILLOS,F4Q-794,11729843,INVERSIONES JANICK Y MARI EIRL,,578,3025078127,60882,CABANOSSI AL VACIO 24U 600GR BDT,0.6,37.15,PORTOCARRERO NINA GIANMARCO,,VILLA EL SALVADOR,MCDO UNICAHI PTO 246,-12.19837,-76.96535
07/02/2026,0752-CHORRILLOS,F4Q-794,11554191,YBANA GUTIERREZ VENANCIO,,578,3025079232,61020,CHORIZO PARRI PREC 500GR BDT,5,100.11,PORTOCARRERO NINA GIANMARCO,,VILLA EL SALVADOR,MCDO PLAZA VILLA SUR PTO E 46,-12.21218,-76.93331
07/02/2026,0752-CHORRILLOS,F4Q-794,11554191,YBANA GUTIERREZ VENANCIO,,578,3025079232,61022,CHORIZO PARRI PREC 2U 140GR BDT,1.68,33.43,PORTOCARRERO NINA GIANMARCO,,VILLA EL SALVADOR,MCDO PLAZA VILLA SUR PTO E 46,-12.21218,-76.93331
07/02/2026,0752-CHORRILLOS,F4Q-794,11554191,YBANA GUTIERREZ VENANCIO,,578,3025079233,61024,CABANOSSI AL VACIO 24U 600GR BDT,0.6,37.15,PORTOCARRERO NINA GIANMARCO,,VILLA EL SALVADOR,MCDO PLAZA VILLA SUR PTO E 46,-12.21218,-76.93331
07/02/2026,0752-CHORRILLOS,F4Q-794,11700835,AQUINO VILCHEZ ANGEL OMAR,,578,3025079653,61050,QUESO CREMA PHILADELP BRICK 180GR KRAFT,5.04,241.07,PORTOCARRERO NINA GIANMARCO,,VILLA EL SALVADOR,MCDO PLAZA VILLASUR PTO 32E,-12.21214,-76.93331
07/02/2026,0752-CHORRILLOS,F4Q-794,11700835,AQUINO VILCHEZ ANGEL OMAR,,578,3025079653,61052,SUP CHORIZO PREC 12U 960GR SEGO,19.2,169.86,PORTOCARRERO NINA GIANMARCO,,VILLA EL SALVADOR,MCDO PLAZA VILLASUR PTO 32E,-12.21214,-76.93331
07/02/2026,0752-CHORRILLOS,F4Q-794,11700835,AQUINO VILCHEZ ANGEL OMAR,,578,3025079653,61054,PACK J PIZZA Y EDAM 340GR OK,2.38,71.28,PORTOCARRERO NINA GIANMARCO,,VILLA EL SALVADOR,MCDO PLAZA VILLASUR PTO 32E,-12.21214,-76.93331
07/02/2026,0752-CHORRILLOS,F4Q-794,11700835,AQUINO VILCHEZ ANGEL OMAR,,578,3025079653,61056,VIENESA 12CM PQ 5UN 175GR OK,0.18,3.7,PORTOCARRERO NINA GIANMARCO,,VILLA EL SALVADOR,MCDO PLAZA VILLASUR PTO 32E,-12.21214,-76.93331
07/02/2026,0752-CHORRILLOS,F4Q-794,11700835,AQUINO VILCHEZ ANGEL OMAR,,578,3025079653,61058,TOCINO CUL PQ 500GR 20GR 25LJ OK,12,319.5,PORTOCARRERO NINA GIANMARCO,,VILLA EL SALVADOR,MCDO PLAZA VILLASUR PTO 32E,-12.21214,-76.93331
07/02/2026,0752-CHORRILLOS,F4Q-794,11700835,AQUINO VILCHEZ ANGEL OMAR,,578,3025079654,61060,JAMON PIZZERO 3.8KG AP BDT,11.4,200.38,PORTOCARRERO NINA GIANMARCO,,VILLA EL SALVADOR,MCDO PLAZA VILLASUR PTO 32E,-12.21214,-76.93331
07/02/2026,0752-CHORRILLOS,F4Q-794,11678109,MUÑOZ LAPA ESTHER,,578,3025080274,61158,CHORIZO PLANCHERO CG PQ  2KG SEGO,100,1445.8,PORTOCARRERO NINA GIANMARCO,,SAN JUAN DE MIRAFLORES,MCDO CIUDAD DE DIOS PTO 11,-12.1521,-76.97075
07/02/2026,0752-CHORRILLOS,F4Q-794,11678109,MUÑOZ LAPA ESTHER,,578,3025089395,62048,JAMON REDONDO AHUMADO PQ 0.5KG SEGO,25,529.48,PORTOCARRERO NINA GIANMARCO,,SAN JUAN DE MIRAFLORES,MCDO CIUDAD DE DIOS PTO 11,-12.1521,-76.97075
07/02/2026,0752-CHORRILLOS,F4Q-794,11599032,ORTIZ CONISLLA HENRRY,,578,3025083493,61468,HOT DOG SALCH NARANJA 24U 920GR SEGO -D,9.2,63.05,PORTOCARRERO NINA GIANMARCO,,VILLA EL SALVADOR,MCDO 24 DE JUNIO PTO 117,-12.206,-76.94225
07/02/2026,0752-CHORRILLOS,F4Q-794,11599032,ORTIZ CONISLLA HENRRY,,578,3025083493,61470,SALCHICHA DE POLLO 200G SEGO,3.6,30.63,PORTOCARRERO NINA GIANMARCO,,VILLA EL SALVADOR,MCDO 24 DE JUNIO PTO 117,-12.206,-76.94225
07/02/2026,0752-CHORRILLOS,F4Q-794,11599032,ORTIZ CONISLLA HENRRY,,578,3025083493,61472,SALCH VIENESA ESP PQ 10UN 500GR OK,5,50.84,PORTOCARRERO NINA GIANMARCO,,VILLA EL SALVADOR,MCDO 24 DE JUNIO PTO 117,-12.206,-76.94225
07/02/2026,0752-CHORRILLOS,F4Q-794,11599032,ORTIZ CONISLLA HENRRY,,578,3025083493,61474,HOT DOG SALCHIP ROSA PQ 24U SEGO,9.2,63.05,PORTOCARRERO NINA GIANMARCO,,VILLA EL SALVADOR,MCDO 24 DE JUNIO PTO 117,-12.206,-76.94225
07/02/2026,0752-CHORRILLOS,F4Q-794,11605503,LLONTOP MORA MARIA KARINA,,578,3025084322,61594,QUESO CREMA PHILADELP BRICK 180GR KRAFT,5.04,241.07,PORTOCARRERO NINA GIANMARCO,,VILLA EL SALVADOR,MCDO PLAZA VILLA SUR PTO 48 E,-12.21224,-76.93329
07/02/2026,0752-CHORRILLOS,F4Q-794,11605503,LLONTOP MORA MARIA KARINA,,578,3025084322,61596,TOCINO AHUM CP PZ 4KG AP SEGO,4,122.59,PORTOCARRERO NINA GIANMARCO,,VILLA EL SALVADOR,MCDO PLAZA VILLA SUR PTO 48 E,-12.21224,-76.93329
07/02/2026,0752-CHORRILLOS,F4Q-794,11634546,QUISPE CCOÑISLLA PEPE,,578,3025085518,61724,LOMO AHUMADO 1.6 KG SEGO,1.6,41.03,PORTOCARRERO NINA GIANMARCO,,VILLA EL SALVADOR,MCDO PLAZA VILLA SUR PTO F 37,-12.21213,-76.93356
07/02/2026,0752-CHORRILLOS,F4Q-794,11634546,QUISPE CCOÑISLLA PEPE,,578,3025085518,61726,VIENESA 12CM PQ 5UN 175GR OK,2.1,44.34,PORTOCARRERO NINA GIANMARCO,,VILLA EL SALVADOR,MCDO PLAZA VILLA SUR PTO F 37,-12.21213,-76.93356
07/02/2026,0752-CHORRILLOS,F4Q-794,11721887,CUARESMA PAQUIYAURI JASMIN MAR,,578,3025089397,62052,CHORIZO PREC PQ 0.5KG SEGO,50,745.75,PORTOCARRERO NINA GIANMARCO,,SAN JUAN DE MIRAFLORES,MCDO CIUDAD DE DIOS PTO 13,-12.15277,-76.97104
07/02/2026,0752-CHORRILLOS,F4Q-794,11721887,CUARESMA PAQUIYAURI JASMIN MAR,,578,3025099042,62628,VIENESA AHUMADA 1KG SEGO,20,183.74,PORTOCARRERO NINA GIANMARCO,,SAN JUAN DE MIRAFLORES,MCDO CIUDAD DE DIOS PTO 13,-12.15277,-76.97104
07/02/2026,0752-CHORRILLOS,F4Q-794,11751747,COMERCIALIZADORA K Y D EIRL,,578,3025093166,62204,CHORIZO PLANCHERO CG PQ  2KG SEGO,6,86.75,PORTOCARRERO NINA GIANMARCO,,VILLA EL SALVADOR,MCDO 24 DE JUNIO PTO C60,-12.20561,-76.9424
07/02/2026,0752-CHORRILLOS,F4Q-794,11741528,GUTIERREZ VELASQUE ROSA,,578,3025093652,62238,JAMON PIZZA 3.4 - 3.5 KG OK,10.35,200.02,PORTOCARRERO NINA GIANMARCO,,SAN JUAN DE MIRAFLORES,MCDO COOP 1 DE MAYO PTO 132,-12.1663,-76.97469
07/02/2026,0752-CHORRILLOS,F4Q-794,11741528,GUTIERREZ VELASQUE ROSA,,578,3025093652,62240,MORTADELA ESPECIAL PZ 2.9KG OK,2.9,63.01,PORTOCARRERO NINA GIANMARCO,,SAN JUAN DE MIRAFLORES,MCDO COOP 1 DE MAYO PTO 132,-12.1663,-76.97469
07/02/2026,0752-CHORRILLOS,F4Q-794,11741528,GUTIERREZ VELASQUE ROSA,,578,3025093652,62242,VIENESA 12CM PQ 5UN 175GR OK,1.05,22.17,PORTOCARRERO NINA GIANMARCO,,SAN JUAN DE MIRAFLORES,MCDO COOP 1 DE MAYO PTO 132,-12.1663,-76.97469
07/02/2026,0752-CHORRILLOS,F4Q-794,11741528,GUTIERREZ VELASQUE ROSA,,578,3025093652,62244,COSTILLA AHUM BLS 2KG SEGO,2,44.49,PORTOCARRERO NINA GIANMARCO,,SAN JUAN DE MIRAFLORES,MCDO COOP 1 DE MAYO PTO 132,-12.1663,-76.97469
07/02/2026,0752-CHORRILLOS,F4Q-794,11741528,GUTIERREZ VELASQUE ROSA,,578,3025093652,62246,TOCINO AHUM CP MED PZ 2KG AP SEGO,2,67.34,PORTOCARRERO NINA GIANMARCO,,SAN JUAN DE MIRAFLORES,MCDO COOP 1 DE MAYO PTO 132,-12.1663,-76.97469
07/02/2026,0752-CHORRILLOS,F4Q-794,11743879,SULCA QUISPE NANCY GLADYS,,578,3025095331,62334,HOT DOG SALCH NARANJA 24U 920GR SEGO -D,27.6,183.04,PORTOCARRERO NINA GIANMARCO,,SAN JUAN DE MIRAFLORES,MCDO CIUDAD DE DIOS PTO E5,-12.15275,-76.97097
07/02/2026,0752-CHORRILLOS,F4Q-794,11743879,SULCA QUISPE NANCY GLADYS,,578,3025095331,62336,TOCINO ESP AHUMADO 2KG AP SEGO,4,99.64,PORTOCARRERO NINA GIANMARCO,,SAN JUAN DE MIRAFLORES,MCDO CIUDAD DE DIOS PTO E5,-12.15275,-76.97097
07/02/2026,0752-CHORRILLOS,F4Q-794,6350295,ALANIA ESPINOZA DIGNO,,578,3025095660,62366,COSTILLA AHUM BLS 2KG SEGO,2,44.49,PORTOCARRERO NINA GIANMARCO,,SAN JUAN DE MIRAFLORES,MCDO CIUDAD DE DIOS PTO 26,-12.15187,-76.97079
07/02/2026,0752-CHORRILLOS,F4Q-794,6350295,ALANIA ESPINOZA DIGNO,,578,3025095660,62368,TOCINO AHUM CP PZ 4KG AP SEGO,8,245.18,PORTOCARRERO NINA GIANMARCO,,SAN JUAN DE MIRAFLORES,MCDO CIUDAD DE DIOS PTO 26,-12.15187,-76.97079
07/02/2026,0752-CHORRILLOS,F4Q-794,11741593,ZAVALA GAGO LEONARDA BENITA,,578,3025099055,62632,SUP CHORIZO PREC 12U 960GR SEGO,96,795.66,PORTOCARRERO NINA GIANMARCO,,VILLA EL SALVADOR,MCDO MAYORISTA UNICACHI PTO A2,-12.19893,-76.96566
07/02/2026,0752-CHORRILLOS,F4Q-794,6352529,YAPUCHURA MAMANI ELSA,,578,3025099826,62690,CHORIZO FINAS HIERBAS 960 GR SEGO,48,465.86,PORTOCARRERO NINA GIANMARCO,,SAN JUAN DE MIRAFLORES,MCDO CIUDAD DE DIOS PTO 32,-12.15221,-76.97109
07/02/2026,0752-CHORRILLOS,F7X-798,11599687,ROCINA ABANTO PAREDES,,577,3025081114,61204,PATE 100GR BDT,0.6,14.47,CUEVA RUIZ JEFFREY RICARTHY,,SANTIAGO DE SURCO,LOMA VERDE 306 INT 101 PLG BENAVIDE,-12.13861,-76.98836
07/02/2026,0752-CHORRILLOS,F7X-798,11599687,ROCINA ABANTO PAREDES,,577,3025081114,61206,QUESO EDAM SR 180GR BDT,0.36,17.14,CUEVA RUIZ JEFFREY RICARTHY,,SANTIAGO DE SURCO,LOMA VERDE 306 INT 101 PLG BENAVIDE,-12.13861,-76.98836
07/02/2026,0752-CHORRILLOS,F7X-798,11599687,ROCINA ABANTO PAREDES,,577,3025081114,61208,PACK JAMON Y QUESO 370GR BDT,2.22,61.64,CUEVA RUIZ JEFFREY RICARTHY,,SANTIAGO DE SURCO,LOMA VERDE 306 INT 101 PLG BENAVIDE,-12.13861,-76.98836
07/02/2026,0752-CHORRILLOS,F7X-798,11599687,ROCINA ABANTO PAREDES,,577,3025081114,61210,SALCHICHA HUACHO 150GR BDT,0.9,22.1,CUEVA RUIZ JEFFREY RICARTHY,,SANTIAGO DE SURCO,LOMA VERDE 306 INT 101 PLG BENAVIDE,-12.13861,-76.98836
07/02/2026,0752-CHORRILLOS,F7X-798,11599687,ROCINA ABANTO PAREDES,,577,3025081114,61212,QUESO CREMA PHILADELP BRICK 180GR KRAFT,1.08,55.14,CUEVA RUIZ JEFFREY RICARTHY,,SANTIAGO DE SURCO,LOMA VERDE 306 INT 101 PLG BENAVIDE,-12.13861,-76.98836
07/02/2026,0752-CHORRILLOS,F7X-798,11599687,ROCINA ABANTO PAREDES,,577,3025081114,61214,HOT DOG TRADICIONAL 200GR BDT,0.8,12.45,CUEVA RUIZ JEFFREY RICARTHY,,SANTIAGO DE SURCO,LOMA VERDE 306 INT 101 PLG BENAVIDE,-12.13861,-76.98836
07/02/2026,0752-CHORRILLOS,F7X-798,11599687,ROCINA ABANTO PAREDES,,577,3025081114,61216,SALCHICHA DEL NORTE 150G OK,0.9,25.92,CUEVA RUIZ JEFFREY RICARTHY,,SANTIAGO DE SURCO,LOMA VERDE 306 INT 101 PLG BENAVIDE,-12.13861,-76.98836
07/02/2026,0752-CHORRILLOS,F7X-798,11599687,ROCINA ABANTO PAREDES,,577,3025081114,61218,PACK J PIZZA Y EDAM 340GR OK,2.04,62.13,CUEVA RUIZ JEFFREY RICARTHY,,SANTIAGO DE SURCO,LOMA VERDE 306 INT 101 PLG BENAVIDE,-12.13861,-76.98836
07/02/2026,0752-CHORRILLOS,F7X-798,11599687,ROCINA ABANTO PAREDES,,577,3025081114,61220,PACK PAVITA Y MOZZARELLA 340GR BDT BALAN,2.04,69.39,CUEVA RUIZ JEFFREY RICARTHY,,SANTIAGO DE SURCO,LOMA VERDE 306 INT 101 PLG BENAVIDE,-12.13861,-76.98836
07/02/2026,0752-CHORRILLOS,F7X-798,11599687,ROCINA ABANTO PAREDES,,577,3025081114,61222,QUESO FUNDIDO SABOR CHEDDAR 170GR BDT,0.17,0,CUEVA RUIZ JEFFREY RICARTHY,,SANTIAGO DE SURCO,LOMA VERDE 306 INT 101 PLG BENAVIDE,-12.13861,-76.98836
07/02/2026,0752-CHORRILLOS,F7X-798,11599687,ROCINA ABANTO PAREDES,,577,3025081114,61224,PACK JAMONADA Y EDAM 180GR BDT,1.08,30.08,CUEVA RUIZ JEFFREY RICARTHY,,SANTIAGO DE SURCO,LOMA VERDE 306 INT 101 PLG BENAVIDE,-12.13861,-76.98836
07/02/2026,0752-CHORRILLOS,F7X-798,11599687,ROCINA ABANTO PAREDES,,577,3025081114,61226,JAMON DE PAVITA PQ 200GR 8LJ OK,0.8,46.67,CUEVA RUIZ JEFFREY RICARTHY,,SANTIAGO DE SURCO,LOMA VERDE 306 INT 101 PLG BENAVIDE,-12.13861,-76.98836
07/02/2026,0752-CHORRILLOS,F7X-798,11599687,ROCINA ABANTO PAREDES,,577,3025081114,61228,JAMON INGLES PQ 200GR 8LJ OK,1.2,75.58,CUEVA RUIZ JEFFREY RICARTHY,,SANTIAGO DE SURCO,LOMA VERDE 306 INT 101 PLG BENAVIDE,-12.13861,-76.98836
07/02/2026,0752-CHORRILLOS,F7X-798,11599687,ROCINA ABANTO PAREDES,,577,3025081114,61230,JAMON DEL PAIS PQ 150GR 8LJ OK,0.45,25.7,CUEVA RUIZ JEFFREY RICARTHY,,SANTIAGO DE SURCO,LOMA VERDE 306 INT 101 PLG BENAVIDE,-12.13861,-76.98836
07/02/2026,0752-CHORRILLOS,F7X-798,11599687,ROCINA ABANTO PAREDES,,577,3025081114,61232,JAMON PIZZA PQ 100GR 6LJ OK,0.6,17.32,CUEVA RUIZ JEFFREY RICARTHY,,SANTIAGO DE SURCO,LOMA VERDE 306 INT 101 PLG BENAVIDE,-12.13861,-76.98836
07/02/2026,0752-CHORRILLOS,F7X-798,11599687,ROCINA ABANTO PAREDES,,577,3025081114,61234,LOMO AHUMADO PQ 150GR 6LJ OK,0.6,37.84,CUEVA RUIZ JEFFREY RICARTHY,,SANTIAGO DE SURCO,LOMA VERDE 306 INT 101 PLG BENAVIDE,-12.13861,-76.98836
07/02/2026,0752-CHORRILLOS,F7X-798,11599687,ROCINA ABANTO PAREDES,,577,3025081114,61236,JAMONADA BOLOGNA PQ 100GR 8LJ OK,0.4,6.53,CUEVA RUIZ JEFFREY RICARTHY,,SANTIAGO DE SURCO,LOMA VERDE 306 INT 101 PLG BENAVIDE,-12.13861,-76.98836
07/02/2026,0752-CHORRILLOS,F7X-798,11599687,ROCINA ABANTO PAREDES,,577,3025081114,61238,JAMONADA ESPECIAL PQ 100GR 8LJ OK,0.6,17.42,CUEVA RUIZ JEFFREY RICARTHY,,SANTIAGO DE SURCO,LOMA VERDE 306 INT 101 PLG BENAVIDE,-12.13861,-76.98836
07/02/2026,0752-CHORRILLOS,F7X-798,11599687,ROCINA ABANTO PAREDES,,577,3025081114,61240,PASTEL DE JAMON PQ 150GR OK,0.6,19.09,CUEVA RUIZ JEFFREY RICARTHY,,SANTIAGO DE SURCO,LOMA VERDE 306 INT 101 PLG BENAVIDE,-12.13861,-76.98836
07/02/2026,0752-CHORRILLOS,F7X-798,11599687,ROCINA ABANTO PAREDES,,577,3025081114,61242,JAMONADA ESP POLLO PQ 100GR 8LJ OK,0.4,11.66,CUEVA RUIZ JEFFREY RICARTHY,,SANTIAGO DE SURCO,LOMA VERDE 306 INT 101 PLG BENAVIDE,-12.13861,-76.98836
07/02/2026,0752-CHORRILLOS,F7X-798,11599687,ROCINA ABANTO PAREDES,,577,3025081114,61244,POLACA PQ 100GR 8LJ OK,0.5,19.33,CUEVA RUIZ JEFFREY RICARTHY,,SANTIAGO DE SURCO,LOMA VERDE 306 INT 101 PLG BENAVIDE,-12.13861,-76.98836
07/02/2026,0752-CHORRILLOS,F7X-798,11599687,ROCINA ABANTO PAREDES,,577,3025081114,61246,MORTADELA ESP PQ 100GR 8LJ OK,0.4,10.44,CUEVA RUIZ JEFFREY RICARTHY,,SANTIAGO DE SURCO,LOMA VERDE 306 INT 101 PLG BENAVIDE,-12.13861,-76.98836
07/02/2026,0752-CHORRILLOS,F7X-798,11599687,ROCINA ABANTO PAREDES,,577,3025081114,61248,VIENESA 12CM PQ 5UN 175GR OK,1.05,22.63,CUEVA RUIZ JEFFREY RICARTHY,,SANTIAGO DE SURCO,LOMA VERDE 306 INT 101 PLG BENAVIDE,-12.13861,-76.98836
07/02/2026,0752-CHORRILLOS,F7X-798,11599687,ROCINA ABANTO PAREDES,,577,3025081114,61250,CHORIZO PARRILLERO PQ 4UN 400GR OK,1.2,43.07,CUEVA RUIZ JEFFREY RICARTHY,,SANTIAGO DE SURCO,LOMA VERDE 306 INT 101 PLG BENAVIDE,-12.13861,-76.98836
07/02/2026,0752-CHORRILLOS,F7X-798,11599687,ROCINA ABANTO PAREDES,,577,3025081114,61252,MTO CHORIZO FINAS HIERBAS PQ 400GR OK,0.8,41.31,CUEVA RUIZ JEFFREY RICARTHY,,SANTIAGO DE SURCO,LOMA VERDE 306 INT 101 PLG BENAVIDE,-12.13861,-76.98836
07/02/2026,0752-CHORRILLOS,F7X-798,11599687,ROCINA ABANTO PAREDES,,577,3025081114,61254,CHICHARRON DE PRENSA PQ 100GR 7LJ OK,0.6,18.58,CUEVA RUIZ JEFFREY RICARTHY,,SANTIAGO DE SURCO,LOMA VERDE 306 INT 101 PLG BENAVIDE,-12.13861,-76.98836
07/02/2026,0752-CHORRILLOS,F7X-798,11733201,OJEDA YARANGA PERCY,,577,3024995189,57540,PATE 100GR BDT,0.6,14.47,CUEVA RUIZ JEFFREY RICARTHY,,SANTIAGO DE SURCO,AV SURCO 650,-12.14089,-76.99482
07/02/2026,0752-CHORRILLOS,F7X-798,11733201,OJEDA YARANGA PERCY,,577,3024995189,57542,QUESO CREMA PHILADELP BRICK 180GR KRAFT,0.72,37.84,CUEVA RUIZ JEFFREY RICARTHY,,SANTIAGO DE SURCO,AV SURCO 650,-12.14089,-76.99482
07/02/2026,0752-CHORRILLOS,F7X-798,11733201,OJEDA YARANGA PERCY,,577,3024995189,57544,PACK J PIZZA Y EDAM 340GR OK,2.72,80.48,CUEVA RUIZ JEFFREY RICARTHY,,SANTIAGO DE SURCO,AV SURCO 650,-12.14089,-76.99482
07/02/2026,0752-CHORRILLOS,F7X-798,11733201,OJEDA YARANGA PERCY,,577,3024995189,57546,JAMON PIZZA PQ 100GR 6LJ OK,0.6,17.32,CUEVA RUIZ JEFFREY RICARTHY,,SANTIAGO DE SURCO,AV SURCO 650,-12.14089,-76.99482
07/02/2026,0752-CHORRILLOS,F7X-798,11733201,OJEDA YARANGA PERCY,,577,3024995189,57548,JAMONADA ESPECIAL PQ 100GR 8LJ OK,1,29.03,CUEVA RUIZ JEFFREY RICARTHY,,SANTIAGO DE SURCO,AV SURCO 650,-12.14089,-76.99482
07/02/2026,0752-CHORRILLOS,F7X-798,11733201,OJEDA YARANGA PERCY,,577,3024995189,57550,SALCH HUACHO UN 0.25KG SEGO,1.25,21.56,CUEVA RUIZ JEFFREY RICARTHY,,SANTIAGO DE SURCO,AV SURCO 650,-12.14089,-76.99482
07/02/2026,0752-CHORRILLOS,F7X-798,11733201,OJEDA YARANGA PERCY,,577,3024995189,57552,CHORIZO PARRI PREC 2U 140GR BDT,1.12,21.83,CUEVA RUIZ JEFFREY RICARTHY,,SANTIAGO DE SURCO,AV SURCO 650,-12.14089,-76.99482
07/02/2026,0752-CHORRILLOS,F7X-798,11605595,VALDEZ CHIPANA ANA NORMA,,577,3025077633,60764,JAMON PIZZERO 3.8KG AP BDT,3.8,72.51,CUEVA RUIZ JEFFREY RICARTHY,,SANTIAGO DE SURCO,AV SURCO 676 LA VIRREYNA,-12.14064,-76.99458
07/02/2026,0752-CHORRILLOS,F7X-798,11605595,VALDEZ CHIPANA ANA NORMA,,577,3025077633,60766,JAMONADA POLACA 3KG AP BDT,3,87.24,CUEVA RUIZ JEFFREY RICARTHY,,SANTIAGO DE SURCO,AV SURCO 676 LA VIRREYNA,-12.14064,-76.99458
07/02/2026,0752-CHORRILLOS,F7X-798,11605595,VALDEZ CHIPANA ANA NORMA,,577,3025077633,60768,QUESO EDAM EU 3KG AP BDT,3,111.58,CUEVA RUIZ JEFFREY RICARTHY,,SANTIAGO DE SURCO,AV SURCO 676 LA VIRREYNA,-12.14064,-76.99458
07/02/2026,0752-CHORRILLOS,F7X-798,11758088,PIZZERIA DON PIZZA EIRL,,720,3025061967,58726,FRANKFURTER GASTRONOMIA 2KG BDT,8,189.56,CUEVA RUIZ JEFFREY RICARTHY,,SANTIAGO DE SURCO,AV SURCO 738 URB LA VIRREYNA,-12.13977,-76.99414
07/02/2026,0752-CHORRILLOS,F7X-798,11758088,PIZZERIA DON PIZZA EIRL,,720,3025061967,58728,JAMON PIZZERO 500GR BDT,29,701.8,CUEVA RUIZ JEFFREY RICARTHY,,SANTIAGO DE SURCO,AV SURCO 738 URB LA VIRREYNA,-12.13977,-76.99414
07/02/2026,0752-CHORRILLOS,F7X-798,11758088,PIZZERIA DON PIZZA EIRL,,720,3025061967,58730,PEPPERONI GASTRONOM?A 500GR BDT,4,109.6,CUEVA RUIZ JEFFREY RICARTHY,,SANTIAGO DE SURCO,AV SURCO 738 URB LA VIRREYNA,-12.13977,-76.99414
07/02/2026,0752-CHORRILLOS,F7X-798,11758088,PIZZERIA DON PIZZA EIRL,,720,3025061967,58732,CHORIZO AHUMADO 400GR BDT,3.2,136.48,CUEVA RUIZ JEFFREY RICARTHY,,SANTIAGO DE SURCO,AV SURCO 738 URB LA VIRREYNA,-12.13977,-76.99414
07/02/2026,0752-CHORRILLOS,F7X-798,11758088,PIZZERIA DON PIZZA EIRL,,720,3025061967,58734,TOCINO CULINARIO PZ 3.4 A 4.3KG OK,13.6,232.18,CUEVA RUIZ JEFFREY RICARTHY,,SANTIAGO DE SURCO,AV SURCO 738 URB LA VIRREYNA,-12.13977,-76.99414
07/02/2026,0752-CHORRILLOS,F7X-798,11758088,PIZZERIA DON PIZZA EIRL,,720,3025098643,62608,PIZZA TOPPING CG CAJA 12 KG MT,12,261.6,CUEVA RUIZ JEFFREY RICARTHY,,SANTIAGO DE SURCO,AV SURCO 738 URB LA VIRREYNA,-12.13977,-76.99414
07/02/2026,0752-CHORRILLOS,F7X-798,11654383,FLORES ACUÑA RONNY ROY,,577,3025065524,59046,QUESO FUNDIDO SABOR CHEDDAR 170GR BDT,0.34,0,CUEVA RUIZ JEFFREY RICARTHY,,SANTIAGO DE SURCO,CAL DOÑA VIRGINIA 195 URB LOS ROSAL,-12.14115,-76.9986
07/02/2026,0752-CHORRILLOS,F7X-798,11654383,FLORES ACUÑA RONNY ROY,,577,3025065524,59048,QUESO EDAM 90GR BDT,0.9,39.05,CUEVA RUIZ JEFFREY RICARTHY,,SANTIAGO DE SURCO,CAL DOÑA VIRGINIA 195 URB LOS ROSAL,-12.14115,-76.9986
07/02/2026,0752-CHORRILLOS,F7X-798,11654383,FLORES ACUÑA RONNY ROY,,577,3025065524,59050,POLACA PQ 100GR 8LJ OK,1.5,57.99,CUEVA RUIZ JEFFREY RICARTHY,,SANTIAGO DE SURCO,CAL DOÑA VIRGINIA 195 URB LOS ROSAL,-12.14115,-76.9986
07/02/2026,0752-CHORRILLOS,F7X-798,11654383,FLORES ACUÑA RONNY ROY,,577,3025065524,59052,VIENESA 12CM PQ 5UN 175GR OK,2.63,56.57,CUEVA RUIZ JEFFREY RICARTHY,,SANTIAGO DE SURCO,CAL DOÑA VIRGINIA 195 URB LOS ROSAL,-12.14115,-76.9986
07/02/2026,0752-CHORRILLOS,F7X-798,11654383,FLORES ACUÑA RONNY ROY,,577,3025065524,59054,CHICHARRON DE PRENSA PQ 100GR 7LJ OK,1,30.97,CUEVA RUIZ JEFFREY RICARTHY,,SANTIAGO DE SURCO,CAL DOÑA VIRGINIA 195 URB LOS ROSAL,-12.14115,-76.9986
07/02/2026,0752-CHORRILLOS,F7X-798,11648512,INVERSIONES ALIMENTARIAS Y COM,,720,3025100317,62716,HAMBURG DE RES PQ 4UN 150GR OK,1.2,28.44,CUEVA RUIZ JEFFREY RICARTHY,,SANTIAGO DE SURCO,CA DOÑA VIRGINIA 119 LOS ROSALES,-12.14043,-76.99925
07/02/2026,0752-CHORRILLOS,F7X-798,11648512,INVERSIONES ALIMENTARIAS Y COM,,720,3025100317,62718,HAMBURG DE RES PQ 8UN 85GR OK,0.68,16.52,CUEVA RUIZ JEFFREY RICARTHY,,SANTIAGO DE SURCO,CA DOÑA VIRGINIA 119 LOS ROSALES,-12.14043,-76.99925
07/02/2026,0752-CHORRILLOS,F7X-798,11648512,INVERSIONES ALIMENTARIAS Y COM,,720,3025100317,62720,SALCHICHA DEL NORTE BLS 2KG 100GR OK,4,123.2,CUEVA RUIZ JEFFREY RICARTHY,,SANTIAGO DE SURCO,CA DOÑA VIRGINIA 119 LOS ROSALES,-12.14043,-76.99925
07/02/2026,0752-CHORRILLOS,F7X-798,11648512,INVERSIONES ALIMENTARIAS Y COM,,720,3025100317,62722,RELLENO UN 0.5KG SEGO,25,301.5,CUEVA RUIZ JEFFREY RICARTHY,,SANTIAGO DE SURCO,CA DOÑA VIRGINIA 119 LOS ROSALES,-12.14043,-76.99925
07/02/2026,0752-CHORRILLOS,F7X-798,11657236,GALVEZ GUTIERREZ JOSE FRANCISC,,581,3025078872,60962,PACK JAMON Y QUESO 370GR BDT,1.48,42.1,CUEVA RUIZ JEFFREY RICARTHY,,SANTIAGO DE SURCO,AV PROL. PASEO DE LA REPÚBLICA 7708,-12.14182,-77.0037
07/02/2026,0752-CHORRILLOS,F7X-798,11646284,CONTRERAS CUBAS JOSE ORLANDO,,581,3025078290,60932,HOT DOG TRADICIONAL 200GR BDT,0.8,12.45,CUEVA RUIZ JEFFREY RICARTHY,,SANTIAGO DE SURCO,CL COMBATE DE IQUIQUE 283,-12.14209,-77.00591
07/02/2026,0752-CHORRILLOS,F7X-798,11646284,CONTRERAS CUBAS JOSE ORLANDO,,581,3025078290,60934,PACK J PIZZA Y EDAM 340GR OK,0.68,22.11,CUEVA RUIZ JEFFREY RICARTHY,,SANTIAGO DE SURCO,CL COMBATE DE IQUIQUE 283,-12.14209,-77.00591
07/02/2026,0752-CHORRILLOS,F7X-798,11646284,CONTRERAS CUBAS JOSE ORLANDO,,581,3025078290,60936,QUESO FUNDIDO SABOR CHEDDAR 170GR BDT,0.17,0,CUEVA RUIZ JEFFREY RICARTHY,,SANTIAGO DE SURCO,CL COMBATE DE IQUIQUE 283,-12.14209,-77.00591
07/02/2026,0752-CHORRILLOS,F7X-798,11646284,CONTRERAS CUBAS JOSE ORLANDO,,581,3025078290,60938,JAMON PIZZA PQ 100GR 6LJ OK,0.4,11.54,CUEVA RUIZ JEFFREY RICARTHY,,SANTIAGO DE SURCO,CL COMBATE DE IQUIQUE 283,-12.14209,-77.00591
07/02/2026,0752-CHORRILLOS,F7X-798,11646284,CONTRERAS CUBAS JOSE ORLANDO,,581,3025078290,60940,JAMONADA ESPECIAL PQ 100GR 8LJ OK,0.6,17.42,CUEVA RUIZ JEFFREY RICARTHY,,SANTIAGO DE SURCO,CL COMBATE DE IQUIQUE 283,-12.14209,-77.00591
07/02/2026,0752-CHORRILLOS,F7X-798,11646284,CONTRERAS CUBAS JOSE ORLANDO,,581,3025078290,60942,VIENESA 12CM PQ 5UN 175GR OK,1.05,22.63,CUEVA RUIZ JEFFREY RICARTHY,,SANTIAGO DE SURCO,CL COMBATE DE IQUIQUE 283,-12.14209,-77.00591
07/02/2026,0752-CHORRILLOS,F7X-798,11646284,CONTRERAS CUBAS JOSE ORLANDO,,581,3025078290,60944,PACK JAMON Y QUESO 157 GR SEGO,0.79,26.41,CUEVA RUIZ JEFFREY RICARTHY,,SANTIAGO DE SURCO,CL COMBATE DE IQUIQUE 283,-12.14209,-77.00591
07/02/2026,0752-CHORRILLOS,F7X-798,11722119,VALQUI CALVO OSCAR,,581,3025086425,61836,HOT DOG 500GR BDT,5,82.99,CUEVA RUIZ JEFFREY RICARTHY,,SANTIAGO DE SURCO,JR COMBATE DE ANGAMOS 126,-12.14377,-77.00548
07/02/2026,0752-CHORRILLOS,F7X-798,11722119,VALQUI CALVO OSCAR,,581,3025086425,61838,QUESO EDAM 440GR BDT,0.88,39.46,CUEVA RUIZ JEFFREY RICARTHY,,SANTIAGO DE SURCO,JR COMBATE DE ANGAMOS 126,-12.14377,-77.00548
07/02/2026,0752-CHORRILLOS,F7X-798,6395799,CRUZ ORTEGA ERINSON JULIO,,581,3025063943,58988,TOCINO AHUMADO 80GR BDT,0.4,20.65,CUEVA RUIZ JEFFREY RICARTHY,,SANTIAGO DE SURCO,JR CORBETA LA UNION MZ 0 LT 34,-12.14525,-77.00788
07/02/2026,0752-CHORRILLOS,F7X-798,6395799,CRUZ ORTEGA ERINSON JULIO,,581,3025063943,58990,SALCHICHA HUACHO 150GR BDT,0.9,22.1,CUEVA RUIZ JEFFREY RICARTHY,,SANTIAGO DE SURCO,JR CORBETA LA UNION MZ 0 LT 34,-12.14525,-77.00788
07/02/2026,0752-CHORRILLOS,F7X-798,6395799,CRUZ ORTEGA ERINSON JULIO,,581,3025063943,58992,PHILADELPHIA ORIGINAL TUB 150GR KRAFT,0.9,43.27,CUEVA RUIZ JEFFREY RICARTHY,,SANTIAGO DE SURCO,JR CORBETA LA UNION MZ 0 LT 34,-12.14525,-77.00788
07/02/2026,0752-CHORRILLOS,F7X-798,6395799,CRUZ ORTEGA ERINSON JULIO,,581,3025063943,58994,PACK JAMONADA Y EDAM 180GR BDT,0.72,20.04,CUEVA RUIZ JEFFREY RICARTHY,,SANTIAGO DE SURCO,JR CORBETA LA UNION MZ 0 LT 34,-12.14525,-77.00788
07/02/2026,0752-CHORRILLOS,F7X-798,11701781,HUARINGA ILAHUALA MARIA LUCIA,,581,3025016507,57676,JAMON DE PAIS 1.6KG AP SEGO,1.6,30.25,CUEVA RUIZ JEFFREY RICARTHY,,SANTIAGO DE SURCO,JR.MARISCAL CACERES 137,-12.14634,-77.00639
07/02/2026,0752-CHORRILLOS,F7X-798,11701781,HUARINGA ILAHUALA MARIA LUCIA,,581,3025016507,57678,PACK JAMONADA Y EDAM 180GR BDT,0.54,15.83,CUEVA RUIZ JEFFREY RICARTHY,,SANTIAGO DE SURCO,JR.MARISCAL CACERES 137,-12.14634,-77.00639
07/02/2026,0752-CHORRILLOS,F7X-798,11701781,HUARINGA ILAHUALA MARIA LUCIA,,581,3025016507,57680,VIENESA 12CM PQ 5UN 175GR OK,0.35,7.54,CUEVA RUIZ JEFFREY RICARTHY,,SANTIAGO DE SURCO,JR.MARISCAL CACERES 137,-12.14634,-77.00639
07/02/2026,0752-CHORRILLOS,F7X-798,11751886,SEKARDY EIRL,,577,3025093140,62166,QUESO DE CHANCHO PZ 3KG OK,3,50.68,CUEVA RUIZ JEFFREY RICARTHY,,SANTIAGO DE SURCO,JR MRSCAL CACERES 137,-12.14644,-77.00621
07/02/2026,0752-CHORRILLOS,F7X-798,11751886,SEKARDY EIRL,,577,3025093140,62168,CHORIZO PARRI PREC 2U 140GR BDT,3.36,62.77,CUEVA RUIZ JEFFREY RICARTHY,,SANTIAGO DE SURCO,JR MRSCAL CACERES 137,-12.14644,-77.00621
07/02/2026,0752-CHORRILLOS,F7X-798,11751886,SEKARDY EIRL,,577,3025098258,62562,JAMON PIZZA 3.4 - 3.5 KG OK,51.75,1109.21,CUEVA RUIZ JEFFREY RICARTHY,,SANTIAGO DE SURCO,JR MRSCAL CACERES 137,-12.14644,-77.00621
07/02/2026,0752-CHORRILLOS,F7X-798,11751886,SEKARDY EIRL,,577,3025098258,62564,PASTEL DE JAMON PZ 3KG OK,6,161.43,CUEVA RUIZ JEFFREY RICARTHY,,SANTIAGO DE SURCO,JR MRSCAL CACERES 137,-12.14644,-77.00621
07/02/2026,0752-CHORRILLOS,F7X-798,11751886,SEKARDY EIRL,,577,3025098258,62566,JAMONADA POLACA PZ 3KG OK,6,146.74,CUEVA RUIZ JEFFREY RICARTHY,,SANTIAGO DE SURCO,JR MRSCAL CACERES 137,-12.14644,-77.00621
07/02/2026,0752-CHORRILLOS,F7X-798,11751886,SEKARDY EIRL,,577,3025098258,62568,MORTADELA ESPECIAL PZ 2.9KG OK,5.8,128.59,CUEVA RUIZ JEFFREY RICARTHY,,SANTIAGO DE SURCO,JR MRSCAL CACERES 137,-12.14644,-77.00621
07/02/2026,0752-CHORRILLOS,F7X-798,11605706,ARTURO SIMEON VILA BALTAZAR,,581,3025084151,61550,CABANOSSI 25G BDT,0.35,22.41,CUEVA RUIZ JEFFREY RICARTHY,,SANTIAGO DE SURCO,MCDO MUNICIPAL 1 PTO 17,-12.14688,-77.00579
07/02/2026,0752-CHORRILLOS,F7X-798,11605706,ARTURO SIMEON VILA BALTAZAR,,581,3025084151,61552,COSTILLA AHUM BLS 2KG SEGO,2,45.39,CUEVA RUIZ JEFFREY RICARTHY,,SANTIAGO DE SURCO,MCDO MUNICIPAL 1 PTO 17,-12.14688,-77.00579
07/02/2026,0752-CHORRILLOS,F7X-798,6352904,MENDOZA HUAMAN MARIO,,581,3025081548,61290,HOT DOG SALCH NARANJA 24U 920GR SEGO -D,3.68,26.98,CUEVA RUIZ JEFFREY RICARTHY,,SANTIAGO DE SURCO,MCDO MUNICIPAL 1 PTO 6-7,-12.14704,-77.0058
07/02/2026,0752-CHORRILLOS,F7X-798,6352904,MENDOZA HUAMAN MARIO,,581,3025081548,61292,FRANKFURTER GASTRONOMIA 1KG BDT,1,19.43,CUEVA RUIZ JEFFREY RICARTHY,,SANTIAGO DE SURCO,MCDO MUNICIPAL 1 PTO 6-7,-12.14704,-77.0058
07/02/2026,0752-CHORRILLOS,F7X-798,6352904,MENDOZA HUAMAN MARIO,,581,3025081548,61294,FRANKFURTER KILOMETRICO 500GR  BDT,1,23.05,CUEVA RUIZ JEFFREY RICARTHY,,SANTIAGO DE SURCO,MCDO MUNICIPAL 1 PTO 6-7,-12.14704,-77.0058
07/02/2026,0752-CHORRILLOS,F7X-798,11598725,PICHARDO ANAYA IRMA,,581,3025057399,58500,HOT DOG TRADICIONAL 200GR BDT,0.6,9.34,CUEVA RUIZ JEFFREY RICARTHY,,SANTIAGO DE SURCO,MCDO MUNICIPAL 1 PTO 23,-12.14713,-77.00582
07/02/2026,0752-CHORRILLOS,F7X-798,11598725,PICHARDO ANAYA IRMA,,581,3025057399,58502,VIENESA 12CM PQ 5UN 175GR OK,0.53,11.31,CUEVA RUIZ JEFFREY RICARTHY,,SANTIAGO DE SURCO,MCDO MUNICIPAL 1 PTO 23,-12.14713,-77.00582
07/02/2026,0752-CHORRILLOS,F7X-798,11598725,PICHARDO ANAYA IRMA,,581,3025057399,58504,TOCINO AHUM CP MED PZ 2KG AP SEGO,2,68.72,CUEVA RUIZ JEFFREY RICARTHY,,SANTIAGO DE SURCO,MCDO MUNICIPAL 1 PTO 23,-12.14713,-77.00582
07/02/2026,0752-CHORRILLOS,F7X-798,11669977,GONZALES AYALA JAVIER,,581,3025070119,59856,PATE 100GR BDT,0.9,21.71,CUEVA RUIZ JEFFREY RICARTHY,,SANTIAGO DE SURCO,AV.JORGE CHAVEZ 1824,-12.15144,-77.00512
07/02/2026,0752-CHORRILLOS,F7X-798,11669977,GONZALES AYALA JAVIER,,581,3025070119,59858,SALCHICHA HUACHO 150GR BDT,1.5,35.84,CUEVA RUIZ JEFFREY RICARTHY,,SANTIAGO DE SURCO,AV.JORGE CHAVEZ 1824,-12.15144,-77.00512
07/02/2026,0752-CHORRILLOS,F7X-798,11669977,GONZALES AYALA JAVIER,,581,3025070119,59860,JAMON DE PAIS 1.6KG AP SEGO,3.2,60.49,CUEVA RUIZ JEFFREY RICARTHY,,SANTIAGO DE SURCO,AV.JORGE CHAVEZ 1824,-12.15144,-77.00512
07/02/2026,0752-CHORRILLOS,F7X-798,11669977,GONZALES AYALA JAVIER,,581,3025070119,59862,PHILADELPHIA ORIGINAL TUB 150GR KRAFT,0.45,23.54,CUEVA RUIZ JEFFREY RICARTHY,,SANTIAGO DE SURCO,AV.JORGE CHAVEZ 1824,-12.15144,-77.00512
07/02/2026,0752-CHORRILLOS,F7X-798,11669977,GONZALES AYALA JAVIER,,581,3025070119,59864,JAMONADA ESPECIAL PZ 3KG OK,3,74.17,CUEVA RUIZ JEFFREY RICARTHY,,SANTIAGO DE SURCO,AV.JORGE CHAVEZ 1824,-12.15144,-77.00512
07/02/2026,0752-CHORRILLOS,F7X-798,11669977,GONZALES AYALA JAVIER,,581,3025070119,59866,CHORIZO PARRI PREC 2U 140GR BDT,1.4,27.01,CUEVA RUIZ JEFFREY RICARTHY,,SANTIAGO DE SURCO,AV.JORGE CHAVEZ 1824,-12.15144,-77.00512
07/02/2026,0752-CHORRILLOS,F7X-798,11669977,GONZALES AYALA JAVIER,,581,3025070119,59868,PACK JAMON Y QUESO 157 GR SEGO,1.26,42.26,CUEVA RUIZ JEFFREY RICARTHY,,SANTIAGO DE SURCO,AV.JORGE CHAVEZ 1824,-12.15144,-77.00512
07/02/2026,0752-CHORRILLOS,F7X-798,11597140,VASQUEZ ROMERO LIZET PILAR,,581,3025094827,62288,CABANOSSI 25G BDT,0.15,9.61,CUEVA RUIZ JEFFREY RICARTHY,,SANTIAGO DE SURCO,MCDO JORGE CHAVEZ PTO 1802,-12.15172,-77.00491
07/02/2026,0752-CHORRILLOS,F7X-798,11597140,VASQUEZ ROMERO LIZET PILAR,,581,3025094827,62290,PACK SALCHICHA DE POLLO 100GX 6PZA SEGO,0.6,6.23,CUEVA RUIZ JEFFREY RICARTHY,,SANTIAGO DE SURCO,MCDO JORGE CHAVEZ PTO 1802,-12.15172,-77.00491
07/02/2026,0752-CHORRILLOS,F7X-798,11597140,VASQUEZ ROMERO LIZET PILAR,,581,3025094827,62292,JAMONADA ESP 100GR BDT,0.6,11.54,CUEVA RUIZ JEFFREY RICARTHY,,SANTIAGO DE SURCO,MCDO JORGE CHAVEZ PTO 1802,-12.15172,-77.00491
07/02/2026,0752-CHORRILLOS,F7X-798,11597140,VASQUEZ ROMERO LIZET PILAR,,581,3025094827,62294,PACK JAMON Y QUESO 157 GR SEGO,0.47,15.85,CUEVA RUIZ JEFFREY RICARTHY,,SANTIAGO DE SURCO,MCDO JORGE CHAVEZ PTO 1802,-12.15172,-77.00491
07/02/2026,0752-CHORRILLOS,F7X-798,11554326,EBELIN FLOR DE MARIA,,581,3025073644,60150,HOT DOG TRADICIONAL 200GR BDT,0.8,12.45,CUEVA RUIZ JEFFREY RICARTHY,,SANTIAGO DE SURCO,MCDO JORGE CHAVEZ PTO 20,-12.15186,-77.0041
07/02/2026,0752-CHORRILLOS,F7X-798,11554326,EBELIN FLOR DE MARIA,,581,3025073644,60152,PACK SALCHICHA DE POLLO 100GX 6PZA SEGO,0.6,6.23,CUEVA RUIZ JEFFREY RICARTHY,,SANTIAGO DE SURCO,MCDO JORGE CHAVEZ PTO 20,-12.15186,-77.0041
07/02/2026,0752-CHORRILLOS,F7X-798,11554326,EBELIN FLOR DE MARIA,,581,3025073644,60154,PACK JAMONADA Y EDAM 180GR BDT,0.54,15.83,CUEVA RUIZ JEFFREY RICARTHY,,SANTIAGO DE SURCO,MCDO JORGE CHAVEZ PTO 20,-12.15186,-77.0041
07/02/2026,0752-CHORRILLOS,F7X-798,11554326,EBELIN FLOR DE MARIA,,581,3025073644,60156,QUESO EDAM 90GR BDT,0.9,39.05,CUEVA RUIZ JEFFREY RICARTHY,,SANTIAGO DE SURCO,MCDO JORGE CHAVEZ PTO 20,-12.15186,-77.0041
07/02/2026,0752-CHORRILLOS,F7X-798,11554326,EBELIN FLOR DE MARIA,,581,3025073644,60158,JAMON PIZZA PQ 100GR 6LJ OK,0.8,23.09,CUEVA RUIZ JEFFREY RICARTHY,,SANTIAGO DE SURCO,MCDO JORGE CHAVEZ PTO 20,-12.15186,-77.0041
07/02/2026,0752-CHORRILLOS,F7X-798,11554326,EBELIN FLOR DE MARIA,,581,3025073644,60160,PACK JAMON Y QUESO 157 GR SEGO,0.47,15.85,CUEVA RUIZ JEFFREY RICARTHY,,SANTIAGO DE SURCO,MCDO JORGE CHAVEZ PTO 20,-12.15186,-77.0041
07/02/2026,0752-CHORRILLOS,F7X-798,11554326,EBELIN FLOR DE MARIA,,581,3025073644,60162,QUESO PARMESANO CU?A 0.15KG AP QKALAS,0.3,10.18,CUEVA RUIZ JEFFREY RICARTHY,,SANTIAGO DE SURCO,MCDO JORGE CHAVEZ PTO 20,-12.15186,-77.0041
07/02/2026,0752-CHORRILLOS,F7X-798,11697335,GARCIA ARANDA EDMUNDO ALEJANDR,,581,3025060387,58626,CABANOSSI 25G BDT,0.15,9.61,CUEVA RUIZ JEFFREY RICARTHY,,SANTIAGO DE SURCO,AV JORGE CHÁVEZ 1884 A  COSTADO RES,-12.15171,-77.00452
07/02/2026,0752-CHORRILLOS,F7X-798,11697335,GARCIA ARANDA EDMUNDO ALEJANDR,,581,3025060387,58628,PASTEL DE JAMON PQ 150GR OK,0.45,14.32,CUEVA RUIZ JEFFREY RICARTHY,,SANTIAGO DE SURCO,AV JORGE CHÁVEZ 1884 A  COSTADO RES,-12.15171,-77.00452
07/02/2026,0752-CHORRILLOS,F7X-798,11697335,GARCIA ARANDA EDMUNDO ALEJANDR,,581,3025060387,58630,VIENESA 12CM PQ 5UN 175GR OK,0.53,11.31,CUEVA RUIZ JEFFREY RICARTHY,,SANTIAGO DE SURCO,AV JORGE CHÁVEZ 1884 A  COSTADO RES,-12.15171,-77.00452
07/02/2026,0752-CHORRILLOS,F7X-798,11606206,ADOLFO LLALLICO CHOCAS,,581,3025070868,59924,SALCHICHA HUACHO 150GR BDT,0.3,7.96,CUEVA RUIZ JEFFREY RICARTHY,,SANTIAGO DE SURCO,MCDO JORGE CHAVEZ PTO 09,-12.15143,-77.00484
07/02/2026,0752-CHORRILLOS,F7X-798,11606206,ADOLFO LLALLICO CHOCAS,,581,3025070868,59926,BOLA TIPO MOZZARELLA X 200G BDT,0.2,6.8,CUEVA RUIZ JEFFREY RICARTHY,,SANTIAGO DE SURCO,MCDO JORGE CHAVEZ PTO 09,-12.15143,-77.00484
07/02/2026,0752-CHORRILLOS,F7X-798,11606206,ADOLFO LLALLICO CHOCAS,,581,3025070868,59928,JAMON PIZZA PQ 100GR 6LJ OK,0.3,8.66,CUEVA RUIZ JEFFREY RICARTHY,,SANTIAGO DE SURCO,MCDO JORGE CHAVEZ PTO 09,-12.15143,-77.00484
07/02/2026,0752-CHORRILLOS,F7X-798,11606206,ADOLFO LLALLICO CHOCAS,,581,3025070868,59930,VIENESA 12CM PQ 5UN 175GR OK,0.53,11.31,CUEVA RUIZ JEFFREY RICARTHY,,SANTIAGO DE SURCO,MCDO JORGE CHAVEZ PTO 09,-12.15143,-77.00484
07/02/2026,0752-CHORRILLOS,F7X-798,11606206,ADOLFO LLALLICO CHOCAS,,581,3025070868,59932,CABANOSSI UN 25GR 0.026KG SEGO,0.26,14.99,CUEVA RUIZ JEFFREY RICARTHY,,SANTIAGO DE SURCO,MCDO JORGE CHAVEZ PTO 09,-12.15143,-77.00484
07/02/2026,0752-CHORRILLOS,F7X-798,11606206,ADOLFO LLALLICO CHOCAS,,581,3025070868,59934,CHORIZO PARRI PREC 2U 140GR BDT,0.56,11.37,CUEVA RUIZ JEFFREY RICARTHY,,SANTIAGO DE SURCO,MCDO JORGE CHAVEZ PTO 09,-12.15143,-77.00484
07/02/2026,0752-CHORRILLOS,F7X-798,11644590,MASCCO COTAQUISPE FELIX,,581,3024864372,57178,JAMON PIZZA PQ 100GR 6LJ OK,0.6,17.32,CUEVA RUIZ JEFFREY RICARTHY,,SANTIAGO DE SURCO,MCDO JORGE CHAVEZ PTO 05,-12.15136,-77.00503
07/02/2026,0752-CHORRILLOS,F7X-798,11644590,MASCCO COTAQUISPE FELIX,,581,3024864372,57180,VIENESA 12CM PQ 5UN 175GR OK,0.88,18.86,CUEVA RUIZ JEFFREY RICARTHY,,SANTIAGO DE SURCO,MCDO JORGE CHAVEZ PTO 05,-12.15136,-77.00503
07/02/2026,0752-CHORRILLOS,F7X-798,11657170,VARGAS TTICA LAURA JANETH,,581,3025078775,60948,JAMON PIZZERO 100GR BDT,0.2,5.29,CUEVA RUIZ JEFFREY RICARTHY,,SANTIAGO DE SURCO,PS. PORRAS BARRENECHEA 696 SURCO VI,-12.14884,-77.00479
07/02/2026,0752-CHORRILLOS,F7X-798,11657170,VARGAS TTICA LAURA JANETH,,581,3025078775,60950,PACK SUPER CHORIZO PREC80GX6PZA SEGO,0.48,6.76,CUEVA RUIZ JEFFREY RICARTHY,,SANTIAGO DE SURCO,PS. PORRAS BARRENECHEA 696 SURCO VI,-12.14884,-77.00479
07/02/2026,0752-CHORRILLOS,F7X-798,11657170,VARGAS TTICA LAURA JANETH,,581,3025078775,60952,QUESO EDAM 90GR BDT,0.18,7.81,CUEVA RUIZ JEFFREY RICARTHY,,SANTIAGO DE SURCO,PS. PORRAS BARRENECHEA 696 SURCO VI,-12.14884,-77.00479
07/02/2026,0752-CHORRILLOS,F7X-798,11657170,VARGAS TTICA LAURA JANETH,,581,3025078775,60954,VIENESA 12CM PQ 5UN 175GR OK,0.7,15.08,CUEVA RUIZ JEFFREY RICARTHY,,SANTIAGO DE SURCO,PS. PORRAS BARRENECHEA 696 SURCO VI,-12.14884,-77.00479
07/02/2026,0752-CHORRILLOS,F7X-798,11657170,VARGAS TTICA LAURA JANETH,,581,3025078775,60956,CHORIZO PARRI PREC 2U 140GR BDT,0.84,17.06,CUEVA RUIZ JEFFREY RICARTHY,,SANTIAGO DE SURCO,PS. PORRAS BARRENECHEA 696 SURCO VI,-12.14884,-77.00479
07/02/2026,0752-CHORRILLOS,F7X-798,11657194,BERRIOS LAZO RUBEN ARTEMIO,,581,3025093517,62228,SALCHICHA HUACHO 150GR BDT,0.3,7.96,CUEVA RUIZ JEFFREY RICARTHY,,SANTIAGO DE SURCO,CA DOÑA DELMIRA 331 TDA. 10 LOS ROS,-12.14369,-77.00206
07/02/2026,0752-CHORRILLOS,F7X-798,11657194,BERRIOS LAZO RUBEN ARTEMIO,,581,3025093517,62230,QUESO CREMA PHILADELP BRICK 180GR KRAFT,0.18,10.1,CUEVA RUIZ JEFFREY RICARTHY,,SANTIAGO DE SURCO,CA DOÑA DELMIRA 331 TDA. 10 LOS ROS,-12.14369,-77.00206
07/02/2026,0752-CHORRILLOS,F7X-798,11657194,BERRIOS LAZO RUBEN ARTEMIO,,581,3025093517,62232,VIENESA 12CM PQ 5UN 175GR OK,0.7,15.08,CUEVA RUIZ JEFFREY RICARTHY,,SANTIAGO DE SURCO,CA DOÑA DELMIRA 331 TDA. 10 LOS ROS,-12.14369,-77.00206
07/02/2026,0752-CHORRILLOS,F7X-798,11657194,BERRIOS LAZO RUBEN ARTEMIO,,581,3025093517,62234,CABANOSSI PICANTE 20GR OK,0.08,8.52,CUEVA RUIZ JEFFREY RICARTHY,,SANTIAGO DE SURCO,CA DOÑA DELMIRA 331 TDA. 10 LOS ROS,-12.14369,-77.00206
07/02/2026,0752-CHORRILLOS,F7X-798,11597483,SANDRA SCHULT GUIMET,,581,3025079693,61066,CABANOSSI 25G BDT,0.3,19.21,CUEVA RUIZ JEFFREY RICARTHY,,SANTIAGO DE SURCO,JR. TACNA # 285,-12.1441,-77.00344
07/02/2026,0752-CHORRILLOS,F7X-798,11597483,SANDRA SCHULT GUIMET,,581,3025079693,61068,SALCH HUACHO UN 0.25KG SEGO,0.5,8.62,CUEVA RUIZ JEFFREY RICARTHY,,SANTIAGO DE SURCO,JR. TACNA # 285,-12.1441,-77.00344
07/02/2026,0752-CHORRILLOS,F7X-798,11597483,SANDRA SCHULT GUIMET,,581,3025079693,61070,CHORIZO PARRI PREC 2U 140GR BDT,0.98,19.9,CUEVA RUIZ JEFFREY RICARTHY,,SANTIAGO DE SURCO,JR. TACNA # 285,-12.1441,-77.00344
07/02/2026,0752-CHORRILLOS,F7X-798,11644991,CCAHUANA CEVALLOS BLAS LISANDR,,581,3025085431,61694,PACK JAMON Y QUESO 370GR BDT,1.48,42.1,CUEVA RUIZ JEFFREY RICARTHY,,SANTIAGO DE SURCO,JR TACNA 475 EL CERCADO,-12.14484,-77.0022
07/02/2026,0752-CHORRILLOS,F7X-798,11644991,CCAHUANA CEVALLOS BLAS LISANDR,,581,3025085431,61696,PACK JAMONADA Y EDAM 180GR BDT,1.08,30.08,CUEVA RUIZ JEFFREY RICARTHY,,SANTIAGO DE SURCO,JR TACNA 475 EL CERCADO,-12.14484,-77.0022
07/02/2026,0752-CHORRILLOS,F7X-798,11644991,CCAHUANA CEVALLOS BLAS LISANDR,,581,3025085431,61698,VIENESA 12CM PQ 5UN 175GR OK,0.53,11.31,CUEVA RUIZ JEFFREY RICARTHY,,SANTIAGO DE SURCO,JR TACNA 475 EL CERCADO,-12.14484,-77.0022
07/02/2026,0752-CHORRILLOS,F7X-798,11614431,CUZCANO CLAVIJO ROSA ELENA,,581,3025072308,60064,JAMON PIZZERO 500GR BDT,0.5,12.38,CUEVA RUIZ JEFFREY RICARTHY,,SANTIAGO DE SURCO,JR DOÑA DELMIRA 325 URB LOS ROSALES,-12.14354,-77.00237
07/02/2026,0752-CHORRILLOS,F7X-798,11614431,CUZCANO CLAVIJO ROSA ELENA,,581,3025072308,60066,QUESO EDAM 440GR BDT,0.44,19.73,CUEVA RUIZ JEFFREY RICARTHY,,SANTIAGO DE SURCO,JR DOÑA DELMIRA 325 URB LOS ROSALES,-12.14354,-77.00237
07/02/2026,0752-CHORRILLOS,F7X-798,11614431,CUZCANO CLAVIJO ROSA ELENA,,581,3025072308,60068,CHORIZO PARRI PREC 2U 140GR BDT,0.28,5.69,CUEVA RUIZ JEFFREY RICARTHY,,SANTIAGO DE SURCO,JR DOÑA DELMIRA 325 URB LOS ROSALES,-12.14354,-77.00237
07/02/2026,0752-CHORRILLOS,F7X-798,11614431,CUZCANO CLAVIJO ROSA ELENA,,581,3025091633,62082,CABANOSSI 25G BDT,0.3,19.21,CUEVA RUIZ JEFFREY RICARTHY,,SANTIAGO DE SURCO,JR DOÑA DELMIRA 325 URB LOS ROSALES,-12.14354,-77.00237
07/02/2026,0752-CHORRILLOS,F7X-798,11614431,CUZCANO CLAVIJO ROSA ELENA,,581,3025091633,62084,QUESO CREMA PHILADELP BRICK 180GR KRAFT,0.18,10.1,CUEVA RUIZ JEFFREY RICARTHY,,SANTIAGO DE SURCO,JR DOÑA DELMIRA 325 URB LOS ROSALES,-12.14354,-77.00237
07/02/2026,0752-CHORRILLOS,F7X-798,11614431,CUZCANO CLAVIJO ROSA ELENA,,581,3025091633,62086,POLACA PQ 100GR 8LJ OK,0.4,15.46,CUEVA RUIZ JEFFREY RICARTHY,,SANTIAGO DE SURCO,JR DOÑA DELMIRA 325 URB LOS ROSALES,-12.14354,-77.00237
07/02/2026,0752-CHORRILLOS,F7X-798,11614431,CUZCANO CLAVIJO ROSA ELENA,,581,3025091633,62088,VIENESA 12CM PQ 5UN 175GR OK,0.88,18.86,CUEVA RUIZ JEFFREY RICARTHY,,SANTIAGO DE SURCO,JR DOÑA DELMIRA 325 URB LOS ROSALES,-12.14354,-77.00237
07/02/2026,0752-CHORRILLOS,F7X-798,11597434,MACAVILCA CONTRERAS LUIS ALBER,,581,3025094826,62282,POLACA PQ 100GR 8LJ OK,0.4,15.46,CUEVA RUIZ JEFFREY RICARTHY,,SANTIAGO DE SURCO,PLG.P.DE LA REP. MZA.URB.LOS ROSALE,-12.14345,-77.00148
07/02/2026,0752-CHORRILLOS,F7X-798,11597434,MACAVILCA CONTRERAS LUIS ALBER,,581,3025094826,62284,VIENESA 12CM PQ 5UN 175GR OK,0.53,11.31,CUEVA RUIZ JEFFREY RICARTHY,,SANTIAGO DE SURCO,PLG.P.DE LA REP. MZA.URB.LOS ROSALE,-12.14345,-77.00148
07/02/2026,0752-CHORRILLOS,F7X-798,11597434,MACAVILCA CONTRERAS LUIS ALBER,,581,3025094826,62286,CHORIZO PARRI PREC 2U 140GR BDT,0.56,11.37,CUEVA RUIZ JEFFREY RICARTHY,,SANTIAGO DE SURCO,PLG.P.DE LA REP. MZA.URB.LOS ROSALE,-12.14345,-77.00148
07/02/2026,0752-CHORRILLOS,F7X-798,11721467,HERRERA PEZO GEMEY RICHARD,,581,3025096512,62492,CABANOSSI 25G BDT,0.3,19.21,CUEVA RUIZ JEFFREY RICARTHY,,SANTIAGO DE SURCO,AV PROLONG PASEO LA REPUBLICA 7888,-12.14383,-77.00078
07/02/2026,0752-CHORRILLOS,F7X-798,11721467,HERRERA PEZO GEMEY RICHARD,,581,3025096512,62494,POLACA PQ 100GR 8LJ OK,0.3,11.6,CUEVA RUIZ JEFFREY RICARTHY,,SANTIAGO DE SURCO,AV PROLONG PASEO LA REPUBLICA 7888,-12.14383,-77.00078
07/02/2026,0752-CHORRILLOS,F7X-798,11721467,HERRERA PEZO GEMEY RICHARD,,581,3025096512,62496,TOCINO AHUMADO 100GR OK,0.3,18.05,CUEVA RUIZ JEFFREY RICARTHY,,SANTIAGO DE SURCO,AV PROLONG PASEO LA REPUBLICA 7888,-12.14383,-77.00078
07/02/2026,0752-CHORRILLOS,F7X-798,11606622,MATEO LIVER SAC,,577,3025055288,58372,QUESO FUNDIDO SABOR CHEDDAR 170GR BDT,0.17,0,CUEVA RUIZ JEFFREY RICARTHY,,SANTIAGO DE SURCO,CAL DOÑA DELIA NRO 104 URB LOS ROSA,-12.14186,-77.00161
07/02/2026,0752-CHORRILLOS,F7X-798,11606622,MATEO LIVER SAC,,577,3025055288,58374,VIENESA 12CM PQ 5UN 175GR OK,1.05,22.63,CUEVA RUIZ JEFFREY RICARTHY,,SANTIAGO DE SURCO,CAL DOÑA DELIA NRO 104 URB LOS ROSA,-12.14186,-77.00161
07/02/2026,0752-CHORRILLOS,F7X-798,11606622,MATEO LIVER SAC,,577,3025055288,58376,SALCHICHA DEL NORTE BLS 2KG 100GR OK,2,61.59,CUEVA RUIZ JEFFREY RICARTHY,,SANTIAGO DE SURCO,CAL DOÑA DELIA NRO 104 URB LOS ROSA,-12.14186,-77.00161
07/02/2026,0752-CHORRILLOS,F7X-798,11597243,CATALAN CCACHA FIDELIA,,740,3025062940,58942,COSTILLA AHUM BLS 2KG SEGO,4,88.97,CUEVA RUIZ JEFFREY RICARTHY,,SANTIAGO DE SURCO,MCDO JORGE CHAVEZ PTO 716,-12.14636,-77.01393
07/02/2026,0752-CHORRILLOS,F7X-798,11598460,HUATAY SANCHEZ ANITA JUDIT,,740,3025078224,60912,CHORIZO PARRI PREC 500GR BDT,40,743.42,CUEVA RUIZ JEFFREY RICARTHY,,SANTIAGO DE SURCO,MCDO JORGE CHAVEZ PTO 625,-12.14693,-77.01428
07/02/2026,0752-CHORRILLOS,F7X-798,11598460,HUATAY SANCHEZ ANITA JUDIT,,740,3025078224,60914,CHICH PREN CASERO PZ 2.5KG AP SEGO,25,348.15,CUEVA RUIZ JEFFREY RICARTHY,,SANTIAGO DE SURCO,MCDO JORGE CHAVEZ PTO 625,-12.14693,-77.01428
07/02/2026,0752-CHORRILLOS,F7X-798,11598460,HUATAY SANCHEZ ANITA JUDIT,,740,3025078224,60916,SALCH VIENESA ESP PQ 10UN 500GR OK,50,508.41,CUEVA RUIZ JEFFREY RICARTHY,,SANTIAGO DE SURCO,MCDO JORGE CHAVEZ PTO 625,-12.14693,-77.01428
07/02/2026,0752-CHORRILLOS,F7X-798,11598460,HUATAY SANCHEZ ANITA JUDIT,,740,3025089406,62058,FRANKFURTER GASTRONOMIA 1KG BDT,70,1145.7,CUEVA RUIZ JEFFREY RICARTHY,,SANTIAGO DE SURCO,MCDO JORGE CHAVEZ PTO 625,-12.14693,-77.01428
07/02/2026,0752-CHORRILLOS,F7X-798,11598460,HUATAY SANCHEZ ANITA JUDIT,,740,3025095664,62372,VIENESA AHUMADA 1KG SEGO,30,275.61,CUEVA RUIZ JEFFREY RICARTHY,,SANTIAGO DE SURCO,MCDO JORGE CHAVEZ PTO 625,-12.14693,-77.01428
07/02/2026,0752-CHORRILLOS,F7X-798,11598460,HUATAY SANCHEZ ANITA JUDIT,,740,3025095664,62374,JAMON REDONDO AHUMADO PQ 0.5KG SEGO,15,317.69,CUEVA RUIZ JEFFREY RICARTHY,,SANTIAGO DE SURCO,MCDO JORGE CHAVEZ PTO 625,-12.14693,-77.01428
07/02/2026,0752-CHORRILLOS,F7X-798,11598460,HUATAY SANCHEZ ANITA JUDIT,,740,3025102909,62888,JAMONADA LONCH 3KG AP BDT,3,48.92,CUEVA RUIZ JEFFREY RICARTHY,,SANTIAGO DE SURCO,MCDO JORGE CHAVEZ PTO 625,-12.14693,-77.01428
07/02/2026,0752-CHORRILLOS,F7X-798,11598460,HUATAY SANCHEZ ANITA JUDIT,,740,3025102909,62890,PATE 100GR BDT,0.6,14.16,CUEVA RUIZ JEFFREY RICARTHY,,SANTIAGO DE SURCO,MCDO JORGE CHAVEZ PTO 625,-12.14693,-77.01428
07/02/2026,0752-CHORRILLOS,F7X-798,11598460,HUATAY SANCHEZ ANITA JUDIT,,740,3025102909,62892,QUESO CREMA PHILADELP BRICK 180GR KRAFT,4.32,206.62,CUEVA RUIZ JEFFREY RICARTHY,,SANTIAGO DE SURCO,MCDO JORGE CHAVEZ PTO 625,-12.14693,-77.01428
07/02/2026,0752-CHORRILLOS,F7X-798,11598460,HUATAY SANCHEZ ANITA JUDIT,,740,3025102909,62894,HOT DOG TRADICIONAL 200GR BDT,2.4,36.6,CUEVA RUIZ JEFFREY RICARTHY,,SANTIAGO DE SURCO,MCDO JORGE CHAVEZ PTO 625,-12.14693,-77.01428
07/02/2026,0752-CHORRILLOS,F7X-798,11598460,HUATAY SANCHEZ ANITA JUDIT,,740,3025102909,62896,VIENESA 12CM PQ 5UN 175GR OK,2.1,44.34,CUEVA RUIZ JEFFREY RICARTHY,,SANTIAGO DE SURCO,MCDO JORGE CHAVEZ PTO 625,-12.14693,-77.01428
07/02/2026,0752-CHORRILLOS,F7X-798,11598460,HUATAY SANCHEZ ANITA JUDIT,,740,3025102909,62898,COSTILLA AHUM BLS 2KG SEGO,2,44.49,CUEVA RUIZ JEFFREY RICARTHY,,SANTIAGO DE SURCO,MCDO JORGE CHAVEZ PTO 625,-12.14693,-77.01428
07/02/2026,0752-CHORRILLOS,F7X-798,11681976,LAGOS SOTO MARISOL,,581,3024987177,57456,JAMON PIZZERO 100GR BDT,0.6,15.86,CUEVA RUIZ JEFFREY RICARTHY,,SANTIAGO DE SURCO,JR PEÑA RIVERA MZ M LT 15,-12.14229,-77.01127
07/02/2026,0752-CHORRILLOS,F7X-798,11681976,LAGOS SOTO MARISOL,,581,3024987177,57458,PACK JAMON Y QUESO 370GR BDT,2.96,80.17,CUEVA RUIZ JEFFREY RICARTHY,,SANTIAGO DE SURCO,JR PEÑA RIVERA MZ M LT 15,-12.14229,-77.01127
07/02/2026,0752-CHORRILLOS,F7X-798,11681976,LAGOS SOTO MARISOL,,581,3024987177,57460,SALCHICHA HUACHO 150GR BDT,0.9,22.1,CUEVA RUIZ JEFFREY RICARTHY,,SANTIAGO DE SURCO,JR PEÑA RIVERA MZ M LT 15,-12.14229,-77.01127
07/02/2026,0752-CHORRILLOS,F7X-798,11681976,LAGOS SOTO MARISOL,,581,3024987177,57462,QUESO CREMA PHILADELP BRICK 180GR KRAFT,1.08,55.14,CUEVA RUIZ JEFFREY RICARTHY,,SANTIAGO DE SURCO,JR PEÑA RIVERA MZ M LT 15,-12.14229,-77.01127
07/02/2026,0752-CHORRILLOS,F7X-798,11681976,LAGOS SOTO MARISOL,,581,3024987177,57464,QUESO FUNDIDO SABOR CHEDDAR 170GR BDT,0.17,0,CUEVA RUIZ JEFFREY RICARTHY,,SANTIAGO DE SURCO,JR PEÑA RIVERA MZ M LT 15,-12.14229,-77.01127
07/02/2026,0752-CHORRILLOS,F7X-798,11681976,LAGOS SOTO MARISOL,,581,3024987177,57466,PHILADELPHIA ORIGINAL TUB 150GR KRAFT,0.9,43.27,CUEVA RUIZ JEFFREY RICARTHY,,SANTIAGO DE SURCO,JR PEÑA RIVERA MZ M LT 15,-12.14229,-77.01127
07/02/2026,0752-CHORRILLOS,F7X-798,11681976,LAGOS SOTO MARISOL,,581,3024987177,57468,VIENESA 12CM PQ 5UN 175GR OK,1.4,30.17,CUEVA RUIZ JEFFREY RICARTHY,,SANTIAGO DE SURCO,JR PEÑA RIVERA MZ M LT 15,-12.14229,-77.01127
07/02/2026,0752-CHORRILLOS,F7X-798,11681976,LAGOS SOTO MARISOL,,581,3024987177,57470,TOCINO AHUMADO 100GR OK,0.8,48.14,CUEVA RUIZ JEFFREY RICARTHY,,SANTIAGO DE SURCO,JR PEÑA RIVERA MZ M LT 15,-12.14229,-77.01127
07/02/2026,0752-CHORRILLOS,F7X-798,11681976,LAGOS SOTO MARISOL,,581,3024987177,57472,CHORIZO PARRI PREC 2U 140GR BDT,1.68,32.07,CUEVA RUIZ JEFFREY RICARTHY,,SANTIAGO DE SURCO,JR PEÑA RIVERA MZ M LT 15,-12.14229,-77.01127
07/02/2026,0752-CHORRILLOS,F7X-798,11663695,ESTEBAN VILCA MARLENIA,,581,3025066253,59370,PACK SALCHICHA DE POLLO 100GX 6PZA SEGO,0.6,6.23,CUEVA RUIZ JEFFREY RICARTHY,,SANTIAGO DE SURCO,JR.DIEGO FERRER 291,-12.14435,-77.00951
07/02/2026,0752-CHORRILLOS,F7X-798,11663695,ESTEBAN VILCA MARLENIA,,581,3025066253,59372,SALCHICHA DE POLLO 200G SEGO,1.2,10.89,CUEVA RUIZ JEFFREY RICARTHY,,SANTIAGO DE SURCO,JR.DIEGO FERRER 291,-12.14435,-77.00951
07/02/2026,0752-CHORRILLOS,F7X-798,11663695,ESTEBAN VILCA MARLENIA,,581,3025066253,59374,VIENESA 12CM PQ 5UN 175GR OK,0.7,15.08,CUEVA RUIZ JEFFREY RICARTHY,,SANTIAGO DE SURCO,JR.DIEGO FERRER 291,-12.14435,-77.00951
07/02/2026,0752-CHORRILLOS,F7X-798,11663695,ESTEBAN VILCA MARLENIA,,581,3025066253,59376,SUPER HAMBURG POLLO PQ 1.008KG SEGO,2.02,18.27,CUEVA RUIZ JEFFREY RICARTHY,,SANTIAGO DE SURCO,JR.DIEGO FERRER 291,-12.14435,-77.00951
07/02/2026,0752-CHORRILLOS,F7X-798,11663695,ESTEBAN VILCA MARLENIA,,581,3025066253,59378,CHORIZO PARRI PREC 2U 140GR BDT,0.42,8.53,CUEVA RUIZ JEFFREY RICARTHY,,SANTIAGO DE SURCO,JR.DIEGO FERRER 291,-12.14435,-77.00951
07/02/2026,0752-CHORRILLOS,F7X-798,11663695,ESTEBAN VILCA MARLENIA,,581,3025066253,59380,QUESO PARMESANO CU?A 0.15KG AP QKALAS,0.3,10.18,CUEVA RUIZ JEFFREY RICARTHY,,SANTIAGO DE SURCO,JR.DIEGO FERRER 291,-12.14435,-77.00951
07/02/2026,0752-CHORRILLOS,F7X-798,11724765,MAZZITA GROUP SAC,,577,3025083410,61440,JAMON PIZZERO 100GR BDT,0.5,13.22,CUEVA RUIZ JEFFREY RICARTHY,,SANTIAGO DE SURCO,JR COMBATE DE ANGAMOS 489  INT 101,-12.14267,-77.00843
07/02/2026,0752-CHORRILLOS,F7X-798,11724765,MAZZITA GROUP SAC,,577,3025083410,61442,SUPER JAMONADA 2KG SEGO,2,16.41,CUEVA RUIZ JEFFREY RICARTHY,,SANTIAGO DE SURCO,JR COMBATE DE ANGAMOS 489  INT 101,-12.14267,-77.00843
07/02/2026,0752-CHORRILLOS,F7X-798,11724765,MAZZITA GROUP SAC,,577,3025083410,61444,QUESO FUNDIDO SABOR CHEDDAR 170GR BDT,0.17,0,CUEVA RUIZ JEFFREY RICARTHY,,SANTIAGO DE SURCO,JR COMBATE DE ANGAMOS 489  INT 101,-12.14267,-77.00843
07/02/2026,0752-CHORRILLOS,F7X-798,11724765,MAZZITA GROUP SAC,,577,3025083410,61446,VIENESA 12CM PQ 5UN 175GR OK,1.75,37.71,CUEVA RUIZ JEFFREY RICARTHY,,SANTIAGO DE SURCO,JR COMBATE DE ANGAMOS 489  INT 101,-12.14267,-77.00843
07/02/2026,0752-CHORRILLOS,F7X-798,11680131,HUERTA VEGA SAUL ANGEL,,581,3025075439,60480,PACK JAMONADA DE POLLO 80GX6PZA SEGO,0.48,5.75,CUEVA RUIZ JEFFREY RICARTHY,,SANTIAGO DE SURCO,JR COMBATE DE ANGAMOS 382,-12.14291,-77.00742
07/02/2026,0752-CHORRILLOS,F7X-798,11680131,HUERTA VEGA SAUL ANGEL,,581,3025075439,60482,JAMONADA ESP 100GR BDT,1.2,23.09,CUEVA RUIZ JEFFREY RICARTHY,,SANTIAGO DE SURCO,JR COMBATE DE ANGAMOS 382,-12.14291,-77.00742
07/02/2026,0752-CHORRILLOS,F7X-798,11680131,HUERTA VEGA SAUL ANGEL,,581,3025075439,60484,QUESO EDAM 90GR BDT,0.54,23.43,CUEVA RUIZ JEFFREY RICARTHY,,SANTIAGO DE SURCO,JR COMBATE DE ANGAMOS 382,-12.14291,-77.00742
07/02/2026,0752-CHORRILLOS,F7X-798,11680131,HUERTA VEGA SAUL ANGEL,,581,3025075439,60486,PACK JAMON Y QUESO 157 GR SEGO,0.94,31.7,CUEVA RUIZ JEFFREY RICARTHY,,SANTIAGO DE SURCO,JR COMBATE DE ANGAMOS 382,-12.14291,-77.00742
07/02/2026,0752-CHORRILLOS,F7X-798,11722127,CABRERA MORAN JOSE,,581,3025062475,58774,HOT DOG TRADICIONAL 200GR BDT,1.2,18.67,CUEVA RUIZ JEFFREY RICARTHY,,SANTIAGO DE SURCO,JR PEÑA RIVERA MZ B LT 17,-12.1426,-77.01141
07/02/2026,0752-CHORRILLOS,F7X-798,11722127,CABRERA MORAN JOSE,,581,3025062475,58776,PHILADELPHIA ORIGINAL TUB 150GR KRAFT,0.9,43.27,CUEVA RUIZ JEFFREY RICARTHY,,SANTIAGO DE SURCO,JR PEÑA RIVERA MZ B LT 17,-12.1426,-77.01141
07/02/2026,0752-CHORRILLOS,F7X-798,11642320,RACCHUMIN CHAMBERGO SONIA,,581,3024994579,57524,QUESO EDAM 90GR BDT,0.09,3.91,CUEVA RUIZ JEFFREY RICARTHY,,SANTIAGO DE SURCO,MCD SANTIAGO APOSTOL PTO 126  127,-12.1465,-77.00696
07/02/2026,0752-CHORRILLOS,F7X-798,11642320,RACCHUMIN CHAMBERGO SONIA,,581,3024994579,57526,JAMON DEL PAIS PQ 150GR 8LJ OK,0.15,8.57,CUEVA RUIZ JEFFREY RICARTHY,,SANTIAGO DE SURCO,MCD SANTIAGO APOSTOL PTO 126  127,-12.1465,-77.00696
07/02/2026,0752-CHORRILLOS,F7X-798,11642320,RACCHUMIN CHAMBERGO SONIA,,581,3024994579,57528,JAMON PIZZA PQ 100GR 6LJ OK,0.6,17.32,CUEVA RUIZ JEFFREY RICARTHY,,SANTIAGO DE SURCO,MCD SANTIAGO APOSTOL PTO 126  127,-12.1465,-77.00696
07/02/2026,0752-CHORRILLOS,F7X-798,11642320,RACCHUMIN CHAMBERGO SONIA,,581,3024994579,57530,JAMONADA ESPECIAL PQ 100GR 8LJ OK,0.2,5.81,CUEVA RUIZ JEFFREY RICARTHY,,SANTIAGO DE SURCO,MCD SANTIAGO APOSTOL PTO 126  127,-12.1465,-77.00696
07/02/2026,0752-CHORRILLOS,F7X-798,11728305,MATHEUS BLUE MARKET SAC,,581,3024990903,57488,PANCETA CH CP CG PZA 5.5 A 7KG OK,6.3,170.98,CUEVA RUIZ JEFFREY RICARTHY,,SANTIAGO DE SURCO,JR JOSE GALVEZ 155 URB EL CERCADO,-12.14541,-77.00555
07/02/2026,0752-CHORRILLOS,F7X-798,11597868,OFELIA DEL CARMEN ÑAÑA GONZALE,,581,3025083827,61476,COSTILLA AHUM BLS 2KG SEGO,2,45.39,CUEVA RUIZ JEFFREY RICARTHY,,SANTIAGO DE SURCO,MCDO MUNICIPAL PTO 27,-12.14689,-77.00593
07/02/2026,0752-CHORRILLOS,F7X-798,11597868,OFELIA DEL CARMEN ÑAÑA GONZALE,,581,3025083827,61478,TOCINO AHUM CP MED PZ 2KG AP SEGO,2,68.72,CUEVA RUIZ JEFFREY RICARTHY,,SANTIAGO DE SURCO,MCDO MUNICIPAL PTO 27,-12.14689,-77.00593
07/02/2026,0752-CHORRILLOS,F7X-798,11733543,SERVICIOS GENERALES ROVILL EIR,,71A,3025085672,61788,QUESO CREMA PHILADELP BRICK 180GR KRAFT,0.54,30.63,CUEVA RUIZ JEFFREY RICARTHY,,SANTIAGO DE SURCO,AV DANIEL P CORNEJO 417,-12.14908,-77.00722
07/02/2026,0752-CHORRILLOS,F7X-798,11733543,SERVICIOS GENERALES ROVILL EIR,,71A,3025085672,61790,QUESO DE VACA FRESCO 3KG AP DUMAN,3,66,CUEVA RUIZ JEFFREY RICARTHY,,SANTIAGO DE SURCO,AV DANIEL P CORNEJO 417,-12.14908,-77.00722
07/02/2026,0752-CHORRILLOS,F7X-798,11733543,SERVICIOS GENERALES ROVILL EIR,,71A,3025085672,61792,EDAM BARRA 3KG AP MILKUNZ,3,105,CUEVA RUIZ JEFFREY RICARTHY,,SANTIAGO DE SURCO,AV DANIEL P CORNEJO 417,-12.14908,-77.00722
07/02/2026,0752-CHORRILLOS,F7X-798,11680126,MARKET TUPAY SAC,,581,3025053467,58122,CABANOSSI 25G BDT,0.35,22.41,CUEVA RUIZ JEFFREY RICARTHY,,SANTIAGO DE SURCO,JR LAS CEREZAS 190 URB EL PALMAR FR,-12.15109,-77.00733
07/02/2026,0752-CHORRILLOS,F7X-798,11680126,MARKET TUPAY SAC,,581,3025053467,58124,SUP CHORIZO PREC 12U 960GR SEGO,1.92,18.24,CUEVA RUIZ JEFFREY RICARTHY,,SANTIAGO DE SURCO,JR LAS CEREZAS 190 URB EL PALMAR FR,-12.15109,-77.00733
07/02/2026,0752-CHORRILLOS,F7X-798,11680126,MARKET TUPAY SAC,,581,3025053467,58126,PACK J PIZZA Y EDAM 340GR OK,2.04,62.13,CUEVA RUIZ JEFFREY RICARTHY,,SANTIAGO DE SURCO,JR LAS CEREZAS 190 URB EL PALMAR FR,-12.15109,-77.00733
07/02/2026,0752-CHORRILLOS,F7X-798,11680126,MARKET TUPAY SAC,,581,3025053467,58128,QUESO FUNDIDO SABOR CHEDDAR 170GR BDT,0.17,0,CUEVA RUIZ JEFFREY RICARTHY,,SANTIAGO DE SURCO,JR LAS CEREZAS 190 URB EL PALMAR FR,-12.15109,-77.00733
07/02/2026,0752-CHORRILLOS,F7X-798,11680126,MARKET TUPAY SAC,,581,3025053467,58130,VIENESA 12CM PQ 5UN 175GR OK,1.05,22.63,CUEVA RUIZ JEFFREY RICARTHY,,SANTIAGO DE SURCO,JR LAS CEREZAS 190 URB EL PALMAR FR,-12.15109,-77.00733
07/02/2026,0752-CHORRILLOS,F7X-798,11680126,MARKET TUPAY SAC,,581,3025053467,58132,CHORIZO PARRI PREC 2U 140GR BDT,0.84,17.06,CUEVA RUIZ JEFFREY RICARTHY,,SANTIAGO DE SURCO,JR LAS CEREZAS 190 URB EL PALMAR FR,-12.15109,-77.00733
07/02/2026,0752-CHORRILLOS,F7X-798,6425436,MANTA TELLO JESUS TOMAS,,581,3025080218,61156,CHULETA BARCA 200G CG BL 10UNX2KG OK,2,38.44,CUEVA RUIZ JEFFREY RICARTHY,,SANTIAGO DE SURCO,CAL.CORONEL MANUEL CANO,-12.15202,-77.00952
07/02/2026,0752-CHORRILLOS,F7X-798,11738501,VILLEGAS REMICIO LUCIO,,581,3025055197,58302,BOLA TIPO MOZZARELLA X 200G BDT,0.4,13.59,CUEVA RUIZ JEFFREY RICARTHY,,SANTIAGO DE SURCO,JR LOS AVELLANOS 201,-12.15292,-77.00777
07/02/2026,0752-CHORRILLOS,F7X-798,11738501,VILLEGAS REMICIO LUCIO,,581,3025055197,58304,CHORIZO PARRI PREC 2U 140GR BDT,1.12,21.83,CUEVA RUIZ JEFFREY RICARTHY,,SANTIAGO DE SURCO,JR LOS AVELLANOS 201,-12.15292,-77.00777
07/02/2026,0752-CHORRILLOS,F7X-798,11616563,VEGA BOLO BETTY NAISEDA,,581,3025055203,58306,QUESO CREMA PHILADELP BRICK 180GR KRAFT,0.72,37.84,CUEVA RUIZ JEFFREY RICARTHY,,SANTIAGO DE SURCO,CALLE LOS JACINTOS MZ A LT 1,-12.15245,-77.00771
07/02/2026,0752-CHORRILLOS,F7X-798,11616563,VEGA BOLO BETTY NAISEDA,,581,3025055203,58308,BOLA TIPO MOZZARELLA X 200G BDT,0.8,27.18,CUEVA RUIZ JEFFREY RICARTHY,,SANTIAGO DE SURCO,CALLE LOS JACINTOS MZ A LT 1,-12.15245,-77.00771
07/02/2026,0752-CHORRILLOS,F7X-798,11616563,VEGA BOLO BETTY NAISEDA,,581,3025055203,58310,CHORIZO PARRI PREC 2U 140GR BDT,1.68,32.07,CUEVA RUIZ JEFFREY RICARTHY,,SANTIAGO DE SURCO,CALLE LOS JACINTOS MZ A LT 1,-12.15245,-77.00771
07/02/2026,0752-CHORRILLOS,F7X-798,11715949,VICIOS SAC,,581,3025074346,60300,CHORIZO PARRI PREC 1KG BDT,15,444.86,CUEVA RUIZ JEFFREY RICARTHY,,SANTIAGO DE SURCO,AV JORGE CHAVEZ 1485,-12.14998,-77.00684
07/02/2026,0752-CHORRILLOS,F7X-798,11754800,INDUSTRIA PANADERA LA NUEZ SAC,,719,3025084494,61622,HOT DOG 500GR BDT,15,270.9,CUEVA RUIZ JEFFREY RICARTHY,,SANTIAGO DE SURCO,AV JORGE CHAVEZ 1106 URB SAN PEDRIT,-12.14774,-77.01068
07/02/2026,0752-CHORRILLOS,F7X-798,11754800,INDUSTRIA PANADERA LA NUEZ SAC,,719,3025084494,61624,JAMONADA POLLO PZ 2KG SEGO,6,84.06,CUEVA RUIZ JEFFREY RICARTHY,,SANTIAGO DE SURCO,AV JORGE CHAVEZ 1106 URB SAN PEDRIT,-12.14774,-77.01068
07/02/2026,0752-CHORRILLOS,F7X-798,6352287,PAUCAR QUIROZ VICTOR ANDRES,,740,3025075626,60548,MANTEQUILLA CON SAL 1KG AP SIGMA FS,2,76.4,CUEVA RUIZ JEFFREY RICARTHY,,SANTIAGO DE SURCO,MCDO JORGE CHAVEZ PTO 176,-12.14598,-77.01356
07/02/2026,0752-CHORRILLOS,F7X-798,6352287,PAUCAR QUIROZ VICTOR ANDRES,,740,3025075626,60550,QUESO CREMA PHILADELP BRICK 180GR KRAFT,1.44,74.16,CUEVA RUIZ JEFFREY RICARTHY,,SANTIAGO DE SURCO,MCDO JORGE CHAVEZ PTO 176,-12.14598,-77.01356
07/02/2026,0752-CHORRILLOS,F7X-798,11605686,MONTOYA GARAY ARMINDA MODESTA,,740,3025062302,58768,JAMON PAVO 4.10KG AP BDT,4.1,191.84,CUEVA RUIZ JEFFREY RICARTHY,,SANTIAGO DE SURCO,MCDO JORGE CHAVEZ PTO 340,-12.14592,-77.01347
07/02/2026,0752-CHORRILLOS,F7X-798,11605686,MONTOYA GARAY ARMINDA MODESTA,,740,3025062302,58770,VIENESA 12CM PQ 5UN 175GR OK,1.05,22.17,CUEVA RUIZ JEFFREY RICARTHY,,SANTIAGO DE SURCO,MCDO JORGE CHAVEZ PTO 340,-12.14592,-77.01347
07/02/2026,0752-CHORRILLOS,F7X-798,11605686,MONTOYA GARAY ARMINDA MODESTA,,740,3025062302,58772,TOCINO CUL PQ 500GR 20GR 25LJ OK,6,169.46,CUEVA RUIZ JEFFREY RICARTHY,,SANTIAGO DE SURCO,MCDO JORGE CHAVEZ PTO 340,-12.14592,-77.01347
07/02/2026,0752-CHORRILLOS,F8W-748,6247258,SUPERMERCADOS PERUANOS S.A.,SPSA MAKRO VILLA EL SALVADOR,725,3025062888,58844,HAMBURGUESA PARRI MINI  600G OK,3.6,109.38,GUTIERREZ RAMOS JUAN JESUS,,VILLA EL SALVADOR,CALLE PANAMERICANA SUR MZ A LT 1 UR,-12.19303,-76.97083
07/02/2026,0752-CHORRILLOS,F8W-748,6247258,SUPERMERCADOS PERUANOS S.A.,SPSA MAKRO VILLA EL SALVADOR,725,3025062888,58846,HAMBURG DE RES PQ 8UN 85GR OK,10.88,261.6,GUTIERREZ RAMOS JUAN JESUS,,VILLA EL SALVADOR,CALLE PANAMERICANA SUR MZ A LT 1 UR,-12.19303,-76.97083
07/02/2026,0752-CHORRILLOS,F8W-748,6247258,SUPERMERCADOS PERUANOS S.A.,SPSA MAKRO VILLA EL SALVADOR,725,3025062888,58848,SUPER HAMBURG POLLO PQ 1.008KG SEGO,8.06,73.52,GUTIERREZ RAMOS JUAN JESUS,,VILLA EL SALVADOR,CALLE PANAMERICANA SUR MZ A LT 1 UR,-12.19303,-76.97083
07/02/2026,0752-CHORRILLOS,F8W-748,6247258,SUPERMERCADOS PERUANOS S.A.,SPSA MAKRO VILLA EL SALVADOR,725,3025062888,58850,HAMBURG RES PQ 14U SEGO,7.84,89.62,GUTIERREZ RAMOS JUAN JESUS,,VILLA EL SALVADOR,CALLE PANAMERICANA SUR MZ A LT 1 UR,-12.19303,-76.97083
07/02/2026,0752-CHORRILLOS,F8W-748,6247258,SUPERMERCADOS PERUANOS S.A.,SPSA MAKRO VILLA EL SALVADOR,725,3025062888,58852,SUPER HAMBURG RES PQ 1.008KG SEGO,16.13,150.78,GUTIERREZ RAMOS JUAN JESUS,,VILLA EL SALVADOR,CALLE PANAMERICANA SUR MZ A LT 1 UR,-12.19303,-76.97083
07/02/2026,0752-CHORRILLOS,F8W-748,6247258,SUPERMERCADOS PERUANOS S.A.,SPSA MAKRO VILLA EL SALVADOR,725,3025074230,60256,MOLIDA ECO CG UN 1KG SEGO,16,214.24,GUTIERREZ RAMOS JUAN JESUS,,VILLA EL SALVADOR,CALLE PANAMERICANA SUR MZ A LT 1 UR,-12.19303,-76.97083
07/02/2026,0752-CHORRILLOS,F8W-748,6247258,SUPERMERCADOS PERUANOS S.A.,SPSA MAKRO VILLA EL SALVADOR,725,3025074230,60258,MOLIDA CASERA CG UN 0.5KG SEGO,11.5,170.43,GUTIERREZ RAMOS JUAN JESUS,,VILLA EL SALVADOR,CALLE PANAMERICANA SUR MZ A LT 1 UR,-12.19303,-76.97083
07/02/2026,0752-CHORRILLOS,F8W-748,11598457,DICOLACSUR J & J EIRL,,704,3025087696,61938,QUESO CREMA PHILADELP BRICK 180GR KRAFT,8.64,427.54,GUTIERREZ RAMOS JUAN JESUS,,SAN JUAN DE MIRAFLORES,MZ A LT 23 COO VIVI ALIPIO PONCE,-12.17198,-76.97991
07/02/2026,0752-CHORRILLOS,F8W-748,11598457,DICOLACSUR J & J EIRL,,704,3025087696,61940,JAMONADA ESPECIAL PZ 3KG OK,18,378.27,GUTIERREZ RAMOS JUAN JESUS,,SAN JUAN DE MIRAFLORES,MZ A LT 23 COO VIVI ALIPIO PONCE,-12.17198,-76.97991
07/02/2026,0752-CHORRILLOS,F8W-748,11598457,DICOLACSUR J & J EIRL,,704,3025087696,61942,JAMONADA POLACA PZ 3KG OK,6,124.73,GUTIERREZ RAMOS JUAN JESUS,,SAN JUAN DE MIRAFLORES,MZ A LT 23 COO VIVI ALIPIO PONCE,-12.17198,-76.97991
07/02/2026,0752-CHORRILLOS,F8W-748,11598457,DICOLACSUR J & J EIRL,,704,3025087696,61944,VIENESA 12CM PQ 5UN 175GR OK,7,118.88,GUTIERREZ RAMOS JUAN JESUS,,SAN JUAN DE MIRAFLORES,MZ A LT 23 COO VIVI ALIPIO PONCE,-12.17198,-76.97991
07/02/2026,0752-CHORRILLOS,F8W-748,11598457,DICOLACSUR J & J EIRL,,704,3025087696,61946,JAMON DEL PAIS 3.3KG SEGO,9.9,178.44,GUTIERREZ RAMOS JUAN JESUS,,SAN JUAN DE MIRAFLORES,MZ A LT 23 COO VIVI ALIPIO PONCE,-12.17198,-76.97991
07/02/2026,0752-CHORRILLOS,F8W-748,11598457,DICOLACSUR J & J EIRL,,704,3025087696,61948,CHORIZO PREC PQ 0.5KG SEGO,60,951.72,GUTIERREZ RAMOS JUAN JESUS,,SAN JUAN DE MIRAFLORES,MZ A LT 23 COO VIVI ALIPIO PONCE,-12.17198,-76.97991
07/02/2026,0752-CHORRILLOS,F8W-748,11748181,INVERSIONES WAA SAC,,711,3025030429,57844,ENTRANA FIN HIG CHO AG USA CG PZA4KG BC,96,7872.02,GUTIERREZ RAMOS JUAN JESUS,,SANTIAGO DE SURCO,JR CHAMOT BIGGS MZ A LT 19 DPTO SSG,-12.15143,-76.99185
07/02/2026,0752-CHORRILLOS,F8W-748,11748181,INVERSIONES WAA SAC,,711,3025030429,57846,ASADO TIRA CHO USA 1.3KG AP OK,52,2860,GUTIERREZ RAMOS JUAN JESUS,,SANTIAGO DE SURCO,JR CHAMOT BIGGS MZ A LT 19 DPTO SSG,-12.15143,-76.99185
07/02/2026,0752-CHORRILLOS,F8W-748,11748181,INVERSIONES WAA SAC,,711,3025030429,57848,BIFE ANGOSTO H/CHO AG USA CG 5KG AP SCE,42.88,4931.2,GUTIERREZ RAMOS JUAN JESUS,,SANTIAGO DE SURCO,JR CHAMOT BIGGS MZ A LT 19 DPTO SSG,-12.15143,-76.99185
07/02/2026,0752-CHORRILLOS,F8W-748,11748181,INVERSIONES WAA SAC,,711,3025030429,57850,COLITA CUAD CHO AG USA CG 6.5KG AP MT,182,8590.44,GUTIERREZ RAMOS JUAN JESUS,,SANTIAGO DE SURCO,JR CHAMOT BIGGS MZ A LT 19 DPTO SSG,-12.15143,-76.99185
07/02/2026,0752-CHORRILLOS,FRT-001,6245393,HIPERMERCADOS TOTTUS SA,TOTTUS HUACHIPA,727,3025028060,57814,PACK J AMERICANO Y EDAM 360GR SEGO,82.8,1702,unknown,,LURIGANCHO,LOTE. 6 EX FUNDO NIEVERIA (ACUM LOTE A-1 6 7 Y 8 PARCELA A),-11.99779,-76.92148
07/02/2026,0752-CHORRILLOS,FRT-001,11752064,FRANQUICIAS FRAP SAC  FRAP SAC,,719,3025076534,60590,TOCINO AHUMADO 1KG BDT,3,120.92,unknown,,SAN BORJA,AV ANGAMOS ESTE 2681,-12.11032,-77.00185
07/02/2026,0752-CHORRILLOS,FRT-001,11602266,COSTA DEL SOL PUCALLPA SAC,CDS PUCALLPA E,CF1,3025067876,59474,QUESO DE VACA FRESCO 3KG AP DUMAN,18,378,unknown,,CALLERIA,AV SAN MARTIN NRO 200,-8.37806,-74.56024
07/02/2026,0752-CHORRILLOS,FRT-001,11602266,COSTA DEL SOL PUCALLPA SAC,CDS PUCALLPA E,CF1,3025067876,59476,QUESO PARIA REGIONAL 0.8KG AP DUMAN,8,288,unknown,,CALLERIA,AV SAN MARTIN NRO 200,-8.37806,-74.56024
07/02/2026,0752-CHORRILLOS,FRT-001,11602266,COSTA DEL SOL PUCALLPA SAC,CDS PUCALLPA E,CF1,3025067876,59478,SALCH FRANK ALEM COCK PQ 220GR OK,4.4,114.31,unknown,,CALLERIA,AV SAN MARTIN NRO 200,-8.37806,-74.56024
07/02/2026,0752-CHORRILLOS,FRT-001,11683161,ACTIVIDADES Y SERVICIOS COMERC,,CE5,3025062830,58832,CHORIZO PARRI PREC 1KG BDT,60,1174.42,unknown,,EL TAMBO,AV TAHUANTINSUYO 941,-12.04713,-75.22164
07/02/2026,0752-CHORRILLOS,FRT-001,11683161,ACTIVIDADES Y SERVICIOS COMERC,,CE5,3025062830,58834,PHILADELPHIA ORIGINAL TUB 150GR KRAFT,0.45,25.45,unknown,,EL TAMBO,AV TAHUANTINSUYO 941,-12.04713,-75.22164
